=== Starting run: current_easyhard_FoodAgr ===
2025/08/20 23:03:08 Parsing output variable expressions...
2025/08/20 23:03:08 Loading emissions shapefile: /Users/yunhalee/Documents/LOCAETA/RCM/INMAP/evaldata_v1.6.1/2020_nei_emissions/airports_1.shp.
2025/08/20 23:03:09 Loading emissions shapefile: /Users/yunhalee/Documents/LOCAETA/RCM/INMAP/evaldata_v1.6.1/2020_nei_emissions/ptagfire_1.shp.
2025/08/20 23:03:10 Loading emissions shapefile: /Users/yunhalee/Documents/LOCAETA/RCM/INMAP/evaldata_v1.6.1/2020_nei_emissions/rwc_1.shp.
2025/08/20 23:03:20 Loading emissions shapefile: /Users/yunhalee/Documents/LOCAETA/RCM/INMAP/evaldata_v1.6.1/2020_nei_emissions/nonpt_1.shp.
2025/08/20 23:04:03 Loading emissions shapefile: /Users/yunhalee/Documents/LOCAETA/RCM/INMAP/evaldata_v1.6.1/2020_nei_emissions/cmv_c3_1.shp.
2025/08/20 23:04:04 Loading emissions shapefile: /Users/yunhalee/Documents/LOCAETA/RCM/INMAP/evaldata_v1.6.1/2020_nei_emissions/np_oilgas_1.shp.
2025/08/20 23:04:10 Loading emissions shapefile: /Users/yunhalee/Documents/LOCAETA/RCM/INMAP/evaldata_v1.6.1/2020_nei_emissions/ptfire-wild_1.shp.
2025/08/20 23:04:10 Loading emissions shapefile: /Users/yunhalee/Documents/LOCAETA/RCM/INMAP/evaldata_v1.6.1/2020_nei_emissions/ptfire-rx_1.shp.
2025/08/20 23:04:13 Loading emissions shapefile: /Users/yunhalee/Documents/LOCAETA/RCM/INMAP/evaldata_v1.6.1/2020_nei_emissions/cmv_c1c2_1.shp.
2025/08/20 23:04:14 Loading emissions shapefile: /Users/yunhalee/Documents/LOCAETA/Electrification/Food&Agr/current_easyhard_FoodAgr_pp.shp.
2025/08/20 23:04:14 Loading emissions shapefile: /Users/yunhalee/Documents/LOCAETA/Electrification/Food&Agr/current_easyhard_FoodAgr_rest_NEI.shp.
2025/08/20 23:04:22 Loading emissions shapefile: /Users/yunhalee/Documents/LOCAETA/Electrification/Food&Agr/current_easyhard_FoodAgr.shp.
2025/08/20 23:04:22 Loading emissions shapefile: /Users/yunhalee/Documents/LOCAETA/RCM/INMAP/evaldata_v1.6.1/2020_nei_emissions/livestock_1.shp.
2025/08/20 23:04:27 Loading emissions shapefile: /Users/yunhalee/Documents/LOCAETA/RCM/INMAP/evaldata_v1.6.1/2020_nei_emissions/np_solvents_1.shp.
2025/08/20 23:04:46 Loading emissions shapefile: /Users/yunhalee/Documents/LOCAETA/RCM/INMAP/evaldata_v1.6.1/2020_nei_emissions/fertilizer_1.shp.
2025/08/20 23:04:47 Loading emissions shapefile: /Users/yunhalee/Documents/LOCAETA/RCM/INMAP/evaldata_v1.6.1/2020_nei_emissions/2020ha2_cb6_20k_afdust_adj_12US1_annual.shp.
2025/08/20 23:04:48 Loading emissions shapefile: /Users/yunhalee/Documents/LOCAETA/RCM/INMAP/evaldata_v1.6.1/2020_nei_emissions/nonroad_1.shp.
2025/08/20 23:04:49 Loading emissions shapefile: /Users/yunhalee/Documents/LOCAETA/RCM/INMAP/evaldata_v1.6.1/2020_nei_emissions/nonroad_2.shp.
2025/08/20 23:05:22 Loading emissions shapefile: /Users/yunhalee/Documents/LOCAETA/RCM/INMAP/evaldata_v1.6.1/2020_nei_emissions/2020ha_cb6_20k_rail_12US1_annual.shp.
2025/08/20 23:05:23 Loading emissions shapefile: /Users/yunhalee/Documents/LOCAETA/RCM/INMAP/evaldata_v1.6.1/2020_nei_emissions/2020ha2_cb6_20k_onroad_ca_adj_diesel_12US1_annual.shp.
2025/08/20 23:05:23 Loading emissions shapefile: /Users/yunhalee/Documents/LOCAETA/RCM/INMAP/evaldata_v1.6.1/2020_nei_emissions/2020ha2_cb6_20k_onroad_ca_adj_gas_12US1_annual.shp.
2025/08/20 23:05:23 Loading emissions shapefile: /Users/yunhalee/Documents/LOCAETA/RCM/INMAP/evaldata_v1.6.1/2020_nei_emissions/2020ha2_cb6_20k_onroad_diesel_12US1_annual.shp.
2025/08/20 23:05:23 Loading emissions shapefile: /Users/yunhalee/Documents/LOCAETA/RCM/INMAP/evaldata_v1.6.1/2020_nei_emissions/2020ha2_cb6_20k_onroad_gas_12US1_annual.shp.
2025/08/20 23:05:24 Initializing model...
2025/08/20 23:11:39 Emission totals:
2025/08/20 23:11:39 gOrg, 5.1481531707264935e+11 μg/s
2025/08/20 23:11:39 pOrg, 0 μg/s
2025/08/20 23:11:39 PM2_5, 1.371841763374234e+11 μg/s
2025/08/20 23:11:39 gNH, 1.290476305603585e+11 μg/s
2025/08/20 23:11:39 pNH, 0 μg/s
2025/08/20 23:11:39 gS, 3.428109307309133e+10 μg/s
2025/08/20 23:11:39 pS, 0 μg/s
2025/08/20 23:11:39 gNO, 9.914220108092014e+10 μg/s
2025/08/20 23:11:39 pNO, 0 μg/s
2025/08/20 23:11:39 iteration 1     walltime= 0.104h  Δwalltime=3.7e+02s  timestep=17s  day=0.000196
2025/08/20 23:11:40 iteration 19    walltime= 0.105h  Δwalltime=0.072s  timestep=17s  day=0.00373
2025/08/20 23:11:42 iteration 47    walltime= 0.105h  Δwalltime=0.08s  timestep=17s  day=0.00922
2025/08/20 23:11:44 iteration 73    walltime= 0.106h  Δwalltime=0.074s  timestep=17s  day=0.0143
2025/08/20 23:11:46 iteration 100   walltime= 0.106h  Δwalltime=0.072s  timestep=17s  day=0.0196
2025/08/20 23:11:48 iteration 127   walltime= 0.107h  Δwalltime=0.084s  timestep=17s  day=0.0249
2025/08/20 23:11:50 iteration 154   walltime= 0.107h  Δwalltime=0.088s  timestep=17s  day=0.0302
2025/08/20 23:11:52 iteration 180   walltime= 0.108h  Δwalltime=0.081s  timestep=17s  day=0.0353
2025/08/20 23:11:54 iteration 207   walltime= 0.108h  Δwalltime=0.075s  timestep=17s  day=0.0406
2025/08/20 23:11:56 iteration 232   walltime= 0.109h  Δwalltime=0.07s  timestep=17s  day=0.0455
2025/08/20 23:11:58 iteration 260   walltime=  0.11h  Δwalltime=0.075s  timestep=17s  day=0.051
2025/08/20 23:12:00 iteration 287   walltime=  0.11h  Δwalltime=0.083s  timestep=17s  day=0.0563
2025/08/20 23:12:02 iteration 313   walltime= 0.111h  Δwalltime=0.088s  timestep=17s  day=0.0614
2025/08/20 23:12:04 iteration 340   walltime= 0.111h  Δwalltime=0.071s  timestep=17s  day=0.0667
2025/08/20 23:12:06 iteration 367   walltime= 0.112h  Δwalltime=0.067s  timestep=17s  day=0.072
2025/08/20 23:12:08 iteration 393   walltime= 0.112h  Δwalltime=0.07s  timestep=17s  day=0.0771
2025/08/20 23:12:10 iteration 420   walltime= 0.113h  Δwalltime=0.07s  timestep=17s  day=0.0824
2025/08/20 23:12:12 iteration 447   walltime= 0.113h  Δwalltime=0.079s  timestep=17s  day=0.0877
2025/08/20 23:12:14 iteration 474   walltime= 0.114h  Δwalltime=0.077s  timestep=17s  day=0.093
2025/08/20 23:12:16 iteration 501   walltime= 0.115h  Δwalltime=0.071s  timestep=17s  day=0.0982
2025/08/20 23:12:18 iteration 527   walltime= 0.115h  Δwalltime=0.08s  timestep=17s  day=0.103
2025/08/20 23:12:20 iteration 554   walltime= 0.116h  Δwalltime=0.07s  timestep=17s  day=0.109
2025/08/20 23:12:22 iteration 581   walltime= 0.116h  Δwalltime=0.07s  timestep=17s  day=0.114
2025/08/20 23:12:24 iteration 607   walltime= 0.117h  Δwalltime=0.07s  timestep=17s  day=0.119
2025/08/20 23:12:26 iteration 634   walltime= 0.117h  Δwalltime=0.071s  timestep=17s  day=0.124
2025/08/20 23:12:27 Percent change since last convergence check:
VOC:			+Inf%
VOC pop-wtd:		+Inf%
SOA:			+Inf%
SOA pop-wtd:		+Inf%
PrimaryPM25:		+Inf%
PrimaryPM25 pop-wtd:	+Inf%
NH3:			+Inf%
NH3 pop-wtd:		+Inf%
pNH4:			+Inf%
pNH4 pop-wtd:		+Inf%
SOx:			+Inf%
SOx pop-wtd:		+Inf%
pSO4:			+Inf%
pSO4 pop-wtd:		+Inf%
NOx:			+Inf%
NOx pop-wtd:		+Inf%
pNO3:			+Inf%
pNO3 pop-wtd:		+Inf%
2025/08/20 23:12:28 iteration 659   walltime= 0.118h  Δwalltime=0.072s  timestep=17s  day=0.129
2025/08/20 23:12:30 iteration 686   walltime= 0.118h  Δwalltime=0.07s  timestep=17s  day=0.135
2025/08/20 23:12:32 iteration 714   walltime= 0.119h  Δwalltime=0.085s  timestep=17s  day=0.14
2025/08/20 23:12:34 iteration 741   walltime=  0.12h  Δwalltime=0.069s  timestep=17s  day=0.145
2025/08/20 23:12:36 iteration 767   walltime=  0.12h  Δwalltime=0.068s  timestep=17s  day=0.15
2025/08/20 23:12:38 iteration 794   walltime= 0.121h  Δwalltime=0.074s  timestep=17s  day=0.156
2025/08/20 23:12:40 iteration 821   walltime= 0.121h  Δwalltime=0.077s  timestep=17s  day=0.161
2025/08/20 23:12:42 iteration 847   walltime= 0.122h  Δwalltime=0.075s  timestep=17s  day=0.166
2025/08/20 23:12:44 iteration 874   walltime= 0.122h  Δwalltime=0.069s  timestep=17s  day=0.171
2025/08/20 23:12:46 iteration 900   walltime= 0.123h  Δwalltime=0.085s  timestep=17s  day=0.176
2025/08/20 23:12:48 iteration 927   walltime= 0.123h  Δwalltime=0.069s  timestep=17s  day=0.182
2025/08/20 23:12:50 iteration 953   walltime= 0.124h  Δwalltime=0.085s  timestep=17s  day=0.187
2025/08/20 23:12:52 iteration 978   walltime= 0.125h  Δwalltime=0.081s  timestep=17s  day=0.192
2025/08/20 23:12:54 iteration 1005  walltime= 0.125h  Δwalltime=0.075s  timestep=17s  day=0.197
2025/08/20 23:12:56 iteration 1032  walltime= 0.126h  Δwalltime=0.07s  timestep=17s  day=0.202
2025/08/20 23:12:58 iteration 1059  walltime= 0.126h  Δwalltime=0.071s  timestep=17s  day=0.208
2025/08/20 23:13:00 iteration 1087  walltime= 0.127h  Δwalltime=0.072s  timestep=17s  day=0.213
2025/08/20 23:13:02 iteration 1114  walltime= 0.127h  Δwalltime=0.072s  timestep=17s  day=0.218
2025/08/20 23:13:04 iteration 1140  walltime= 0.128h  Δwalltime=0.07s  timestep=17s  day=0.224
2025/08/20 23:13:06 iteration 1166  walltime= 0.128h  Δwalltime=0.069s  timestep=17s  day=0.229
2025/08/20 23:13:08 iteration 1194  walltime= 0.129h  Δwalltime=0.07s  timestep=17s  day=0.234
2025/08/20 23:13:10 iteration 1220  walltime=  0.13h  Δwalltime=0.07s  timestep=17s  day=0.239
2025/08/20 23:13:12 iteration 1247  walltime=  0.13h  Δwalltime=0.076s  timestep=17s  day=0.245
2025/08/20 23:13:14 iteration 1273  walltime= 0.131h  Δwalltime=0.095s  timestep=17s  day=0.25
2025/08/20 23:13:15 Percent change since last convergence check:
VOC:			83%
VOC pop-wtd:		19%
SOA:			99%
SOA pop-wtd:		21%
PrimaryPM25:		84%
PrimaryPM25 pop-wtd:	21%
NH3:			83%
NH3 pop-wtd:		33%
pNH4:			1e+02%
pNH4 pop-wtd:		31%
SOx:			72%
SOx pop-wtd:		31%
pSO4:			2.6e+02%
pSO4 pop-wtd:		1.7e+02%
NOx:			95%
NOx pop-wtd:		24%
pNO3:			1.1e+02%
pNO3 pop-wtd:		29%
2025/08/20 23:13:16 iteration 1295  walltime= 0.131h  Δwalltime=0.069s  timestep=17s  day=0.254
2025/08/20 23:13:18 iteration 1323  walltime= 0.132h  Δwalltime=0.069s  timestep=17s  day=0.259
2025/08/20 23:13:20 iteration 1350  walltime= 0.132h  Δwalltime=0.083s  timestep=17s  day=0.265
2025/08/20 23:13:22 iteration 1377  walltime= 0.133h  Δwalltime=0.083s  timestep=17s  day=0.27
2025/08/20 23:13:24 iteration 1404  walltime= 0.133h  Δwalltime=0.073s  timestep=17s  day=0.275
2025/08/20 23:13:26 iteration 1430  walltime= 0.134h  Δwalltime=0.07s  timestep=17s  day=0.28
2025/08/20 23:13:28 iteration 1457  walltime= 0.135h  Δwalltime=0.077s  timestep=17s  day=0.286
2025/08/20 23:13:30 iteration 1483  walltime= 0.135h  Δwalltime=0.075s  timestep=17s  day=0.291
2025/08/20 23:13:32 iteration 1509  walltime= 0.136h  Δwalltime=0.077s  timestep=17s  day=0.296
2025/08/20 23:13:34 iteration 1537  walltime= 0.136h  Δwalltime=0.081s  timestep=17s  day=0.301
2025/08/20 23:13:36 iteration 1564  walltime= 0.137h  Δwalltime=0.071s  timestep=17s  day=0.307
2025/08/20 23:13:38 iteration 1590  walltime= 0.137h  Δwalltime=0.069s  timestep=17s  day=0.312
2025/08/20 23:13:40 iteration 1615  walltime= 0.138h  Δwalltime=0.071s  timestep=17s  day=0.317
2025/08/20 23:13:42 iteration 1642  walltime= 0.138h  Δwalltime=0.081s  timestep=17s  day=0.322
2025/08/20 23:13:44 iteration 1668  walltime= 0.139h  Δwalltime=0.07s  timestep=17s  day=0.327
2025/08/20 23:13:46 iteration 1695  walltime=  0.14h  Δwalltime=0.069s  timestep=17s  day=0.332
2025/08/20 23:13:48 iteration 1722  walltime=  0.14h  Δwalltime=0.08s  timestep=17s  day=0.338
2025/08/20 23:13:50 iteration 1748  walltime= 0.141h  Δwalltime=0.077s  timestep=17s  day=0.343
2025/08/20 23:13:52 iteration 1775  walltime= 0.141h  Δwalltime=0.073s  timestep=17s  day=0.348
2025/08/20 23:13:54 iteration 1801  walltime= 0.142h  Δwalltime=0.07s  timestep=17s  day=0.353
2025/08/20 23:13:56 iteration 1828  walltime= 0.142h  Δwalltime=0.08s  timestep=17s  day=0.358
2025/08/20 23:13:58 iteration 1855  walltime= 0.143h  Δwalltime=0.07s  timestep=17s  day=0.364
2025/08/20 23:14:00 iteration 1881  walltime= 0.143h  Δwalltime=0.088s  timestep=17s  day=0.369
2025/08/20 23:14:02 iteration 1907  walltime= 0.144h  Δwalltime=0.083s  timestep=17s  day=0.374
2025/08/20 23:14:03 Percent change since last convergence check:
VOC:			40%
VOC pop-wtd:		8%
SOA:			48%
SOA pop-wtd:		9.9%
PrimaryPM25:		40%
PrimaryPM25 pop-wtd:	9%
NH3:			40%
NH3 pop-wtd:		17%
pNH4:			49%
pNH4 pop-wtd:		17%
SOx:			31%
SOx pop-wtd:		12%
pSO4:			99%
pSO4 pop-wtd:		64%
NOx:			47%
NOx pop-wtd:		11%
pNO3:			55%
pNO3 pop-wtd:		14%
2025/08/20 23:14:04 iteration 1933  walltime= 0.145h  Δwalltime=0.069s  timestep=17s  day=0.379
2025/08/20 23:14:06 iteration 1959  walltime= 0.145h  Δwalltime=0.076s  timestep=17s  day=0.384
2025/08/20 23:14:08 iteration 1987  walltime= 0.146h  Δwalltime=0.071s  timestep=17s  day=0.39
2025/08/20 23:14:10 iteration 2013  walltime= 0.146h  Δwalltime=0.07s  timestep=17s  day=0.395
2025/08/20 23:14:12 iteration 2039  walltime= 0.147h  Δwalltime=0.087s  timestep=17s  day=0.4
2025/08/20 23:14:14 iteration 2065  walltime= 0.147h  Δwalltime=0.072s  timestep=17s  day=0.405
2025/08/20 23:14:16 iteration 2092  walltime= 0.148h  Δwalltime=0.088s  timestep=17s  day=0.41
2025/08/20 23:14:18 iteration 2119  walltime= 0.148h  Δwalltime=0.071s  timestep=17s  day=0.416
2025/08/20 23:14:20 iteration 2146  walltime= 0.149h  Δwalltime=0.07s  timestep=17s  day=0.421
2025/08/20 23:14:22 iteration 2172  walltime= 0.149h  Δwalltime=0.081s  timestep=17s  day=0.426
2025/08/20 23:14:24 iteration 2198  walltime=  0.15h  Δwalltime=0.073s  timestep=17s  day=0.431
2025/08/20 23:14:26 iteration 2226  walltime= 0.151h  Δwalltime=0.07s  timestep=17s  day=0.437
2025/08/20 23:14:28 iteration 2252  walltime= 0.151h  Δwalltime=0.07s  timestep=17s  day=0.442
2025/08/20 23:14:30 iteration 2280  walltime= 0.152h  Δwalltime=0.071s  timestep=17s  day=0.447
2025/08/20 23:14:32 iteration 2305  walltime= 0.152h  Δwalltime=0.076s  timestep=17s  day=0.452
2025/08/20 23:14:34 iteration 2330  walltime= 0.153h  Δwalltime=0.071s  timestep=17s  day=0.457
2025/08/20 23:14:36 iteration 2358  walltime= 0.153h  Δwalltime=0.07s  timestep=17s  day=0.462
2025/08/20 23:14:38 iteration 2384  walltime= 0.154h  Δwalltime=0.068s  timestep=17s  day=0.468
2025/08/20 23:14:40 iteration 2410  walltime= 0.155h  Δwalltime=0.073s  timestep=17s  day=0.473
2025/08/20 23:14:42 iteration 2437  walltime= 0.155h  Δwalltime=0.07s  timestep=17s  day=0.478
2025/08/20 23:14:44 iteration 2465  walltime= 0.156h  Δwalltime=0.074s  timestep=17s  day=0.483
2025/08/20 23:14:46 iteration 2491  walltime= 0.156h  Δwalltime=0.075s  timestep=17s  day=0.488
2025/08/20 23:14:48 iteration 2518  walltime= 0.157h  Δwalltime=0.071s  timestep=17s  day=0.494
2025/08/20 23:14:50 iteration 2544  walltime= 0.157h  Δwalltime=0.079s  timestep=17s  day=0.499
2025/08/20 23:14:51 Percent change since last convergence check:
VOC:			26%
VOC pop-wtd:		4.6%
SOA:			32%
SOA pop-wtd:		6.1%
PrimaryPM25:		26%
PrimaryPM25 pop-wtd:	5.3%
NH3:			26%
NH3 pop-wtd:		11%
pNH4:			32%
pNH4 pop-wtd:		11%
SOx:			18%
SOx pop-wtd:		6.3%
pSO4:			57%
pSO4 pop-wtd:		37%
NOx:			31%
NOx pop-wtd:		6.7%
pNO3:			36%
pNO3 pop-wtd:		9.5%
2025/08/20 23:14:52 iteration 2569  walltime= 0.158h  Δwalltime=0.072s  timestep=17s  day=0.504
2025/08/20 23:14:54 iteration 2596  walltime= 0.158h  Δwalltime=0.07s  timestep=17s  day=0.509
2025/08/20 23:14:56 iteration 2622  walltime= 0.159h  Δwalltime=0.082s  timestep=17s  day=0.514
2025/08/20 23:14:58 iteration 2649  walltime=  0.16h  Δwalltime=0.07s  timestep=17s  day=0.519
2025/08/20 23:15:00 iteration 2677  walltime=  0.16h  Δwalltime=0.073s  timestep=17s  day=0.525
2025/08/20 23:15:02 iteration 2702  walltime= 0.161h  Δwalltime=0.079s  timestep=17s  day=0.53
2025/08/20 23:15:04 iteration 2729  walltime= 0.161h  Δwalltime=0.073s  timestep=17s  day=0.535
2025/08/20 23:15:06 iteration 2752  walltime= 0.162h  Δwalltime=0.082s  timestep=17s  day=0.54
2025/08/20 23:15:08 iteration 2778  walltime= 0.162h  Δwalltime=0.068s  timestep=17s  day=0.545
2025/08/20 23:15:10 iteration 2804  walltime= 0.163h  Δwalltime=0.069s  timestep=17s  day=0.55
2025/08/20 23:15:12 iteration 2832  walltime= 0.163h  Δwalltime=0.086s  timestep=17s  day=0.555
2025/08/20 23:15:14 iteration 2858  walltime= 0.164h  Δwalltime=0.072s  timestep=17s  day=0.56
2025/08/20 23:15:16 iteration 2884  walltime= 0.165h  Δwalltime=0.071s  timestep=17s  day=0.566
2025/08/20 23:15:18 iteration 2911  walltime= 0.165h  Δwalltime=0.072s  timestep=17s  day=0.571
2025/08/20 23:15:20 iteration 2937  walltime= 0.166h  Δwalltime=0.068s  timestep=17s  day=0.576
2025/08/20 23:15:22 iteration 2964  walltime= 0.166h  Δwalltime=0.072s  timestep=17s  day=0.581
2025/08/20 23:15:24 iteration 2991  walltime= 0.167h  Δwalltime=0.087s  timestep=17s  day=0.587
2025/08/20 23:15:26 iteration 3018  walltime= 0.167h  Δwalltime=0.07s  timestep=17s  day=0.592
2025/08/20 23:15:28 iteration 3045  walltime= 0.168h  Δwalltime=0.07s  timestep=17s  day=0.597
2025/08/20 23:15:30 iteration 3072  walltime= 0.168h  Δwalltime=0.068s  timestep=17s  day=0.602
2025/08/20 23:15:32 iteration 3098  walltime= 0.169h  Δwalltime=0.091s  timestep=17s  day=0.608
2025/08/20 23:15:34 iteration 3124  walltime= 0.169h  Δwalltime=0.072s  timestep=17s  day=0.613
2025/08/20 23:15:36 iteration 3150  walltime=  0.17h  Δwalltime=0.069s  timestep=17s  day=0.618
2025/08/20 23:15:38 iteration 3177  walltime= 0.171h  Δwalltime=0.07s  timestep=17s  day=0.623
2025/08/20 23:15:40 Percent change since last convergence check:
VOC:			19%
VOC pop-wtd:		3.1%
SOA:			23%
SOA pop-wtd:		4.2%
PrimaryPM25:		19%
PrimaryPM25 pop-wtd:	3.6%
NH3:			18%
NH3 pop-wtd:		8.2%
pNH4:			24%
pNH4 pop-wtd:		8.3%
SOx:			12%
SOx pop-wtd:		3.9%
pSO4:			38%
pSO4 pop-wtd:		25%
NOx:			23%
NOx pop-wtd:		4.8%
pNO3:			26%
pNO3 pop-wtd:		7.1%
2025/08/20 23:15:40 iteration 3201  walltime= 0.171h  Δwalltime=0.072s  timestep=17s  day=0.628
2025/08/20 23:15:42 iteration 3227  walltime= 0.172h  Δwalltime=0.073s  timestep=17s  day=0.633
2025/08/20 23:15:44 iteration 3254  walltime= 0.172h  Δwalltime=0.07s  timestep=17s  day=0.638
2025/08/20 23:15:46 iteration 3281  walltime= 0.173h  Δwalltime=0.069s  timestep=17s  day=0.643
2025/08/20 23:15:48 iteration 3307  walltime= 0.173h  Δwalltime=0.068s  timestep=17s  day=0.649
2025/08/20 23:15:50 iteration 3335  walltime= 0.174h  Δwalltime=0.07s  timestep=17s  day=0.654
2025/08/20 23:15:52 iteration 3362  walltime= 0.175h  Δwalltime=0.072s  timestep=17s  day=0.659
2025/08/20 23:15:54 iteration 3388  walltime= 0.175h  Δwalltime=0.085s  timestep=17s  day=0.664
2025/08/20 23:15:56 iteration 3414  walltime= 0.176h  Δwalltime=0.07s  timestep=17s  day=0.669
2025/08/20 23:15:58 iteration 3441  walltime= 0.176h  Δwalltime=0.086s  timestep=17s  day=0.675
2025/08/20 23:16:00 iteration 3467  walltime= 0.177h  Δwalltime=0.071s  timestep=17s  day=0.68
2025/08/20 23:16:02 iteration 3495  walltime= 0.177h  Δwalltime=0.074s  timestep=17s  day=0.685
2025/08/20 23:16:04 iteration 3521  walltime= 0.178h  Δwalltime=0.081s  timestep=17s  day=0.69
2025/08/20 23:16:06 iteration 3548  walltime= 0.178h  Δwalltime=0.07s  timestep=17s  day=0.696
2025/08/20 23:16:08 iteration 3575  walltime= 0.179h  Δwalltime=0.071s  timestep=17s  day=0.701
2025/08/20 23:16:10 iteration 3602  walltime=  0.18h  Δwalltime=0.073s  timestep=17s  day=0.706
2025/08/20 23:16:12 iteration 3628  walltime=  0.18h  Δwalltime=0.071s  timestep=17s  day=0.711
2025/08/20 23:16:14 iteration 3655  walltime= 0.181h  Δwalltime=0.08s  timestep=17s  day=0.717
2025/08/20 23:16:16 iteration 3680  walltime= 0.181h  Δwalltime=0.077s  timestep=17s  day=0.722
2025/08/20 23:16:18 iteration 3705  walltime= 0.182h  Δwalltime=0.07s  timestep=17s  day=0.727
2025/08/20 23:16:20 iteration 3732  walltime= 0.182h  Δwalltime=0.074s  timestep=17s  day=0.732
2025/08/20 23:16:22 iteration 3758  walltime= 0.183h  Δwalltime=0.082s  timestep=17s  day=0.737
2025/08/20 23:16:24 iteration 3784  walltime= 0.183h  Δwalltime=0.075s  timestep=17s  day=0.742
2025/08/20 23:16:26 iteration 3810  walltime= 0.184h  Δwalltime=0.089s  timestep=17s  day=0.747
2025/08/20 23:16:28 Percent change since last convergence check:
VOC:			15%
VOC pop-wtd:		2.3%
SOA:			18%
SOA pop-wtd:		3.2%
PrimaryPM25:		14%
PrimaryPM25 pop-wtd:	2.6%
NH3:			14%
NH3 pop-wtd:		6.4%
pNH4:			18%
pNH4 pop-wtd:		6.4%
SOx:			8.1%
SOx pop-wtd:		2.6%
pSO4:			28%
pSO4 pop-wtd:		18%
NOx:			18%
NOx pop-wtd:		3.8%
pNO3:			21%
pNO3 pop-wtd:		5.7%
2025/08/20 23:16:28 iteration 3834  walltime= 0.184h  Δwalltime=0.07s  timestep=17s  day=0.752
2025/08/20 23:16:30 iteration 3862  walltime= 0.185h  Δwalltime=0.071s  timestep=17s  day=0.757
2025/08/20 23:16:32 iteration 3888  walltime= 0.186h  Δwalltime=0.083s  timestep=17s  day=0.762
2025/08/20 23:16:34 iteration 3915  walltime= 0.186h  Δwalltime=0.09s  timestep=17s  day=0.768
2025/08/20 23:16:36 iteration 3941  walltime= 0.187h  Δwalltime=0.07s  timestep=17s  day=0.773
2025/08/20 23:16:38 iteration 3965  walltime= 0.187h  Δwalltime=0.073s  timestep=17s  day=0.778
2025/08/20 23:16:40 iteration 3992  walltime= 0.188h  Δwalltime=0.073s  timestep=17s  day=0.783
2025/08/20 23:16:42 iteration 4018  walltime= 0.188h  Δwalltime=0.07s  timestep=17s  day=0.788
2025/08/20 23:16:44 iteration 4044  walltime= 0.189h  Δwalltime=0.069s  timestep=17s  day=0.793
2025/08/20 23:16:46 iteration 4071  walltime=  0.19h  Δwalltime=0.07s  timestep=17s  day=0.798
2025/08/20 23:16:48 iteration 4098  walltime=  0.19h  Δwalltime=0.069s  timestep=17s  day=0.804
2025/08/20 23:16:50 iteration 4123  walltime= 0.191h  Δwalltime=0.07s  timestep=17s  day=0.809
2025/08/20 23:16:52 iteration 4151  walltime= 0.191h  Δwalltime=0.071s  timestep=17s  day=0.814
2025/08/20 23:16:54 iteration 4177  walltime= 0.192h  Δwalltime=0.071s  timestep=17s  day=0.819
2025/08/20 23:16:56 iteration 4203  walltime= 0.192h  Δwalltime=0.071s  timestep=17s  day=0.824
2025/08/20 23:16:58 iteration 4230  walltime= 0.193h  Δwalltime=0.072s  timestep=17s  day=0.83
2025/08/20 23:17:00 iteration 4257  walltime= 0.193h  Δwalltime=0.081s  timestep=17s  day=0.835
2025/08/20 23:17:02 iteration 4283  walltime= 0.194h  Δwalltime=0.073s  timestep=17s  day=0.84
2025/08/20 23:17:04 iteration 4309  walltime= 0.195h  Δwalltime=0.083s  timestep=17s  day=0.845
2025/08/20 23:17:06 iteration 4334  walltime= 0.195h  Δwalltime=0.082s  timestep=17s  day=0.85
2025/08/20 23:17:08 iteration 4361  walltime= 0.196h  Δwalltime=0.069s  timestep=17s  day=0.855
2025/08/20 23:17:10 iteration 4388  walltime= 0.196h  Δwalltime=0.082s  timestep=17s  day=0.86
2025/08/20 23:17:12 iteration 4413  walltime= 0.197h  Δwalltime=0.071s  timestep=17s  day=0.865
2025/08/20 23:17:14 iteration 4440  walltime= 0.197h  Δwalltime=0.073s  timestep=17s  day=0.871
2025/08/20 23:17:16 iteration 4466  walltime= 0.198h  Δwalltime=0.072s  timestep=17s  day=0.876
2025/08/20 23:17:17 Percent change since last convergence check:
VOC:			12%
VOC pop-wtd:		1.8%
SOA:			15%
SOA pop-wtd:		2.5%
PrimaryPM25:		12%
PrimaryPM25 pop-wtd:	2%
NH3:			11%
NH3 pop-wtd:		5.2%
pNH4:			15%
pNH4 pop-wtd:		5.2%
SOx:			5.9%
SOx pop-wtd:		1.8%
pSO4:			22%
pSO4 pop-wtd:		14%
NOx:			15%
NOx pop-wtd:		3.1%
pNO3:			17%
pNO3 pop-wtd:		4.7%
2025/08/20 23:17:18 iteration 4490  walltime= 0.198h  Δwalltime=0.071s  timestep=17s  day=0.88
2025/08/20 23:17:20 iteration 4517  walltime= 0.199h  Δwalltime=0.079s  timestep=17s  day=0.886
2025/08/20 23:17:22 iteration 4544  walltime=   0.2h  Δwalltime=0.069s  timestep=17s  day=0.891
2025/08/20 23:17:24 iteration 4569  walltime=   0.2h  Δwalltime=0.071s  timestep=17s  day=0.896
2025/08/20 23:17:26 iteration 4597  walltime= 0.201h  Δwalltime=0.078s  timestep=17s  day=0.901
2025/08/20 23:17:28 iteration 4624  walltime= 0.201h  Δwalltime=0.079s  timestep=17s  day=0.907
2025/08/20 23:17:30 iteration 4649  walltime= 0.202h  Δwalltime=0.075s  timestep=17s  day=0.912
2025/08/20 23:17:32 iteration 4677  walltime= 0.202h  Δwalltime=0.076s  timestep=17s  day=0.917
2025/08/20 23:17:34 iteration 4703  walltime= 0.203h  Δwalltime=0.094s  timestep=17s  day=0.922
2025/08/20 23:17:36 iteration 4730  walltime= 0.203h  Δwalltime=0.077s  timestep=17s  day=0.928
2025/08/20 23:17:38 iteration 4756  walltime= 0.204h  Δwalltime=0.07s  timestep=17s  day=0.933
2025/08/20 23:17:40 iteration 4781  walltime= 0.205h  Δwalltime=0.07s  timestep=17s  day=0.938
2025/08/20 23:17:42 iteration 4808  walltime= 0.205h  Δwalltime=0.072s  timestep=17s  day=0.943
2025/08/20 23:17:44 iteration 4835  walltime= 0.206h  Δwalltime=0.072s  timestep=17s  day=0.948
2025/08/20 23:17:46 iteration 4861  walltime= 0.206h  Δwalltime=0.069s  timestep=17s  day=0.953
2025/08/20 23:17:48 iteration 4889  walltime= 0.207h  Δwalltime=0.07s  timestep=17s  day=0.959
2025/08/20 23:17:50 iteration 4916  walltime= 0.207h  Δwalltime=0.082s  timestep=17s  day=0.964
2025/08/20 23:17:52 iteration 4942  walltime= 0.208h  Δwalltime=0.082s  timestep=17s  day=0.969
2025/08/20 23:17:54 iteration 4968  walltime= 0.208h  Δwalltime=0.073s  timestep=17s  day=0.974
2025/08/20 23:17:56 iteration 4996  walltime= 0.209h  Δwalltime=0.071s  timestep=17s  day=0.98
2025/08/20 23:17:58 iteration 5022  walltime=  0.21h  Δwalltime=0.075s  timestep=17s  day=0.985
2025/08/20 23:18:00 iteration 5048  walltime=  0.21h  Δwalltime=0.074s  timestep=17s  day=0.99
2025/08/20 23:18:02 iteration 5076  walltime= 0.211h  Δwalltime=0.084s  timestep=17s  day=0.995
2025/08/20 23:18:04 iteration 5102  walltime= 0.211h  Δwalltime=0.069s  timestep=17s  day=1
2025/08/20 23:18:05 Percent change since last convergence check:
VOC:			9.8%
VOC pop-wtd:		1.5%
SOA:			12%
SOA pop-wtd:		2.1%
PrimaryPM25:		9.6%
PrimaryPM25 pop-wtd:	1.6%
NH3:			9.4%
NH3 pop-wtd:		4.3%
pNH4:			13%
pNH4 pop-wtd:		4.3%
SOx:			4.5%
SOx pop-wtd:		1.3%
pSO4:			18%
pSO4 pop-wtd:		11%
NOx:			13%
NOx pop-wtd:		2.7%
pNO3:			14%
pNO3 pop-wtd:		4%
2025/08/20 23:18:06 iteration 5126  walltime= 0.212h  Δwalltime=0.086s  timestep=17s  day=1.01
2025/08/20 23:18:08 iteration 5153  walltime= 0.212h  Δwalltime=0.097s  timestep=17s  day=1.01
2025/08/20 23:18:10 iteration 5180  walltime= 0.213h  Δwalltime=0.069s  timestep=17s  day=1.02
2025/08/20 23:18:12 iteration 5208  walltime= 0.213h  Δwalltime=0.069s  timestep=17s  day=1.02
2025/08/20 23:18:14 iteration 5233  walltime= 0.214h  Δwalltime=0.085s  timestep=17s  day=1.03
2025/08/20 23:18:16 iteration 5260  walltime= 0.215h  Δwalltime=0.07s  timestep=17s  day=1.03
2025/08/20 23:18:18 iteration 5287  walltime= 0.215h  Δwalltime=0.069s  timestep=17s  day=1.04
2025/08/20 23:18:20 iteration 5313  walltime= 0.216h  Δwalltime=0.071s  timestep=17s  day=1.04
2025/08/20 23:18:22 iteration 5341  walltime= 0.216h  Δwalltime=0.09s  timestep=17s  day=1.05
2025/08/20 23:18:24 iteration 5368  walltime= 0.217h  Δwalltime=0.069s  timestep=17s  day=1.05
2025/08/20 23:18:26 iteration 5394  walltime= 0.217h  Δwalltime=0.068s  timestep=17s  day=1.06
2025/08/20 23:18:28 iteration 5421  walltime= 0.218h  Δwalltime=0.074s  timestep=17s  day=1.06
2025/08/20 23:18:30 iteration 5448  walltime= 0.218h  Δwalltime=0.08s  timestep=17s  day=1.07
2025/08/20 23:18:32 iteration 5473  walltime= 0.219h  Δwalltime=0.11s  timestep=17s  day=1.07
2025/08/20 23:18:34 iteration 5501  walltime=  0.22h  Δwalltime=0.071s  timestep=17s  day=1.08
2025/08/20 23:18:36 iteration 5528  walltime=  0.22h  Δwalltime=0.08s  timestep=17s  day=1.08
2025/08/20 23:18:38 iteration 5555  walltime= 0.221h  Δwalltime=0.069s  timestep=17s  day=1.09
2025/08/20 23:18:40 iteration 5582  walltime= 0.221h  Δwalltime=0.074s  timestep=17s  day=1.09
2025/08/20 23:18:42 iteration 5609  walltime= 0.222h  Δwalltime=0.071s  timestep=17s  day=1.1
2025/08/20 23:18:44 iteration 5635  walltime= 0.222h  Δwalltime=0.079s  timestep=17s  day=1.11
2025/08/20 23:18:46 iteration 5662  walltime= 0.223h  Δwalltime=0.068s  timestep=17s  day=1.11
2025/08/20 23:18:48 iteration 5688  walltime= 0.223h  Δwalltime=0.079s  timestep=17s  day=1.12
2025/08/20 23:18:50 iteration 5716  walltime= 0.224h  Δwalltime=0.082s  timestep=17s  day=1.12
2025/08/20 23:18:52 iteration 5743  walltime= 0.225h  Δwalltime=0.22s  timestep=17s  day=1.13
2025/08/20 23:18:52 Percent change since last convergence check:
VOC:			8.3%
VOC pop-wtd:		1.2%
SOA:			11%
SOA pop-wtd:		1.7%
PrimaryPM25:		8.1%
PrimaryPM25 pop-wtd:	1.3%
NH3:			8%
NH3 pop-wtd:		3.6%
pNH4:			11%
pNH4 pop-wtd:		3.7%
SOx:			3.4%
SOx pop-wtd:		0.91%
pSO4:			15%
pSO4 pop-wtd:		9.3%
NOx:			11%
NOx pop-wtd:		2.3%
pNO3:			12%
pNO3 pop-wtd:		3.5%
2025/08/20 23:18:54 iteration 5767  walltime= 0.225h  Δwalltime=0.071s  timestep=17s  day=1.13
2025/08/20 23:18:56 iteration 5793  walltime= 0.226h  Δwalltime=0.075s  timestep=17s  day=1.14
2025/08/20 23:18:58 iteration 5821  walltime= 0.226h  Δwalltime=0.07s  timestep=17s  day=1.14
2025/08/20 23:19:00 iteration 5847  walltime= 0.227h  Δwalltime=0.07s  timestep=17s  day=1.15
2025/08/20 23:19:02 iteration 5875  walltime= 0.227h  Δwalltime=0.07s  timestep=17s  day=1.15
2025/08/20 23:19:04 iteration 5902  walltime= 0.228h  Δwalltime=0.073s  timestep=17s  day=1.16
2025/08/20 23:19:06 iteration 5928  walltime= 0.228h  Δwalltime=0.07s  timestep=17s  day=1.16
2025/08/20 23:19:08 iteration 5954  walltime= 0.229h  Δwalltime=0.096s  timestep=17s  day=1.17
2025/08/20 23:19:10 iteration 5981  walltime=  0.23h  Δwalltime=0.083s  timestep=17s  day=1.17
2025/08/20 23:19:12 iteration 6008  walltime=  0.23h  Δwalltime=0.07s  timestep=17s  day=1.18
2025/08/20 23:19:14 iteration 6036  walltime= 0.231h  Δwalltime=0.085s  timestep=17s  day=1.18
2025/08/20 23:19:16 iteration 6062  walltime= 0.231h  Δwalltime=0.076s  timestep=17s  day=1.19
2025/08/20 23:19:18 iteration 6089  walltime= 0.232h  Δwalltime=0.074s  timestep=17s  day=1.19
2025/08/20 23:19:20 iteration 6116  walltime= 0.232h  Δwalltime=0.079s  timestep=17s  day=1.2
2025/08/20 23:19:22 iteration 6142  walltime= 0.233h  Δwalltime=0.07s  timestep=17s  day=1.2
2025/08/20 23:19:24 iteration 6170  walltime= 0.233h  Δwalltime=0.069s  timestep=17s  day=1.21
2025/08/20 23:19:26 iteration 6197  walltime= 0.234h  Δwalltime=0.07s  timestep=17s  day=1.22
2025/08/20 23:19:28 iteration 6223  walltime= 0.235h  Δwalltime=0.069s  timestep=17s  day=1.22
2025/08/20 23:19:30 iteration 6250  walltime= 0.235h  Δwalltime=0.081s  timestep=17s  day=1.23
2025/08/20 23:19:32 iteration 6278  walltime= 0.236h  Δwalltime=0.07s  timestep=17s  day=1.23
2025/08/20 23:19:34 iteration 6303  walltime= 0.236h  Δwalltime=0.07s  timestep=17s  day=1.24
2025/08/20 23:19:36 iteration 6330  walltime= 0.237h  Δwalltime=0.076s  timestep=17s  day=1.24
2025/08/20 23:19:38 iteration 6358  walltime= 0.237h  Δwalltime=0.083s  timestep=17s  day=1.25
2025/08/20 23:19:40 Percent change since last convergence check:
VOC:			7.2%
VOC pop-wtd:		1%
SOA:			9.3%
SOA pop-wtd:		1.5%
PrimaryPM25:		6.9%
PrimaryPM25 pop-wtd:	1.1%
NH3:			6.8%
NH3 pop-wtd:		3.1%
pNH4:			9.4%
pNH4 pop-wtd:		3.2%
SOx:			2.7%
SOx pop-wtd:		0.66%
pSO4:			12%
pSO4 pop-wtd:		7.7%
NOx:			9.5%
NOx pop-wtd:		2.1%
pNO3:			11%
pNO3 pop-wtd:		3.1%
2025/08/20 23:19:40 iteration 6382  walltime= 0.238h  Δwalltime=0.12s  timestep=17s  day=1.25
2025/08/20 23:19:42 iteration 6409  walltime= 0.238h  Δwalltime=0.076s  timestep=17s  day=1.26
2025/08/20 23:19:44 iteration 6435  walltime= 0.239h  Δwalltime=0.078s  timestep=17s  day=1.26
2025/08/20 23:19:46 iteration 6460  walltime=  0.24h  Δwalltime=0.075s  timestep=17s  day=1.27
2025/08/20 23:19:48 iteration 6488  walltime=  0.24h  Δwalltime=0.069s  timestep=17s  day=1.27
2025/08/20 23:19:50 iteration 6514  walltime= 0.241h  Δwalltime=0.075s  timestep=17s  day=1.28
2025/08/20 23:19:52 iteration 6540  walltime= 0.241h  Δwalltime=0.069s  timestep=17s  day=1.28
2025/08/20 23:19:54 iteration 6567  walltime= 0.242h  Δwalltime=0.068s  timestep=17s  day=1.29
2025/08/20 23:19:56 iteration 6593  walltime= 0.242h  Δwalltime=0.069s  timestep=17s  day=1.29
2025/08/20 23:19:58 iteration 6621  walltime= 0.243h  Δwalltime=0.084s  timestep=17s  day=1.3
2025/08/20 23:20:00 iteration 6647  walltime= 0.243h  Δwalltime=0.068s  timestep=17s  day=1.3
2025/08/20 23:20:02 iteration 6674  walltime= 0.244h  Δwalltime=0.071s  timestep=17s  day=1.31
2025/08/20 23:20:04 iteration 6701  walltime= 0.245h  Δwalltime=0.069s  timestep=17s  day=1.31
2025/08/20 23:20:06 iteration 6728  walltime= 0.245h  Δwalltime=0.069s  timestep=17s  day=1.32
2025/08/20 23:20:08 iteration 6755  walltime= 0.246h  Δwalltime=0.069s  timestep=17s  day=1.32
2025/08/20 23:20:10 iteration 6782  walltime= 0.246h  Δwalltime=0.073s  timestep=17s  day=1.33
2025/08/20 23:20:12 iteration 6809  walltime= 0.247h  Δwalltime=0.09s  timestep=17s  day=1.34
2025/08/20 23:20:14 iteration 6836  walltime= 0.247h  Δwalltime=0.072s  timestep=17s  day=1.34
2025/08/20 23:20:16 iteration 6863  walltime= 0.248h  Δwalltime=0.07s  timestep=17s  day=1.35
2025/08/20 23:20:18 iteration 6888  walltime= 0.248h  Δwalltime=0.082s  timestep=17s  day=1.35
2025/08/20 23:20:20 iteration 6915  walltime= 0.249h  Δwalltime=0.07s  timestep=17s  day=1.36
2025/08/20 23:20:22 iteration 6942  walltime=  0.25h  Δwalltime=0.069s  timestep=17s  day=1.36
2025/08/20 23:20:24 iteration 6968  walltime=  0.25h  Δwalltime=0.07s  timestep=17s  day=1.37
2025/08/20 23:20:26 iteration 6994  walltime= 0.251h  Δwalltime=0.074s  timestep=17s  day=1.37
2025/08/20 23:20:28 iteration 7019  walltime= 0.251h  Δwalltime=0.22s  timestep=17s  day=1.38
2025/08/20 23:20:28 Percent change since last convergence check:
VOC:			6.3%
VOC pop-wtd:		0.88%
SOA:			8.2%
SOA pop-wtd:		1.2%
PrimaryPM25:		6%
PrimaryPM25 pop-wtd:	0.91%
NH3:			5.9%
NH3 pop-wtd:		2.7%
pNH4:			8.3%
pNH4 pop-wtd:		2.8%
SOx:			2.1%
SOx pop-wtd:		0.49%
pSO4:			10%
pSO4 pop-wtd:		6.5%
NOx:			8.4%
NOx pop-wtd:		1.9%
pNO3:			9.4%
pNO3 pop-wtd:		2.8%
2025/08/20 23:20:30 iteration 7046  walltime= 0.252h  Δwalltime=0.072s  timestep=17s  day=1.38
2025/08/20 23:20:32 iteration 7075  walltime= 0.252h  Δwalltime=0.07s  timestep=17s  day=1.39
2025/08/20 23:20:34 iteration 7102  walltime= 0.253h  Δwalltime=0.083s  timestep=17s  day=1.39
2025/08/20 23:20:36 iteration 7129  walltime= 0.253h  Δwalltime=0.072s  timestep=17s  day=1.4
2025/08/20 23:20:38 iteration 7156  walltime= 0.254h  Δwalltime=0.072s  timestep=17s  day=1.4
2025/08/20 23:20:40 iteration 7183  walltime= 0.255h  Δwalltime=0.074s  timestep=17s  day=1.41
2025/08/20 23:20:42 iteration 7209  walltime= 0.255h  Δwalltime=0.07s  timestep=17s  day=1.41
2025/08/20 23:20:44 iteration 7237  walltime= 0.256h  Δwalltime=0.069s  timestep=17s  day=1.42
2025/08/20 23:20:46 iteration 7265  walltime= 0.256h  Δwalltime=0.077s  timestep=17s  day=1.42
2025/08/20 23:20:48 iteration 7292  walltime= 0.257h  Δwalltime=0.07s  timestep=17s  day=1.43
2025/08/20 23:20:50 iteration 7320  walltime= 0.257h  Δwalltime=0.068s  timestep=17s  day=1.44
2025/08/20 23:20:52 iteration 7347  walltime= 0.258h  Δwalltime=0.086s  timestep=17s  day=1.44
2025/08/20 23:20:54 iteration 7374  walltime= 0.258h  Δwalltime=0.07s  timestep=17s  day=1.45
2025/08/20 23:20:56 iteration 7400  walltime= 0.259h  Δwalltime=0.068s  timestep=17s  day=1.45
2025/08/20 23:20:58 iteration 7427  walltime=  0.26h  Δwalltime=0.068s  timestep=17s  day=1.46
2025/08/20 23:21:00 iteration 7455  walltime=  0.26h  Δwalltime=0.069s  timestep=17s  day=1.46
2025/08/20 23:21:02 iteration 7482  walltime= 0.261h  Δwalltime=0.069s  timestep=17s  day=1.47
2025/08/20 23:21:04 iteration 7508  walltime= 0.261h  Δwalltime=0.07s  timestep=17s  day=1.47
2025/08/20 23:21:06 iteration 7535  walltime= 0.262h  Δwalltime=0.069s  timestep=17s  day=1.48
2025/08/20 23:21:08 iteration 7563  walltime= 0.262h  Δwalltime=0.079s  timestep=17s  day=1.48
2025/08/20 23:21:10 iteration 7588  walltime= 0.263h  Δwalltime=0.085s  timestep=17s  day=1.49
2025/08/20 23:21:12 iteration 7616  walltime= 0.263h  Δwalltime=0.07s  timestep=17s  day=1.49
2025/08/20 23:21:14 iteration 7644  walltime= 0.264h  Δwalltime=0.07s  timestep=17s  day=1.5
2025/08/20 23:21:15 Percent change since last convergence check:
VOC:			5.6%
VOC pop-wtd:		0.77%
SOA:			7.3%
SOA pop-wtd:		1.1%
PrimaryPM25:		5.3%
PrimaryPM25 pop-wtd:	0.79%
NH3:			5.2%
NH3 pop-wtd:		2.4%
pNH4:			7.3%
pNH4 pop-wtd:		2.5%
SOx:			1.7%
SOx pop-wtd:		0.37%
pSO4:			9%
pSO4 pop-wtd:		5.5%
NOx:			7.5%
NOx pop-wtd:		1.7%
pNO3:			8.4%
pNO3 pop-wtd:		2.5%
2025/08/20 23:21:16 iteration 7669  walltime= 0.265h  Δwalltime=0.07s  timestep=17s  day=1.5
2025/08/20 23:21:18 iteration 7696  walltime= 0.265h  Δwalltime=0.07s  timestep=17s  day=1.51
2025/08/20 23:21:20 iteration 7724  walltime= 0.266h  Δwalltime=0.092s  timestep=17s  day=1.51
2025/08/20 23:21:22 iteration 7750  walltime= 0.266h  Δwalltime=0.069s  timestep=17s  day=1.52
2025/08/20 23:21:24 iteration 7777  walltime= 0.267h  Δwalltime=0.074s  timestep=17s  day=1.53
2025/08/20 23:21:26 iteration 7803  walltime= 0.267h  Δwalltime=0.084s  timestep=17s  day=1.53
2025/08/20 23:21:28 iteration 7830  walltime= 0.268h  Δwalltime=0.068s  timestep=17s  day=1.54
2025/08/20 23:21:30 iteration 7857  walltime= 0.268h  Δwalltime=0.07s  timestep=17s  day=1.54
2025/08/20 23:21:32 iteration 7883  walltime= 0.269h  Δwalltime=0.069s  timestep=17s  day=1.55
2025/08/20 23:21:34 iteration 7911  walltime=  0.27h  Δwalltime=0.068s  timestep=17s  day=1.55
2025/08/20 23:21:36 iteration 7938  walltime=  0.27h  Δwalltime=0.083s  timestep=17s  day=1.56
2025/08/20 23:21:38 iteration 7965  walltime= 0.271h  Δwalltime=0.072s  timestep=17s  day=1.56
2025/08/20 23:21:40 iteration 7992  walltime= 0.271h  Δwalltime=0.077s  timestep=17s  day=1.57
2025/08/20 23:21:42 iteration 8017  walltime= 0.272h  Δwalltime=0.077s  timestep=17s  day=1.57
2025/08/20 23:21:44 iteration 8043  walltime= 0.272h  Δwalltime=0.069s  timestep=17s  day=1.58
2025/08/20 23:21:46 iteration 8070  walltime= 0.273h  Δwalltime=0.077s  timestep=17s  day=1.58
2025/08/20 23:21:48 iteration 8097  walltime= 0.273h  Δwalltime=0.069s  timestep=17s  day=1.59
2025/08/20 23:21:50 iteration 8124  walltime= 0.274h  Δwalltime=0.084s  timestep=17s  day=1.59
2025/08/20 23:21:52 iteration 8151  walltime= 0.275h  Δwalltime=0.08s  timestep=17s  day=1.6
2025/08/20 23:21:54 iteration 8178  walltime= 0.275h  Δwalltime=0.086s  timestep=17s  day=1.6
2025/08/20 23:21:56 iteration 8204  walltime= 0.276h  Δwalltime=0.081s  timestep=17s  day=1.61
2025/08/20 23:21:58 iteration 8231  walltime= 0.276h  Δwalltime=0.07s  timestep=17s  day=1.61
2025/08/20 23:22:00 iteration 8257  walltime= 0.277h  Δwalltime=0.075s  timestep=17s  day=1.62
2025/08/20 23:22:02 iteration 8285  walltime= 0.277h  Δwalltime=0.07s  timestep=17s  day=1.62
2025/08/20 23:22:03 Percent change since last convergence check:
VOC:			4.9%
VOC pop-wtd:		0.67%
SOA:			6.5%
SOA pop-wtd:		0.96%
PrimaryPM25:		4.7%
PrimaryPM25 pop-wtd:	0.68%
NH3:			4.6%
NH3 pop-wtd:		2.1%
pNH4:			6.6%
pNH4 pop-wtd:		2.2%
SOx:			1.4%
SOx pop-wtd:		0.28%
pSO4:			7.8%
pSO4 pop-wtd:		4.7%
NOx:			6.8%
NOx pop-wtd:		1.5%
pNO3:			7.5%
pNO3 pop-wtd:		2.3%
2025/08/20 23:22:04 iteration 8311  walltime= 0.278h  Δwalltime=0.071s  timestep=17s  day=1.63
2025/08/20 23:22:06 iteration 8337  walltime= 0.278h  Δwalltime=0.073s  timestep=17s  day=1.63
2025/08/20 23:22:08 iteration 8365  walltime= 0.279h  Δwalltime=0.069s  timestep=17s  day=1.64
2025/08/20 23:22:10 iteration 8391  walltime= 0.279h  Δwalltime=0.089s  timestep=17s  day=1.65
2025/08/20 23:22:12 iteration 8417  walltime=  0.28h  Δwalltime=0.079s  timestep=17s  day=1.65
2025/08/20 23:22:14 iteration 8444  walltime= 0.281h  Δwalltime=0.072s  timestep=17s  day=1.66
2025/08/20 23:22:16 iteration 8472  walltime= 0.281h  Δwalltime=0.084s  timestep=17s  day=1.66
2025/08/20 23:22:18 iteration 8496  walltime= 0.282h  Δwalltime=0.082s  timestep=17s  day=1.67
2025/08/20 23:22:20 iteration 8521  walltime= 0.282h  Δwalltime=0.082s  timestep=17s  day=1.67
2025/08/20 23:22:22 iteration 8549  walltime= 0.283h  Δwalltime=0.075s  timestep=17s  day=1.68
2025/08/20 23:22:24 iteration 8575  walltime= 0.283h  Δwalltime=0.076s  timestep=17s  day=1.68
2025/08/20 23:22:26 iteration 8603  walltime= 0.284h  Δwalltime=0.08s  timestep=17s  day=1.69
2025/08/20 23:22:28 iteration 8629  walltime= 0.285h  Δwalltime=0.076s  timestep=17s  day=1.69
2025/08/20 23:22:30 iteration 8655  walltime= 0.285h  Δwalltime=0.073s  timestep=17s  day=1.7
2025/08/20 23:22:32 iteration 8683  walltime= 0.286h  Δwalltime=0.074s  timestep=17s  day=1.7
2025/08/20 23:22:34 iteration 8709  walltime= 0.286h  Δwalltime=0.085s  timestep=17s  day=1.71
2025/08/20 23:22:36 iteration 8736  walltime= 0.287h  Δwalltime=0.069s  timestep=17s  day=1.71
2025/08/20 23:22:38 iteration 8764  walltime= 0.287h  Δwalltime=0.091s  timestep=17s  day=1.72
2025/08/20 23:22:40 iteration 8790  walltime= 0.288h  Δwalltime=0.07s  timestep=17s  day=1.72
2025/08/20 23:22:42 iteration 8818  walltime= 0.288h  Δwalltime=0.07s  timestep=17s  day=1.73
2025/08/20 23:22:44 iteration 8846  walltime= 0.289h  Δwalltime=0.069s  timestep=17s  day=1.73
2025/08/20 23:22:46 iteration 8873  walltime=  0.29h  Δwalltime=0.07s  timestep=17s  day=1.74
2025/08/20 23:22:48 iteration 8901  walltime=  0.29h  Δwalltime=0.068s  timestep=17s  day=1.75
2025/08/20 23:22:50 iteration 8930  walltime= 0.291h  Δwalltime=0.074s  timestep=17s  day=1.75
2025/08/20 23:22:51 Percent change since last convergence check:
VOC:			4.4%
VOC pop-wtd:		0.59%
SOA:			5.9%
SOA pop-wtd:		0.85%
PrimaryPM25:		4.2%
PrimaryPM25 pop-wtd:	0.6%
NH3:			4.1%
NH3 pop-wtd:		1.9%
pNH4:			5.9%
pNH4 pop-wtd:		2%
SOx:			1.1%
SOx pop-wtd:		0.21%
pSO4:			6.9%
pSO4 pop-wtd:		4%
NOx:			6.2%
NOx pop-wtd:		1.4%
pNO3:			6.8%
pNO3 pop-wtd:		2.1%
2025/08/20 23:22:52 iteration 8954  walltime= 0.291h  Δwalltime=0.083s  timestep=17s  day=1.76
2025/08/20 23:22:54 iteration 8982  walltime= 0.292h  Δwalltime=0.07s  timestep=17s  day=1.76
2025/08/20 23:22:56 iteration 9010  walltime= 0.292h  Δwalltime=0.071s  timestep=17s  day=1.77
2025/08/20 23:22:58 iteration 9036  walltime= 0.293h  Δwalltime=0.071s  timestep=17s  day=1.77
2025/08/20 23:23:00 iteration 9064  walltime= 0.293h  Δwalltime=0.07s  timestep=17s  day=1.78
2025/08/20 23:23:02 iteration 9091  walltime= 0.294h  Δwalltime=0.078s  timestep=17s  day=1.78
2025/08/20 23:23:04 iteration 9118  walltime= 0.295h  Δwalltime=0.069s  timestep=17s  day=1.79
2025/08/20 23:23:06 iteration 9146  walltime= 0.295h  Δwalltime=0.075s  timestep=17s  day=1.79
2025/08/20 23:23:08 iteration 9173  walltime= 0.296h  Δwalltime=0.088s  timestep=17s  day=1.8
2025/08/20 23:23:10 iteration 9200  walltime= 0.296h  Δwalltime=0.075s  timestep=17s  day=1.8
2025/08/20 23:23:12 iteration 9228  walltime= 0.297h  Δwalltime=0.07s  timestep=17s  day=1.81
2025/08/20 23:23:14 iteration 9254  walltime= 0.297h  Δwalltime=0.07s  timestep=17s  day=1.81
2025/08/20 23:23:16 iteration 9281  walltime= 0.298h  Δwalltime=0.068s  timestep=17s  day=1.82
2025/08/20 23:23:18 iteration 9307  walltime= 0.298h  Δwalltime=0.084s  timestep=17s  day=1.83
2025/08/20 23:23:20 iteration 9334  walltime= 0.299h  Δwalltime=0.069s  timestep=17s  day=1.83
2025/08/20 23:23:22 iteration 9361  walltime=   0.3h  Δwalltime=0.069s  timestep=17s  day=1.84
2025/08/20 23:23:24 iteration 9388  walltime=   0.3h  Δwalltime=0.07s  timestep=17s  day=1.84
2025/08/20 23:23:26 iteration 9414  walltime= 0.301h  Δwalltime=0.081s  timestep=17s  day=1.85
2025/08/20 23:23:28 iteration 9441  walltime= 0.301h  Δwalltime=0.071s  timestep=17s  day=1.85
2025/08/20 23:23:30 iteration 9470  walltime= 0.302h  Δwalltime=0.075s  timestep=17s  day=1.86
2025/08/20 23:23:32 iteration 9495  walltime= 0.302h  Δwalltime=0.069s  timestep=17s  day=1.86
2025/08/20 23:23:34 iteration 9523  walltime= 0.303h  Δwalltime=0.07s  timestep=17s  day=1.87
2025/08/20 23:23:36 iteration 9550  walltime= 0.303h  Δwalltime=0.075s  timestep=17s  day=1.87
2025/08/20 23:23:38 Percent change since last convergence check:
VOC:			4%
VOC pop-wtd:		0.53%
SOA:			5.4%
SOA pop-wtd:		0.76%
PrimaryPM25:		3.7%
PrimaryPM25 pop-wtd:	0.53%
NH3:			3.7%
NH3 pop-wtd:		1.7%
pNH4:			5.4%
pNH4 pop-wtd:		1.8%
SOx:			0.91%
SOx pop-wtd:		0.16%
pSO4:			6.1%
pSO4 pop-wtd:		3.5%
NOx:			5.6%
NOx pop-wtd:		1.3%
pNO3:			6.2%
pNO3 pop-wtd:		1.9%
2025/08/20 23:23:38 iteration 9575  walltime= 0.304h  Δwalltime=0.073s  timestep=17s  day=1.88
2025/08/20 23:23:40 iteration 9602  walltime= 0.305h  Δwalltime=0.078s  timestep=17s  day=1.88
2025/08/20 23:23:42 iteration 9626  walltime= 0.305h  Δwalltime=0.078s  timestep=17s  day=1.89
2025/08/20 23:23:44 iteration 9654  walltime= 0.306h  Δwalltime=0.071s  timestep=17s  day=1.89
2025/08/20 23:23:46 iteration 9681  walltime= 0.306h  Δwalltime=0.071s  timestep=17s  day=1.9
2025/08/20 23:23:48 iteration 9707  walltime= 0.307h  Δwalltime=0.082s  timestep=17s  day=1.9
2025/08/20 23:23:50 iteration 9735  walltime= 0.307h  Δwalltime=0.069s  timestep=17s  day=1.91
2025/08/20 23:23:52 iteration 9763  walltime= 0.308h  Δwalltime=0.075s  timestep=17s  day=1.91
2025/08/20 23:23:54 iteration 9789  walltime= 0.308h  Δwalltime=0.07s  timestep=17s  day=1.92
2025/08/20 23:23:56 iteration 9815  walltime= 0.309h  Δwalltime=0.091s  timestep=17s  day=1.92
2025/08/20 23:23:58 iteration 9843  walltime=  0.31h  Δwalltime=0.071s  timestep=17s  day=1.93
2025/08/20 23:24:00 iteration 9869  walltime=  0.31h  Δwalltime=0.07s  timestep=17s  day=1.94
2025/08/20 23:24:02 iteration 9896  walltime= 0.311h  Δwalltime=0.068s  timestep=17s  day=1.94
2025/08/20 23:24:04 iteration 9923  walltime= 0.311h  Δwalltime=0.068s  timestep=17s  day=1.95
2025/08/20 23:24:06 iteration 9951  walltime= 0.312h  Δwalltime=0.075s  timestep=17s  day=1.95
2025/08/20 23:24:08 iteration 9978  walltime= 0.312h  Δwalltime=0.081s  timestep=17s  day=1.96
2025/08/20 23:24:10 iteration 10005  walltime= 0.313h  Δwalltime=0.088s  timestep=17s  day=1.96
2025/08/20 23:24:12 iteration 10031  walltime= 0.313h  Δwalltime=0.07s  timestep=17s  day=1.97
2025/08/20 23:24:14 iteration 10058  walltime= 0.314h  Δwalltime=0.07s  timestep=17s  day=1.97
2025/08/20 23:24:16 iteration 10085  walltime= 0.315h  Δwalltime=0.083s  timestep=17s  day=1.98
2025/08/20 23:24:18 iteration 10111  walltime= 0.315h  Δwalltime=0.09s  timestep=17s  day=1.98
2025/08/20 23:24:20 iteration 10139  walltime= 0.316h  Δwalltime=0.085s  timestep=17s  day=1.99
2025/08/20 23:24:22 iteration 10164  walltime= 0.316h  Δwalltime=0.08s  timestep=17s  day=1.99
2025/08/20 23:24:24 iteration 10192  walltime= 0.317h  Δwalltime=0.071s  timestep=17s  day=2
2025/08/20 23:24:26 Percent change since last convergence check:
VOC:			3.6%
VOC pop-wtd:		0.47%
SOA:			4.9%
SOA pop-wtd:		0.68%
PrimaryPM25:		3.4%
PrimaryPM25 pop-wtd:	0.47%
NH3:			3.3%
NH3 pop-wtd:		1.6%
pNH4:			4.9%
pNH4 pop-wtd:		1.7%
SOx:			0.75%
SOx pop-wtd:		0.13%
pSO4:			5.4%
pSO4 pop-wtd:		3%
NOx:			5.2%
NOx pop-wtd:		1.2%
pNO3:			5.7%
pNO3 pop-wtd:		1.8%
2025/08/20 23:24:26 iteration 10218  walltime= 0.317h  Δwalltime=0.078s  timestep=17s  day=2
2025/08/20 23:24:28 iteration 10244  walltime= 0.318h  Δwalltime=0.084s  timestep=17s  day=2.01
2025/08/20 23:24:30 iteration 10272  walltime= 0.318h  Δwalltime=0.07s  timestep=17s  day=2.01
2025/08/20 23:24:32 iteration 10299  walltime= 0.319h  Δwalltime=0.07s  timestep=17s  day=2.02
2025/08/20 23:24:34 iteration 10326  walltime=  0.32h  Δwalltime=0.069s  timestep=17s  day=2.02
2025/08/20 23:24:36 iteration 10353  walltime=  0.32h  Δwalltime=0.089s  timestep=17s  day=2.03
2025/08/20 23:24:38 iteration 10380  walltime= 0.321h  Δwalltime=0.07s  timestep=17s  day=2.04
2025/08/20 23:24:40 iteration 10407  walltime= 0.321h  Δwalltime=0.072s  timestep=17s  day=2.04
2025/08/20 23:24:42 iteration 10435  walltime= 0.322h  Δwalltime=0.07s  timestep=17s  day=2.05
2025/08/20 23:24:44 iteration 10463  walltime= 0.322h  Δwalltime=0.079s  timestep=17s  day=2.05
2025/08/20 23:24:46 iteration 10489  walltime= 0.323h  Δwalltime=0.076s  timestep=17s  day=2.06
2025/08/20 23:24:48 iteration 10516  walltime= 0.323h  Δwalltime=0.086s  timestep=17s  day=2.06
2025/08/20 23:24:50 iteration 10543  walltime= 0.324h  Δwalltime=0.08s  timestep=17s  day=2.07
2025/08/20 23:24:52 iteration 10570  walltime= 0.325h  Δwalltime=0.071s  timestep=17s  day=2.07
2025/08/20 23:24:54 iteration 10596  walltime= 0.325h  Δwalltime=0.069s  timestep=17s  day=2.08
2025/08/20 23:24:56 iteration 10622  walltime= 0.326h  Δwalltime=0.087s  timestep=17s  day=2.08
2025/08/20 23:24:58 iteration 10650  walltime= 0.326h  Δwalltime=0.07s  timestep=17s  day=2.09
2025/08/20 23:25:00 iteration 10678  walltime= 0.327h  Δwalltime=0.071s  timestep=17s  day=2.09
2025/08/20 23:25:02 iteration 10705  walltime= 0.327h  Δwalltime=0.068s  timestep=17s  day=2.1
2025/08/20 23:25:04 iteration 10732  walltime= 0.328h  Δwalltime=0.069s  timestep=17s  day=2.1
2025/08/20 23:25:06 iteration 10756  walltime= 0.328h  Δwalltime=0.07s  timestep=17s  day=2.11
2025/08/20 23:25:08 iteration 10782  walltime= 0.329h  Δwalltime=0.072s  timestep=17s  day=2.11
2025/08/20 23:25:10 iteration 10809  walltime=  0.33h  Δwalltime=0.078s  timestep=17s  day=2.12
2025/08/20 23:25:12 iteration 10836  walltime=  0.33h  Δwalltime=0.068s  timestep=17s  day=2.12
2025/08/20 23:25:13 Percent change since last convergence check:
VOC:			3.3%
VOC pop-wtd:		0.43%
SOA:			4.5%
SOA pop-wtd:		0.61%
PrimaryPM25:		3%
PrimaryPM25 pop-wtd:	0.42%
NH3:			3%
NH3 pop-wtd:		1.4%
pNH4:			4.5%
pNH4 pop-wtd:		1.5%
SOx:			0.63%
SOx pop-wtd:		0.099%
pSO4:			4.8%
pSO4 pop-wtd:		2.7%
NOx:			4.8%
NOx pop-wtd:		1.1%
pNO3:			5.2%
pNO3 pop-wtd:		1.6%
2025/08/20 23:25:14 iteration 10860  walltime= 0.331h  Δwalltime=0.069s  timestep=17s  day=2.13
2025/08/20 23:25:16 iteration 10887  walltime= 0.331h  Δwalltime=0.068s  timestep=17s  day=2.13
2025/08/20 23:25:18 iteration 10915  walltime= 0.332h  Δwalltime=0.087s  timestep=17s  day=2.14
2025/08/20 23:25:20 iteration 10941  walltime= 0.332h  Δwalltime=0.071s  timestep=17s  day=2.15
2025/08/20 23:25:22 iteration 10968  walltime= 0.333h  Δwalltime=0.068s  timestep=17s  day=2.15
2025/08/20 23:25:24 iteration 10996  walltime= 0.333h  Δwalltime=0.083s  timestep=17s  day=2.16
2025/08/20 23:25:26 iteration 11023  walltime= 0.334h  Δwalltime=0.071s  timestep=17s  day=2.16
2025/08/20 23:25:28 iteration 11050  walltime= 0.335h  Δwalltime=0.07s  timestep=17s  day=2.17
2025/08/20 23:25:30 iteration 11076  walltime= 0.335h  Δwalltime=0.07s  timestep=17s  day=2.17
2025/08/20 23:25:32 iteration 11103  walltime= 0.336h  Δwalltime=0.081s  timestep=17s  day=2.18
2025/08/20 23:25:34 iteration 11130  walltime= 0.336h  Δwalltime=0.07s  timestep=17s  day=2.18
2025/08/20 23:25:36 iteration 11156  walltime= 0.337h  Δwalltime=0.077s  timestep=17s  day=2.19
2025/08/20 23:25:38 iteration 11184  walltime= 0.337h  Δwalltime=0.069s  timestep=17s  day=2.19
2025/08/20 23:25:40 iteration 11212  walltime= 0.338h  Δwalltime=0.071s  timestep=17s  day=2.2
2025/08/20 23:25:42 iteration 11236  walltime= 0.338h  Δwalltime=0.079s  timestep=17s  day=2.2
2025/08/20 23:25:44 iteration 11263  walltime= 0.339h  Δwalltime=0.072s  timestep=17s  day=2.21
2025/08/20 23:25:46 iteration 11290  walltime=  0.34h  Δwalltime=0.084s  timestep=17s  day=2.21
2025/08/20 23:25:48 iteration 11316  walltime=  0.34h  Δwalltime=0.068s  timestep=17s  day=2.22
2025/08/20 23:25:50 iteration 11344  walltime= 0.341h  Δwalltime=0.084s  timestep=17s  day=2.22
2025/08/20 23:25:52 iteration 11371  walltime= 0.341h  Δwalltime=0.089s  timestep=17s  day=2.23
2025/08/20 23:25:54 iteration 11398  walltime= 0.342h  Δwalltime=0.07s  timestep=17s  day=2.24
2025/08/20 23:25:56 iteration 11425  walltime= 0.342h  Δwalltime=0.069s  timestep=17s  day=2.24
2025/08/20 23:25:58 iteration 11452  walltime= 0.343h  Δwalltime=0.097s  timestep=17s  day=2.25
2025/08/20 23:26:00 iteration 11479  walltime= 0.343h  Δwalltime=0.084s  timestep=17s  day=2.25
2025/08/20 23:26:01 Percent change since last convergence check:
VOC:			3%
VOC pop-wtd:		0.39%
SOA:			4.1%
SOA pop-wtd:		0.56%
PrimaryPM25:		2.8%
PrimaryPM25 pop-wtd:	0.38%
NH3:			2.7%
NH3 pop-wtd:		1.3%
pNH4:			4.1%
pNH4 pop-wtd:		1.4%
SOx:			0.52%
SOx pop-wtd:		0.078%
pSO4:			4.3%
pSO4 pop-wtd:		2.3%
NOx:			4.4%
NOx pop-wtd:		1%
pNO3:			4.8%
pNO3 pop-wtd:		1.5%
2025/08/20 23:26:02 iteration 11504  walltime= 0.344h  Δwalltime=0.069s  timestep=17s  day=2.26
2025/08/20 23:26:04 iteration 11531  walltime= 0.345h  Δwalltime=0.068s  timestep=17s  day=2.26
2025/08/20 23:26:06 iteration 11559  walltime= 0.345h  Δwalltime=0.069s  timestep=17s  day=2.27
2025/08/20 23:26:08 iteration 11586  walltime= 0.346h  Δwalltime=0.071s  timestep=17s  day=2.27
2025/08/20 23:26:10 iteration 11612  walltime= 0.346h  Δwalltime=0.07s  timestep=17s  day=2.28
2025/08/20 23:26:12 iteration 11639  walltime= 0.347h  Δwalltime=0.069s  timestep=17s  day=2.28
2025/08/20 23:26:14 iteration 11666  walltime= 0.347h  Δwalltime=0.069s  timestep=17s  day=2.29
2025/08/20 23:26:16 iteration 11693  walltime= 0.348h  Δwalltime=0.07s  timestep=17s  day=2.29
2025/08/20 23:26:18 iteration 11721  walltime= 0.348h  Δwalltime=0.071s  timestep=17s  day=2.3
2025/08/20 23:26:20 iteration 11748  walltime= 0.349h  Δwalltime=0.069s  timestep=17s  day=2.3
2025/08/20 23:26:22 iteration 11774  walltime=  0.35h  Δwalltime=0.069s  timestep=17s  day=2.31
2025/08/20 23:26:24 iteration 11802  walltime=  0.35h  Δwalltime=0.069s  timestep=17s  day=2.31
2025/08/20 23:26:26 iteration 11828  walltime= 0.351h  Δwalltime=0.079s  timestep=17s  day=2.32
2025/08/20 23:26:28 iteration 11855  walltime= 0.351h  Δwalltime=0.068s  timestep=17s  day=2.32
2025/08/20 23:26:30 iteration 11883  walltime= 0.352h  Δwalltime=0.07s  timestep=17s  day=2.33
2025/08/20 23:26:32 iteration 11909  walltime= 0.352h  Δwalltime=0.079s  timestep=17s  day=2.34
2025/08/20 23:26:34 iteration 11936  walltime= 0.353h  Δwalltime=0.076s  timestep=17s  day=2.34
2025/08/20 23:26:36 iteration 11963  walltime= 0.353h  Δwalltime=0.07s  timestep=17s  day=2.35
2025/08/20 23:26:38 iteration 11990  walltime= 0.354h  Δwalltime=0.071s  timestep=17s  day=2.35
2025/08/20 23:26:40 iteration 12017  walltime= 0.355h  Δwalltime=0.069s  timestep=17s  day=2.36
2025/08/20 23:26:42 iteration 12044  walltime= 0.355h  Δwalltime=0.07s  timestep=17s  day=2.36
2025/08/20 23:26:44 iteration 12071  walltime= 0.356h  Δwalltime=0.075s  timestep=17s  day=2.37
2025/08/20 23:26:46 iteration 12098  walltime= 0.356h  Δwalltime=0.07s  timestep=17s  day=2.37
2025/08/20 23:26:48 Percent change since last convergence check:
VOC:			2.8%
VOC pop-wtd:		0.35%
SOA:			3.8%
SOA pop-wtd:		0.51%
PrimaryPM25:		2.5%
PrimaryPM25 pop-wtd:	0.34%
NH3:			2.5%
NH3 pop-wtd:		1.2%
pNH4:			3.8%
pNH4 pop-wtd:		1.3%
SOx:			0.44%
SOx pop-wtd:		0.062%
pSO4:			3.9%
pSO4 pop-wtd:		2.1%
NOx:			4.1%
NOx pop-wtd:		0.97%
pNO3:			4.5%
pNO3 pop-wtd:		1.4%
2025/08/20 23:26:48 iteration 12124  walltime= 0.357h  Δwalltime=0.079s  timestep=17s  day=2.38
2025/08/20 23:26:50 iteration 12150  walltime= 0.357h  Δwalltime=0.07s  timestep=17s  day=2.38
2025/08/20 23:26:52 iteration 12178  walltime= 0.358h  Δwalltime=0.08s  timestep=17s  day=2.39
2025/08/20 23:26:54 iteration 12205  walltime= 0.358h  Δwalltime=0.07s  timestep=17s  day=2.39
2025/08/20 23:26:56 iteration 12231  walltime= 0.359h  Δwalltime=0.073s  timestep=17s  day=2.4
2025/08/20 23:26:58 iteration 12259  walltime=  0.36h  Δwalltime=0.074s  timestep=17s  day=2.4
2025/08/20 23:27:00 iteration 12286  walltime=  0.36h  Δwalltime=0.078s  timestep=17s  day=2.41
2025/08/20 23:27:02 iteration 12313  walltime= 0.361h  Δwalltime=0.07s  timestep=17s  day=2.41
2025/08/20 23:27:04 iteration 12340  walltime= 0.361h  Δwalltime=0.073s  timestep=17s  day=2.42
2025/08/20 23:27:06 iteration 12366  walltime= 0.362h  Δwalltime=0.069s  timestep=17s  day=2.42
2025/08/20 23:27:08 iteration 12393  walltime= 0.362h  Δwalltime=0.069s  timestep=17s  day=2.43
2025/08/20 23:27:10 iteration 12421  walltime= 0.363h  Δwalltime=0.081s  timestep=17s  day=2.44
2025/08/20 23:27:12 iteration 12447  walltime= 0.363h  Δwalltime=0.073s  timestep=17s  day=2.44
2025/08/20 23:27:14 iteration 12475  walltime= 0.364h  Δwalltime=0.07s  timestep=17s  day=2.45
2025/08/20 23:27:16 iteration 12503  walltime= 0.365h  Δwalltime=0.07s  timestep=17s  day=2.45
2025/08/20 23:27:18 iteration 12530  walltime= 0.365h  Δwalltime=0.069s  timestep=17s  day=2.46
2025/08/20 23:27:20 iteration 12557  walltime= 0.366h  Δwalltime=0.069s  timestep=17s  day=2.46
2025/08/20 23:27:22 iteration 12584  walltime= 0.366h  Δwalltime=0.068s  timestep=17s  day=2.47
2025/08/20 23:27:24 iteration 12611  walltime= 0.367h  Δwalltime=0.071s  timestep=17s  day=2.47
2025/08/20 23:27:26 iteration 12637  walltime= 0.367h  Δwalltime=0.086s  timestep=17s  day=2.48
2025/08/20 23:27:28 iteration 12665  walltime= 0.368h  Δwalltime=0.072s  timestep=17s  day=2.48
2025/08/20 23:27:30 iteration 12692  walltime= 0.368h  Δwalltime=0.082s  timestep=17s  day=2.49
2025/08/20 23:27:32 iteration 12719  walltime= 0.369h  Δwalltime=0.069s  timestep=17s  day=2.49
2025/08/20 23:27:34 iteration 12746  walltime=  0.37h  Δwalltime=0.082s  timestep=17s  day=2.5
2025/08/20 23:27:36 Percent change since last convergence check:
VOC:			2.6%
VOC pop-wtd:		0.32%
SOA:			3.5%
SOA pop-wtd:		0.46%
PrimaryPM25:		2.3%
PrimaryPM25 pop-wtd:	0.31%
NH3:			2.3%
NH3 pop-wtd:		1.1%
pNH4:			3.5%
pNH4 pop-wtd:		1.2%
SOx:			0.37%
SOx pop-wtd:		0.049%
pSO4:			3.5%
pSO4 pop-wtd:		1.8%
NOx:			3.8%
NOx pop-wtd:		0.91%
pNO3:			4.2%
pNO3 pop-wtd:		1.3%
2025/08/20 23:27:36 iteration 12772  walltime=  0.37h  Δwalltime=0.068s  timestep=17s  day=2.5
2025/08/20 23:27:38 iteration 12799  walltime= 0.371h  Δwalltime=0.077s  timestep=17s  day=2.51
2025/08/20 23:27:40 iteration 12826  walltime= 0.371h  Δwalltime=0.083s  timestep=17s  day=2.52
2025/08/20 23:27:42 iteration 12852  walltime= 0.372h  Δwalltime=0.071s  timestep=17s  day=2.52
2025/08/20 23:27:44 iteration 12880  walltime= 0.372h  Δwalltime=0.07s  timestep=17s  day=2.53
2025/08/20 23:27:46 iteration 12906  walltime= 0.373h  Δwalltime=0.084s  timestep=17s  day=2.53
2025/08/20 23:27:48 iteration 12934  walltime= 0.373h  Δwalltime=0.079s  timestep=17s  day=2.54
2025/08/20 23:27:50 iteration 12961  walltime= 0.374h  Δwalltime=0.077s  timestep=17s  day=2.54
2025/08/20 23:27:52 iteration 12988  walltime= 0.375h  Δwalltime=0.07s  timestep=17s  day=2.55
2025/08/20 23:27:54 iteration 13015  walltime= 0.375h  Δwalltime=0.074s  timestep=17s  day=2.55
2025/08/20 23:27:56 iteration 13043  walltime= 0.376h  Δwalltime=0.07s  timestep=17s  day=2.56
2025/08/20 23:27:58 iteration 13070  walltime= 0.376h  Δwalltime=0.071s  timestep=17s  day=2.56
2025/08/20 23:28:00 iteration 13098  walltime= 0.377h  Δwalltime=0.071s  timestep=17s  day=2.57
2025/08/20 23:28:02 iteration 13126  walltime= 0.377h  Δwalltime=0.069s  timestep=17s  day=2.57
2025/08/20 23:28:04 iteration 13153  walltime= 0.378h  Δwalltime=0.068s  timestep=17s  day=2.58
2025/08/20 23:28:06 iteration 13181  walltime= 0.378h  Δwalltime=0.073s  timestep=17s  day=2.58
2025/08/20 23:28:08 iteration 13208  walltime= 0.379h  Δwalltime=0.089s  timestep=17s  day=2.59
2025/08/20 23:28:10 iteration 13235  walltime=  0.38h  Δwalltime=0.073s  timestep=17s  day=2.6
2025/08/20 23:28:12 iteration 13262  walltime=  0.38h  Δwalltime=0.072s  timestep=17s  day=2.6
2025/08/20 23:28:14 iteration 13289  walltime= 0.381h  Δwalltime=0.086s  timestep=17s  day=2.61
2025/08/20 23:28:16 iteration 13315  walltime= 0.381h  Δwalltime=0.083s  timestep=17s  day=2.61
2025/08/20 23:28:18 iteration 13341  walltime= 0.382h  Δwalltime=0.081s  timestep=17s  day=2.62
2025/08/20 23:28:20 iteration 13368  walltime= 0.382h  Δwalltime=0.07s  timestep=17s  day=2.62
2025/08/20 23:28:22 iteration 13395  walltime= 0.383h  Δwalltime=0.07s  timestep=17s  day=2.63
2025/08/20 23:28:23 Percent change since last convergence check:
VOC:			2.4%
VOC pop-wtd:		0.29%
SOA:			3.3%
SOA pop-wtd:		0.42%
PrimaryPM25:		2.1%
PrimaryPM25 pop-wtd:	0.28%
NH3:			2.1%
NH3 pop-wtd:		1%
pNH4:			3.2%
pNH4 pop-wtd:		1.1%
SOx:			0.31%
SOx pop-wtd:		0.039%
pSO4:			3.2%
pSO4 pop-wtd:		1.6%
NOx:			3.6%
NOx pop-wtd:		0.85%
pNO3:			3.9%
pNO3 pop-wtd:		1.2%
2025/08/20 23:28:24 iteration 13420  walltime= 0.383h  Δwalltime=0.08s  timestep=17s  day=2.63
2025/08/20 23:28:26 iteration 13447  walltime= 0.384h  Δwalltime=0.07s  timestep=17s  day=2.64
2025/08/20 23:28:28 iteration 13474  walltime= 0.385h  Δwalltime=0.083s  timestep=17s  day=2.64
2025/08/20 23:28:30 iteration 13500  walltime= 0.385h  Δwalltime=0.087s  timestep=17s  day=2.65
2025/08/20 23:28:32 iteration 13526  walltime= 0.386h  Δwalltime=0.08s  timestep=17s  day=2.65
2025/08/20 23:28:34 iteration 13552  walltime= 0.386h  Δwalltime=0.073s  timestep=17s  day=2.66
2025/08/20 23:28:36 iteration 13579  walltime= 0.387h  Δwalltime=0.09s  timestep=17s  day=2.66
2025/08/20 23:28:38 iteration 13605  walltime= 0.387h  Δwalltime=0.071s  timestep=17s  day=2.67
2025/08/20 23:28:40 iteration 13633  walltime= 0.388h  Δwalltime=0.071s  timestep=17s  day=2.67
2025/08/20 23:28:42 iteration 13659  walltime= 0.388h  Δwalltime=0.085s  timestep=17s  day=2.68
2025/08/20 23:28:44 iteration 13685  walltime= 0.389h  Δwalltime=0.086s  timestep=17s  day=2.68
2025/08/20 23:28:46 iteration 13713  walltime=  0.39h  Δwalltime=0.072s  timestep=17s  day=2.69
2025/08/20 23:28:48 iteration 13740  walltime=  0.39h  Δwalltime=0.089s  timestep=17s  day=2.69
2025/08/20 23:28:50 iteration 13767  walltime= 0.391h  Δwalltime=0.069s  timestep=17s  day=2.7
2025/08/20 23:28:52 iteration 13795  walltime= 0.391h  Δwalltime=0.076s  timestep=17s  day=2.71
2025/08/20 23:28:54 iteration 13820  walltime= 0.392h  Δwalltime=0.07s  timestep=17s  day=2.71
2025/08/20 23:28:56 iteration 13847  walltime= 0.392h  Δwalltime=0.068s  timestep=17s  day=2.72
2025/08/20 23:28:58 iteration 13874  walltime= 0.393h  Δwalltime=0.07s  timestep=17s  day=2.72
2025/08/20 23:29:00 iteration 13900  walltime= 0.393h  Δwalltime=0.073s  timestep=17s  day=2.73
2025/08/20 23:29:02 iteration 13928  walltime= 0.394h  Δwalltime=0.068s  timestep=17s  day=2.73
2025/08/20 23:29:04 iteration 13954  walltime= 0.394h  Δwalltime=0.07s  timestep=17s  day=2.74
2025/08/20 23:29:06 iteration 13981  walltime= 0.395h  Δwalltime=0.068s  timestep=17s  day=2.74
2025/08/20 23:29:08 iteration 14008  walltime= 0.396h  Δwalltime=0.081s  timestep=17s  day=2.75
2025/08/20 23:29:10 iteration 14035  walltime= 0.396h  Δwalltime=0.077s  timestep=17s  day=2.75
2025/08/20 23:29:11 Percent change since last convergence check:
VOC:			2.2%
VOC pop-wtd:		0.27%
SOA:			3.1%
SOA pop-wtd:		0.39%
PrimaryPM25:		1.9%
PrimaryPM25 pop-wtd:	0.25%
NH3:			1.9%
NH3 pop-wtd:		0.92%
pNH4:			3%
pNH4 pop-wtd:		1%
SOx:			0.27%
SOx pop-wtd:		0.032%
pSO4:			2.9%
pSO4 pop-wtd:		1.4%
NOx:			3.3%
NOx pop-wtd:		0.8%
pNO3:			3.6%
pNO3 pop-wtd:		1.2%
2025/08/20 23:29:12 iteration 14060  walltime= 0.397h  Δwalltime=0.072s  timestep=17s  day=2.76
2025/08/20 23:29:14 iteration 14087  walltime= 0.397h  Δwalltime=0.071s  timestep=17s  day=2.76
2025/08/20 23:29:16 iteration 14115  walltime= 0.398h  Δwalltime=0.087s  timestep=17s  day=2.77
2025/08/20 23:29:18 iteration 14141  walltime= 0.398h  Δwalltime=0.071s  timestep=17s  day=2.77
2025/08/20 23:29:20 iteration 14169  walltime= 0.399h  Δwalltime=0.071s  timestep=17s  day=2.78
2025/08/20 23:29:22 iteration 14194  walltime= 0.399h  Δwalltime=0.073s  timestep=17s  day=2.78
2025/08/20 23:29:24 iteration 14221  walltime=   0.4h  Δwalltime=0.081s  timestep=17s  day=2.79
2025/08/20 23:29:26 iteration 14248  walltime= 0.401h  Δwalltime=0.08s  timestep=17s  day=2.79
2025/08/20 23:29:28 iteration 14274  walltime= 0.401h  Δwalltime=0.069s  timestep=17s  day=2.8
2025/08/20 23:29:30 iteration 14302  walltime= 0.402h  Δwalltime=0.069s  timestep=17s  day=2.8
2025/08/20 23:29:32 iteration 14328  walltime= 0.402h  Δwalltime=0.077s  timestep=17s  day=2.81
2025/08/20 23:29:34 iteration 14354  walltime= 0.403h  Δwalltime=0.07s  timestep=17s  day=2.81
2025/08/20 23:29:36 iteration 14382  walltime= 0.403h  Δwalltime=0.069s  timestep=17s  day=2.82
2025/08/20 23:29:38 iteration 14409  walltime= 0.404h  Δwalltime=0.069s  timestep=17s  day=2.83
2025/08/20 23:29:40 iteration 14435  walltime= 0.405h  Δwalltime=0.07s  timestep=17s  day=2.83
2025/08/20 23:29:42 iteration 14460  walltime= 0.405h  Δwalltime=0.07s  timestep=17s  day=2.84
2025/08/20 23:29:44 iteration 14488  walltime= 0.406h  Δwalltime=0.074s  timestep=17s  day=2.84
2025/08/20 23:29:46 iteration 14514  walltime= 0.406h  Δwalltime=0.07s  timestep=17s  day=2.85
2025/08/20 23:29:48 iteration 14541  walltime= 0.407h  Δwalltime=0.074s  timestep=17s  day=2.85
2025/08/20 23:29:50 iteration 14568  walltime= 0.407h  Δwalltime=0.082s  timestep=17s  day=2.86
2025/08/20 23:29:52 iteration 14594  walltime= 0.408h  Δwalltime=0.075s  timestep=17s  day=2.86
2025/08/20 23:29:54 iteration 14621  walltime= 0.408h  Δwalltime=0.073s  timestep=17s  day=2.87
2025/08/20 23:29:56 iteration 14648  walltime= 0.409h  Δwalltime=0.078s  timestep=17s  day=2.87
2025/08/20 23:29:58 iteration 14674  walltime=  0.41h  Δwalltime=0.087s  timestep=17s  day=2.88
2025/08/20 23:29:59 Percent change since last convergence check:
VOC:			2%
VOC pop-wtd:		0.25%
SOA:			2.9%
SOA pop-wtd:		0.36%
PrimaryPM25:		1.8%
PrimaryPM25 pop-wtd:	0.23%
NH3:			1.7%
NH3 pop-wtd:		0.85%
pNH4:			2.8%
pNH4 pop-wtd:		0.94%
SOx:			0.23%
SOx pop-wtd:		0.026%
pSO4:			2.7%
pSO4 pop-wtd:		1.3%
NOx:			3.1%
NOx pop-wtd:		0.75%
pNO3:			3.4%
pNO3 pop-wtd:		1.1%
2025/08/20 23:30:00 iteration 14699  walltime=  0.41h  Δwalltime=0.07s  timestep=17s  day=2.88
2025/08/20 23:30:02 iteration 14725  walltime= 0.411h  Δwalltime=0.069s  timestep=17s  day=2.89
2025/08/20 23:30:04 iteration 14752  walltime= 0.411h  Δwalltime=0.069s  timestep=17s  day=2.89
2025/08/20 23:30:06 iteration 14780  walltime= 0.412h  Δwalltime=0.085s  timestep=17s  day=2.9
2025/08/20 23:30:08 iteration 14806  walltime= 0.412h  Δwalltime=0.07s  timestep=17s  day=2.9
2025/08/20 23:30:10 iteration 14834  walltime= 0.413h  Δwalltime=0.079s  timestep=17s  day=2.91
2025/08/20 23:30:12 iteration 14861  walltime= 0.413h  Δwalltime=0.085s  timestep=17s  day=2.91
2025/08/20 23:30:14 iteration 14887  walltime= 0.414h  Δwalltime=0.069s  timestep=17s  day=2.92
2025/08/20 23:30:16 iteration 14915  walltime= 0.415h  Δwalltime=0.091s  timestep=17s  day=2.92
2025/08/20 23:30:18 iteration 14941  walltime= 0.415h  Δwalltime=0.079s  timestep=17s  day=2.93
2025/08/20 23:30:20 iteration 14968  walltime= 0.416h  Δwalltime=0.082s  timestep=17s  day=2.94
2025/08/20 23:30:22 iteration 14996  walltime= 0.416h  Δwalltime=0.074s  timestep=17s  day=2.94
2025/08/20 23:30:24 iteration 15023  walltime= 0.417h  Δwalltime=0.09s  timestep=17s  day=2.95
2025/08/20 23:30:26 iteration 15050  walltime= 0.417h  Δwalltime=0.069s  timestep=17s  day=2.95
2025/08/20 23:30:28 iteration 15076  walltime= 0.418h  Δwalltime=0.09s  timestep=17s  day=2.96
2025/08/20 23:30:30 iteration 15102  walltime= 0.418h  Δwalltime=0.07s  timestep=17s  day=2.96
2025/08/20 23:30:32 iteration 15130  walltime= 0.419h  Δwalltime=0.08s  timestep=17s  day=2.97
2025/08/20 23:30:34 iteration 15157  walltime=  0.42h  Δwalltime=0.086s  timestep=17s  day=2.97
2025/08/20 23:30:36 iteration 15184  walltime=  0.42h  Δwalltime=0.074s  timestep=17s  day=2.98
2025/08/20 23:30:38 iteration 15211  walltime= 0.421h  Δwalltime=0.068s  timestep=17s  day=2.98
2025/08/20 23:30:40 iteration 15237  walltime= 0.421h  Δwalltime=0.08s  timestep=17s  day=2.99
2025/08/20 23:30:42 iteration 15263  walltime= 0.422h  Δwalltime=0.069s  timestep=17s  day=2.99
2025/08/20 23:30:44 iteration 15291  walltime= 0.422h  Δwalltime=0.074s  timestep=17s  day=3
2025/08/20 23:30:46 Percent change since last convergence check:
VOC:			1.9%
VOC pop-wtd:		0.23%
SOA:			2.7%
SOA pop-wtd:		0.33%
PrimaryPM25:		1.6%
PrimaryPM25 pop-wtd:	0.21%
NH3:			1.6%
NH3 pop-wtd:		0.79%
pNH4:			2.6%
pNH4 pop-wtd:		0.87%
SOx:			0.19%
SOx pop-wtd:		0.021%
pSO4:			2.4%
pSO4 pop-wtd:		1.2%
NOx:			3%
NOx pop-wtd:		0.71%
pNO3:			3.2%
pNO3 pop-wtd:		1%
2025/08/20 23:30:46 iteration 15316  walltime= 0.423h  Δwalltime=0.069s  timestep=17s  day=3
2025/08/20 23:30:48 iteration 15342  walltime= 0.423h  Δwalltime=0.07s  timestep=17s  day=3.01
2025/08/20 23:30:50 iteration 15370  walltime= 0.424h  Δwalltime=0.069s  timestep=17s  day=3.01
2025/08/20 23:30:52 iteration 15397  walltime= 0.425h  Δwalltime=0.079s  timestep=17s  day=3.02
2025/08/20 23:30:54 iteration 15424  walltime= 0.425h  Δwalltime=0.07s  timestep=17s  day=3.02
2025/08/20 23:30:56 iteration 15449  walltime= 0.426h  Δwalltime=0.072s  timestep=17s  day=3.03
2025/08/20 23:30:58 iteration 15476  walltime= 0.426h  Δwalltime=0.089s  timestep=17s  day=3.03
2025/08/20 23:31:00 iteration 15504  walltime= 0.427h  Δwalltime=0.074s  timestep=17s  day=3.04
2025/08/20 23:31:02 iteration 15531  walltime= 0.427h  Δwalltime=0.071s  timestep=17s  day=3.05
2025/08/20 23:31:04 iteration 15557  walltime= 0.428h  Δwalltime=0.089s  timestep=17s  day=3.05
2025/08/20 23:31:06 iteration 15585  walltime= 0.428h  Δwalltime=0.078s  timestep=17s  day=3.06
2025/08/20 23:31:08 iteration 15612  walltime= 0.429h  Δwalltime=0.069s  timestep=17s  day=3.06
2025/08/20 23:31:10 iteration 15639  walltime=  0.43h  Δwalltime=0.073s  timestep=17s  day=3.07
2025/08/20 23:31:12 iteration 15667  walltime=  0.43h  Δwalltime=0.078s  timestep=17s  day=3.07
2025/08/20 23:31:14 iteration 15694  walltime= 0.431h  Δwalltime=0.069s  timestep=17s  day=3.08
2025/08/20 23:31:16 iteration 15720  walltime= 0.431h  Δwalltime=0.07s  timestep=17s  day=3.08
2025/08/20 23:31:18 iteration 15748  walltime= 0.432h  Δwalltime=0.078s  timestep=17s  day=3.09
2025/08/20 23:31:20 iteration 15776  walltime= 0.432h  Δwalltime=0.072s  timestep=17s  day=3.09
2025/08/20 23:31:22 iteration 15803  walltime= 0.433h  Δwalltime=0.069s  timestep=17s  day=3.1
2025/08/20 23:31:24 iteration 15830  walltime= 0.433h  Δwalltime=0.07s  timestep=17s  day=3.1
2025/08/20 23:31:26 iteration 15856  walltime= 0.434h  Δwalltime=0.078s  timestep=17s  day=3.11
2025/08/20 23:31:28 iteration 15882  walltime= 0.434h  Δwalltime=0.091s  timestep=17s  day=3.11
2025/08/20 23:31:30 iteration 15909  walltime= 0.435h  Δwalltime=0.07s  timestep=17s  day=3.12
2025/08/20 23:31:32 iteration 15936  walltime= 0.436h  Δwalltime=0.084s  timestep=17s  day=3.13
2025/08/20 23:31:34 Percent change since last convergence check:
VOC:			1.8%
VOC pop-wtd:		0.21%
SOA:			2.5%
SOA pop-wtd:		0.31%
PrimaryPM25:		1.5%
PrimaryPM25 pop-wtd:	0.19%
NH3:			1.5%
NH3 pop-wtd:		0.73%
pNH4:			2.4%
pNH4 pop-wtd:		0.81%
SOx:			0.17%
SOx pop-wtd:		0.017%
pSO4:			2.2%
pSO4 pop-wtd:		1%
NOx:			2.8%
NOx pop-wtd:		0.67%
pNO3:			3%
pNO3 pop-wtd:		0.98%
2025/08/20 23:31:34 iteration 15960  walltime= 0.436h  Δwalltime=0.068s  timestep=17s  day=3.13
2025/08/20 23:31:36 iteration 15987  walltime= 0.437h  Δwalltime=0.069s  timestep=17s  day=3.14
2025/08/20 23:31:38 iteration 16013  walltime= 0.437h  Δwalltime=0.082s  timestep=17s  day=3.14
2025/08/20 23:31:40 iteration 16040  walltime= 0.438h  Δwalltime=0.083s  timestep=17s  day=3.15
2025/08/20 23:31:42 iteration 16065  walltime= 0.438h  Δwalltime=0.11s  timestep=17s  day=3.15
2025/08/20 23:31:44 iteration 16090  walltime= 0.439h  Δwalltime=0.075s  timestep=17s  day=3.16
2025/08/20 23:31:46 iteration 16118  walltime=  0.44h  Δwalltime=0.07s  timestep=17s  day=3.16
2025/08/20 23:31:48 iteration 16146  walltime=  0.44h  Δwalltime=0.078s  timestep=17s  day=3.17
2025/08/20 23:31:50 iteration 16172  walltime= 0.441h  Δwalltime=0.068s  timestep=17s  day=3.17
2025/08/20 23:31:52 iteration 16200  walltime= 0.441h  Δwalltime=0.07s  timestep=17s  day=3.18
2025/08/20 23:31:54 iteration 16228  walltime= 0.442h  Δwalltime=0.069s  timestep=17s  day=3.18
2025/08/20 23:31:56 iteration 16254  walltime= 0.442h  Δwalltime=0.072s  timestep=17s  day=3.19
2025/08/20 23:31:58 iteration 16282  walltime= 0.443h  Δwalltime=0.071s  timestep=17s  day=3.19
2025/08/20 23:32:00 iteration 16309  walltime= 0.443h  Δwalltime=0.082s  timestep=17s  day=3.2
2025/08/20 23:32:02 iteration 16336  walltime= 0.444h  Δwalltime=0.068s  timestep=17s  day=3.2
2025/08/20 23:32:04 iteration 16363  walltime= 0.444h  Δwalltime=0.069s  timestep=17s  day=3.21
2025/08/20 23:32:06 iteration 16390  walltime= 0.445h  Δwalltime=0.095s  timestep=17s  day=3.21
2025/08/20 23:32:08 iteration 16417  walltime= 0.446h  Δwalltime=0.085s  timestep=17s  day=3.22
2025/08/20 23:32:10 iteration 16445  walltime= 0.446h  Δwalltime=0.069s  timestep=17s  day=3.22
2025/08/20 23:32:12 iteration 16471  walltime= 0.447h  Δwalltime=0.074s  timestep=17s  day=3.23
2025/08/20 23:32:14 iteration 16497  walltime= 0.447h  Δwalltime=0.08s  timestep=17s  day=3.24
2025/08/20 23:32:16 iteration 16524  walltime= 0.448h  Δwalltime=0.073s  timestep=17s  day=3.24
2025/08/20 23:32:18 iteration 16551  walltime= 0.448h  Δwalltime=0.077s  timestep=17s  day=3.25
2025/08/20 23:32:20 iteration 16578  walltime= 0.449h  Δwalltime=0.069s  timestep=17s  day=3.25
2025/08/20 23:32:21 Percent change since last convergence check:
VOC:			1.6%
VOC pop-wtd:		0.19%
SOA:			2.3%
SOA pop-wtd:		0.28%
PrimaryPM25:		1.4%
PrimaryPM25 pop-wtd:	0.17%
NH3:			1.4%
NH3 pop-wtd:		0.68%
pNH4:			2.2%
pNH4 pop-wtd:		0.76%
SOx:			0.14%
SOx pop-wtd:		0.014%
pSO4:			2%
pSO4 pop-wtd:		0.93%
NOx:			2.6%
NOx pop-wtd:		0.63%
pNO3:			2.8%
pNO3 pop-wtd:		0.92%
2025/08/20 23:32:22 iteration 16602  walltime= 0.449h  Δwalltime=0.068s  timestep=17s  day=3.26
2025/08/20 23:32:24 iteration 16628  walltime=  0.45h  Δwalltime=0.069s  timestep=17s  day=3.26
2025/08/20 23:32:26 iteration 16656  walltime= 0.451h  Δwalltime=0.07s  timestep=17s  day=3.27
2025/08/20 23:32:28 iteration 16682  walltime= 0.451h  Δwalltime=0.081s  timestep=17s  day=3.27
2025/08/20 23:32:30 iteration 16708  walltime= 0.452h  Δwalltime=0.07s  timestep=17s  day=3.28
2025/08/20 23:32:32 iteration 16736  walltime= 0.452h  Δwalltime=0.069s  timestep=17s  day=3.28
2025/08/20 23:32:34 iteration 16763  walltime= 0.453h  Δwalltime=0.093s  timestep=17s  day=3.29
2025/08/20 23:32:36 iteration 16789  walltime= 0.453h  Δwalltime=0.07s  timestep=17s  day=3.29
2025/08/20 23:32:38 iteration 16816  walltime= 0.454h  Δwalltime=0.069s  timestep=17s  day=3.3
2025/08/20 23:32:40 iteration 16842  walltime= 0.455h  Δwalltime= 0.1s  timestep=17s  day=3.3
2025/08/20 23:32:42 iteration 16869  walltime= 0.455h  Δwalltime=0.068s  timestep=17s  day=3.31
2025/08/20 23:32:44 iteration 16896  walltime= 0.456h  Δwalltime=0.081s  timestep=17s  day=3.31
2025/08/20 23:32:46 iteration 16923  walltime= 0.456h  Δwalltime=0.071s  timestep=17s  day=3.32
2025/08/20 23:32:48 iteration 16951  walltime= 0.457h  Δwalltime=0.07s  timestep=17s  day=3.32
2025/08/20 23:32:50 iteration 16978  walltime= 0.457h  Δwalltime=0.069s  timestep=17s  day=3.33
2025/08/20 23:32:52 iteration 17003  walltime= 0.458h  Δwalltime=0.078s  timestep=17s  day=3.33
2025/08/20 23:32:54 iteration 17030  walltime= 0.458h  Δwalltime=0.086s  timestep=17s  day=3.34
2025/08/20 23:32:56 iteration 17058  walltime= 0.459h  Δwalltime=0.072s  timestep=17s  day=3.35
2025/08/20 23:32:58 iteration 17084  walltime= 0.459h  Δwalltime=0.07s  timestep=17s  day=3.35
2025/08/20 23:33:00 iteration 17112  walltime=  0.46h  Δwalltime=0.075s  timestep=17s  day=3.36
2025/08/20 23:33:02 iteration 17140  walltime= 0.461h  Δwalltime=0.07s  timestep=17s  day=3.36
2025/08/20 23:33:04 iteration 17166  walltime= 0.461h  Δwalltime=0.069s  timestep=17s  day=3.37
2025/08/20 23:33:06 iteration 17193  walltime= 0.462h  Δwalltime=0.076s  timestep=17s  day=3.37
2025/08/20 23:33:08 iteration 17220  walltime= 0.462h  Δwalltime=0.082s  timestep=17s  day=3.38
2025/08/20 23:33:09 Percent change since last convergence check:
VOC:			1.5%
VOC pop-wtd:		0.18%
SOA:			2.2%
SOA pop-wtd:		0.26%
PrimaryPM25:		1.3%
PrimaryPM25 pop-wtd:	0.16%
NH3:			1.3%
NH3 pop-wtd:		0.63%
pNH4:			2.1%
pNH4 pop-wtd:		0.7%
SOx:			0.12%
SOx pop-wtd:		0.011%
pSO4:			1.9%
pSO4 pop-wtd:		0.84%
NOx:			2.5%
NOx pop-wtd:		0.6%
pNO3:			2.6%
pNO3 pop-wtd:		0.87%
2025/08/20 23:33:10 iteration 17245  walltime= 0.463h  Δwalltime=0.069s  timestep=17s  day=3.38
2025/08/20 23:33:12 iteration 17272  walltime= 0.463h  Δwalltime=0.07s  timestep=17s  day=3.39
2025/08/20 23:33:14 iteration 17295  walltime= 0.464h  Δwalltime= 0.1s  timestep=17s  day=3.39
2025/08/20 23:33:16 iteration 17319  walltime= 0.465h  Δwalltime=0.11s  timestep=17s  day=3.4
2025/08/20 23:33:18 iteration 17346  walltime= 0.465h  Δwalltime=0.078s  timestep=17s  day=3.4
2025/08/20 23:33:20 iteration 17372  walltime= 0.466h  Δwalltime=0.069s  timestep=17s  day=3.41
2025/08/20 23:33:22 iteration 17398  walltime= 0.466h  Δwalltime=0.071s  timestep=17s  day=3.41
2025/08/20 23:33:24 iteration 17426  walltime= 0.467h  Δwalltime=0.069s  timestep=17s  day=3.42
2025/08/20 23:33:26 iteration 17452  walltime= 0.467h  Δwalltime=0.084s  timestep=17s  day=3.42
2025/08/20 23:33:28 iteration 17479  walltime= 0.468h  Δwalltime=0.072s  timestep=17s  day=3.43
2025/08/20 23:33:30 iteration 17507  walltime= 0.468h  Δwalltime=0.069s  timestep=17s  day=3.43
2025/08/20 23:33:32 iteration 17534  walltime= 0.469h  Δwalltime=0.071s  timestep=17s  day=3.44
2025/08/20 23:33:34 iteration 17561  walltime=  0.47h  Δwalltime=0.08s  timestep=17s  day=3.44
2025/08/20 23:33:36 iteration 17588  walltime=  0.47h  Δwalltime=0.074s  timestep=17s  day=3.45
2025/08/20 23:33:38 iteration 17614  walltime= 0.471h  Δwalltime=0.071s  timestep=17s  day=3.45
2025/08/20 23:33:40 iteration 17642  walltime= 0.471h  Δwalltime=0.082s  timestep=17s  day=3.46
2025/08/20 23:33:42 iteration 17669  walltime= 0.472h  Δwalltime=0.081s  timestep=17s  day=3.46
2025/08/20 23:33:44 iteration 17693  walltime= 0.472h  Δwalltime=0.088s  timestep=17s  day=3.47
2025/08/20 23:33:46 iteration 17721  walltime= 0.473h  Δwalltime=0.073s  timestep=17s  day=3.48
2025/08/20 23:33:48 iteration 17746  walltime= 0.473h  Δwalltime=0.087s  timestep=17s  day=3.48
2025/08/20 23:33:50 iteration 17773  walltime= 0.474h  Δwalltime=0.079s  timestep=17s  day=3.49
2025/08/20 23:33:52 iteration 17801  walltime= 0.475h  Δwalltime=0.077s  timestep=17s  day=3.49
2025/08/20 23:33:54 iteration 17828  walltime= 0.475h  Δwalltime=0.074s  timestep=17s  day=3.5
2025/08/20 23:33:56 iteration 17855  walltime= 0.476h  Δwalltime=0.076s  timestep=17s  day=3.5
2025/08/20 23:33:57 Percent change since last convergence check:
VOC:			1.4%
VOC pop-wtd:		0.17%
SOA:			2.1%
SOA pop-wtd:		0.25%
PrimaryPM25:		1.2%
PrimaryPM25 pop-wtd:	0.15%
NH3:			1.2%
NH3 pop-wtd:		0.58%
pNH4:			1.9%
pNH4 pop-wtd:		0.66%
SOx:			0.11%
SOx pop-wtd:		0.0095%
pSO4:			1.7%
pSO4 pop-wtd:		0.76%
NOx:			2.3%
NOx pop-wtd:		0.56%
pNO3:			2.5%
pNO3 pop-wtd:		0.82%
2025/08/20 23:33:58 iteration 17880  walltime= 0.476h  Δwalltime=0.079s  timestep=17s  day=3.51
2025/08/20 23:34:00 iteration 17907  walltime= 0.477h  Δwalltime=0.069s  timestep=17s  day=3.51
2025/08/20 23:34:02 iteration 17933  walltime= 0.477h  Δwalltime=0.084s  timestep=17s  day=3.52
2025/08/20 23:34:04 iteration 17960  walltime= 0.478h  Δwalltime=0.078s  timestep=17s  day=3.52
2025/08/20 23:34:06 iteration 17987  walltime= 0.478h  Δwalltime=0.074s  timestep=17s  day=3.53
2025/08/20 23:34:08 iteration 18014  walltime= 0.479h  Δwalltime=0.072s  timestep=17s  day=3.53
2025/08/20 23:34:10 iteration 18042  walltime=  0.48h  Δwalltime=0.071s  timestep=17s  day=3.54
2025/08/20 23:34:12 iteration 18069  walltime=  0.48h  Δwalltime=0.069s  timestep=17s  day=3.54
2025/08/20 23:34:14 iteration 18096  walltime= 0.481h  Δwalltime=0.07s  timestep=17s  day=3.55
2025/08/20 23:34:16 iteration 18123  walltime= 0.481h  Δwalltime=0.08s  timestep=17s  day=3.55
2025/08/20 23:34:18 iteration 18149  walltime= 0.482h  Δwalltime=0.083s  timestep=17s  day=3.56
2025/08/20 23:34:20 iteration 18176  walltime= 0.482h  Δwalltime=0.078s  timestep=17s  day=3.56
2025/08/20 23:34:22 iteration 18201  walltime= 0.483h  Δwalltime=0.084s  timestep=17s  day=3.57
2025/08/20 23:34:24 iteration 18227  walltime= 0.483h  Δwalltime=0.085s  timestep=17s  day=3.57
2025/08/20 23:34:26 iteration 18254  walltime= 0.484h  Δwalltime=0.075s  timestep=17s  day=3.58
2025/08/20 23:34:28 iteration 18281  walltime= 0.485h  Δwalltime=0.068s  timestep=17s  day=3.58
2025/08/20 23:34:30 iteration 18309  walltime= 0.485h  Δwalltime=0.069s  timestep=17s  day=3.59
2025/08/20 23:34:32 iteration 18336  walltime= 0.486h  Δwalltime=0.07s  timestep=17s  day=3.6
2025/08/20 23:34:34 iteration 18362  walltime= 0.486h  Δwalltime=0.07s  timestep=17s  day=3.6
2025/08/20 23:34:36 iteration 18389  walltime= 0.487h  Δwalltime=0.07s  timestep=17s  day=3.61
2025/08/20 23:34:38 iteration 18417  walltime= 0.487h  Δwalltime=0.07s  timestep=17s  day=3.61
2025/08/20 23:34:40 iteration 18443  walltime= 0.488h  Δwalltime=0.07s  timestep=17s  day=3.62
2025/08/20 23:34:42 iteration 18469  walltime= 0.488h  Δwalltime=0.078s  timestep=17s  day=3.62
2025/08/20 23:34:44 iteration 18497  walltime= 0.489h  Δwalltime=0.068s  timestep=17s  day=3.63
2025/08/20 23:34:45 Percent change since last convergence check:
VOC:			1.3%
VOC pop-wtd:		0.16%
SOA:			1.9%
SOA pop-wtd:		0.23%
PrimaryPM25:		1.1%
PrimaryPM25 pop-wtd:	0.14%
NH3:			1.1%
NH3 pop-wtd:		0.54%
pNH4:			1.8%
pNH4 pop-wtd:		0.61%
SOx:			0.091%
SOx pop-wtd:		0.0079%
pSO4:			1.6%
pSO4 pop-wtd:		0.68%
NOx:			2.2%
NOx pop-wtd:		0.53%
pNO3:			2.3%
pNO3 pop-wtd:		0.78%
2025/08/20 23:34:46 iteration 18521  walltime=  0.49h  Δwalltime=0.078s  timestep=17s  day=3.63
2025/08/20 23:34:48 iteration 18548  walltime=  0.49h  Δwalltime=0.071s  timestep=17s  day=3.64
2025/08/20 23:34:50 iteration 18575  walltime= 0.491h  Δwalltime=0.086s  timestep=17s  day=3.64
2025/08/20 23:34:52 iteration 18602  walltime= 0.491h  Δwalltime=0.069s  timestep=17s  day=3.65
2025/08/20 23:34:54 iteration 18629  walltime= 0.492h  Δwalltime=0.075s  timestep=17s  day=3.65
2025/08/20 23:34:56 iteration 18655  walltime= 0.492h  Δwalltime=0.091s  timestep=17s  day=3.66
2025/08/20 23:34:58 iteration 18681  walltime= 0.493h  Δwalltime=0.069s  timestep=17s  day=3.66
2025/08/20 23:35:00 iteration 18708  walltime= 0.493h  Δwalltime=0.085s  timestep=17s  day=3.67
2025/08/20 23:35:02 iteration 18733  walltime= 0.494h  Δwalltime=0.087s  timestep=17s  day=3.67
2025/08/20 23:35:04 iteration 18761  walltime= 0.495h  Δwalltime=0.074s  timestep=17s  day=3.68
2025/08/20 23:35:06 iteration 18784  walltime= 0.495h  Δwalltime=0.079s  timestep=17s  day=3.68
2025/08/20 23:35:08 iteration 18811  walltime= 0.496h  Δwalltime=0.07s  timestep=17s  day=3.69
2025/08/20 23:35:10 iteration 18839  walltime= 0.496h  Δwalltime=0.078s  timestep=17s  day=3.69
2025/08/20 23:35:12 iteration 18866  walltime= 0.497h  Δwalltime=0.073s  timestep=17s  day=3.7
2025/08/20 23:35:14 iteration 18893  walltime= 0.497h  Δwalltime=0.069s  timestep=17s  day=3.7
2025/08/20 23:35:16 iteration 18921  walltime= 0.498h  Δwalltime=0.069s  timestep=17s  day=3.71
2025/08/20 23:35:18 iteration 18949  walltime= 0.498h  Δwalltime=0.067s  timestep=17s  day=3.72
2025/08/20 23:35:20 iteration 18976  walltime= 0.499h  Δwalltime=0.083s  timestep=17s  day=3.72
2025/08/20 23:35:22 iteration 19004  walltime=   0.5h  Δwalltime=0.081s  timestep=17s  day=3.73
2025/08/20 23:35:24 iteration 19030  walltime=   0.5h  Δwalltime=0.081s  timestep=17s  day=3.73
2025/08/20 23:35:26 iteration 19057  walltime= 0.501h  Δwalltime=0.069s  timestep=17s  day=3.74
2025/08/20 23:35:28 iteration 19085  walltime= 0.501h  Δwalltime=0.073s  timestep=17s  day=3.74
2025/08/20 23:35:30 iteration 19111  walltime= 0.502h  Δwalltime=0.092s  timestep=17s  day=3.75
2025/08/20 23:35:32 iteration 19138  walltime= 0.502h  Δwalltime=0.069s  timestep=17s  day=3.75
2025/08/20 23:35:33 Percent change since last convergence check:
VOC:			1.3%
VOC pop-wtd:		0.14%
SOA:			1.8%
SOA pop-wtd:		0.21%
PrimaryPM25:		1.1%
PrimaryPM25 pop-wtd:	0.12%
NH3:			1%
NH3 pop-wtd:		0.51%
pNH4:			1.7%
pNH4 pop-wtd:		0.57%
SOx:			0.079%
SOx pop-wtd:		0.0065%
pSO4:			1.5%
pSO4 pop-wtd:		0.62%
NOx:			2.1%
NOx pop-wtd:		0.5%
pNO3:			2.2%
pNO3 pop-wtd:		0.74%
2025/08/20 23:35:34 iteration 19163  walltime= 0.503h  Δwalltime=0.081s  timestep=17s  day=3.76
2025/08/20 23:35:36 iteration 19190  walltime= 0.503h  Δwalltime=0.073s  timestep=17s  day=3.76
2025/08/20 23:35:38 iteration 19217  walltime= 0.504h  Δwalltime=0.07s  timestep=17s  day=3.77
2025/08/20 23:35:40 iteration 19244  walltime= 0.505h  Δwalltime=0.07s  timestep=17s  day=3.77
2025/08/20 23:35:42 iteration 19270  walltime= 0.505h  Δwalltime=0.07s  timestep=17s  day=3.78
2025/08/20 23:35:44 iteration 19295  walltime= 0.506h  Δwalltime=0.068s  timestep=17s  day=3.78
2025/08/20 23:35:46 iteration 19323  walltime= 0.506h  Δwalltime=0.069s  timestep=17s  day=3.79
2025/08/20 23:35:48 iteration 19349  walltime= 0.507h  Δwalltime=0.081s  timestep=17s  day=3.79
2025/08/20 23:35:50 iteration 19376  walltime= 0.507h  Δwalltime=0.073s  timestep=17s  day=3.8
2025/08/20 23:35:52 iteration 19403  walltime= 0.508h  Δwalltime=0.073s  timestep=17s  day=3.8
2025/08/20 23:35:54 iteration 19429  walltime= 0.508h  Δwalltime=0.072s  timestep=17s  day=3.81
2025/08/20 23:35:56 iteration 19457  walltime= 0.509h  Δwalltime=0.081s  timestep=17s  day=3.82
2025/08/20 23:35:58 iteration 19483  walltime=  0.51h  Δwalltime=0.089s  timestep=17s  day=3.82
2025/08/20 23:36:00 iteration 19510  walltime=  0.51h  Δwalltime=0.068s  timestep=17s  day=3.83
2025/08/20 23:36:02 iteration 19536  walltime= 0.511h  Δwalltime=0.076s  timestep=17s  day=3.83
2025/08/20 23:36:04 iteration 19563  walltime= 0.511h  Δwalltime=0.071s  timestep=17s  day=3.84
2025/08/20 23:36:06 iteration 19591  walltime= 0.512h  Δwalltime=0.069s  timestep=17s  day=3.84
2025/08/20 23:36:08 iteration 19618  walltime= 0.512h  Δwalltime=0.079s  timestep=17s  day=3.85
2025/08/20 23:36:10 iteration 19643  walltime= 0.513h  Δwalltime=0.072s  timestep=17s  day=3.85
2025/08/20 23:36:12 iteration 19671  walltime= 0.513h  Δwalltime=0.07s  timestep=17s  day=3.86
2025/08/20 23:36:14 iteration 19697  walltime= 0.514h  Δwalltime=0.069s  timestep=17s  day=3.86
2025/08/20 23:36:16 iteration 19723  walltime= 0.515h  Δwalltime=0.068s  timestep=17s  day=3.87
2025/08/20 23:36:18 iteration 19751  walltime= 0.515h  Δwalltime=0.07s  timestep=17s  day=3.87
2025/08/20 23:36:20 iteration 19778  walltime= 0.516h  Δwalltime=0.086s  timestep=17s  day=3.88
2025/08/20 23:36:21 Percent change since last convergence check:
VOC:			1.2%
VOC pop-wtd:		0.14%
SOA:			1.7%
SOA pop-wtd:		0.2%
PrimaryPM25:		0.98%
PrimaryPM25 pop-wtd:	0.12%
NH3:			0.94%
NH3 pop-wtd:		0.47%
pNH4:			1.6%
pNH4 pop-wtd:		0.54%
SOx:			0.068%
SOx pop-wtd:		0.0054%
pSO4:			1.4%
pSO4 pop-wtd:		0.56%
NOx:			2%
NOx pop-wtd:		0.48%
pNO3:			2.1%
pNO3 pop-wtd:		0.7%
2025/08/20 23:36:22 iteration 19802  walltime= 0.516h  Δwalltime=0.085s  timestep=17s  day=3.88
2025/08/20 23:36:24 iteration 19828  walltime= 0.517h  Δwalltime=0.082s  timestep=17s  day=3.89
2025/08/20 23:36:26 iteration 19855  walltime= 0.517h  Δwalltime=0.078s  timestep=17s  day=3.89
2025/08/20 23:36:28 iteration 19882  walltime= 0.518h  Δwalltime=0.07s  timestep=17s  day=3.9
2025/08/20 23:36:30 iteration 19910  walltime= 0.518h  Δwalltime=0.075s  timestep=17s  day=3.9
2025/08/20 23:36:32 iteration 19936  walltime= 0.519h  Δwalltime=0.09s  timestep=17s  day=3.91
2025/08/20 23:36:34 iteration 19964  walltime=  0.52h  Δwalltime=0.069s  timestep=17s  day=3.91
2025/08/20 23:36:36 iteration 19991  walltime=  0.52h  Δwalltime=0.078s  timestep=17s  day=3.92
2025/08/20 23:36:38 iteration 20018  walltime= 0.521h  Δwalltime=0.071s  timestep=17s  day=3.93
2025/08/20 23:36:40 iteration 20046  walltime= 0.521h  Δwalltime=0.07s  timestep=17s  day=3.93
2025/08/20 23:36:42 iteration 20074  walltime= 0.522h  Δwalltime=0.07s  timestep=17s  day=3.94
2025/08/20 23:36:44 iteration 20099  walltime= 0.522h  Δwalltime=0.074s  timestep=17s  day=3.94
2025/08/20 23:36:46 iteration 20127  walltime= 0.523h  Δwalltime=0.07s  timestep=17s  day=3.95
2025/08/20 23:36:48 iteration 20156  walltime= 0.523h  Δwalltime=0.07s  timestep=17s  day=3.95
2025/08/20 23:36:50 iteration 20181  walltime= 0.524h  Δwalltime=0.069s  timestep=17s  day=3.96
2025/08/20 23:36:52 iteration 20208  walltime= 0.525h  Δwalltime=0.07s  timestep=17s  day=3.96
2025/08/20 23:36:54 iteration 20235  walltime= 0.525h  Δwalltime=0.069s  timestep=17s  day=3.97
2025/08/20 23:36:56 iteration 20261  walltime= 0.526h  Δwalltime=0.07s  timestep=17s  day=3.97
2025/08/20 23:36:58 iteration 20289  walltime= 0.526h  Δwalltime=0.071s  timestep=17s  day=3.98
2025/08/20 23:37:00 iteration 20316  walltime= 0.527h  Δwalltime=0.095s  timestep=17s  day=3.98
2025/08/20 23:37:02 iteration 20343  walltime= 0.527h  Δwalltime=0.068s  timestep=17s  day=3.99
2025/08/20 23:37:04 iteration 20369  walltime= 0.528h  Δwalltime=0.07s  timestep=17s  day=3.99
2025/08/20 23:37:06 iteration 20396  walltime= 0.528h  Δwalltime=0.077s  timestep=17s  day=4
2025/08/20 23:37:08 Percent change since last convergence check:
VOC:			1.1%
VOC pop-wtd:		0.13%
SOA:			1.6%
SOA pop-wtd:		0.19%
PrimaryPM25:		0.91%
PrimaryPM25 pop-wtd:	0.11%
NH3:			0.88%
NH3 pop-wtd:		0.44%
pNH4:			1.5%
pNH4 pop-wtd:		0.5%
SOx:			0.059%
SOx pop-wtd:		0.0045%
pSO4:			1.3%
pSO4 pop-wtd:		0.51%
NOx:			1.9%
NOx pop-wtd:		0.45%
pNO3:			2%
pNO3 pop-wtd:		0.67%
2025/08/20 23:37:08 iteration 20420  walltime= 0.529h  Δwalltime=0.076s  timestep=17s  day=4
2025/08/20 23:37:10 iteration 20447  walltime=  0.53h  Δwalltime=0.069s  timestep=17s  day=4.01
2025/08/20 23:37:12 iteration 20474  walltime=  0.53h  Δwalltime=0.077s  timestep=17s  day=4.01
2025/08/20 23:37:14 iteration 20500  walltime= 0.531h  Δwalltime=0.071s  timestep=17s  day=4.02
2025/08/20 23:37:16 iteration 20526  walltime= 0.531h  Δwalltime=0.073s  timestep=17s  day=4.03
2025/08/20 23:37:18 iteration 20553  walltime= 0.532h  Δwalltime=0.068s  timestep=17s  day=4.03
2025/08/20 23:37:20 iteration 20580  walltime= 0.532h  Δwalltime=0.07s  timestep=17s  day=4.04
2025/08/20 23:37:22 iteration 20606  walltime= 0.533h  Δwalltime=0.071s  timestep=17s  day=4.04
2025/08/20 23:37:24 iteration 20633  walltime= 0.533h  Δwalltime=0.072s  timestep=17s  day=4.05
2025/08/20 23:37:26 iteration 20661  walltime= 0.534h  Δwalltime=0.072s  timestep=17s  day=4.05
2025/08/20 23:37:28 iteration 20688  walltime= 0.535h  Δwalltime=0.076s  timestep=17s  day=4.06
2025/08/20 23:37:30 iteration 20714  walltime= 0.535h  Δwalltime=0.071s  timestep=17s  day=4.06
2025/08/20 23:37:32 iteration 20740  walltime= 0.536h  Δwalltime=0.069s  timestep=17s  day=4.07
2025/08/20 23:37:34 iteration 20766  walltime= 0.536h  Δwalltime=0.082s  timestep=17s  day=4.07
2025/08/20 23:37:36 iteration 20791  walltime= 0.537h  Δwalltime=0.084s  timestep=17s  day=4.08
2025/08/20 23:37:38 iteration 20818  walltime= 0.537h  Δwalltime=0.07s  timestep=17s  day=4.08
2025/08/20 23:37:40 iteration 20843  walltime= 0.538h  Δwalltime=0.081s  timestep=17s  day=4.09
2025/08/20 23:37:42 iteration 20871  walltime= 0.538h  Δwalltime=0.077s  timestep=17s  day=4.09
2025/08/20 23:37:44 iteration 20897  walltime= 0.539h  Δwalltime=0.069s  timestep=17s  day=4.1
2025/08/20 23:37:46 iteration 20923  walltime=  0.54h  Δwalltime=0.07s  timestep=17s  day=4.1
2025/08/20 23:37:48 iteration 20950  walltime=  0.54h  Δwalltime=0.069s  timestep=17s  day=4.11
2025/08/20 23:37:50 iteration 20978  walltime= 0.541h  Δwalltime=0.075s  timestep=17s  day=4.11
2025/08/20 23:37:52 iteration 21005  walltime= 0.541h  Δwalltime=0.07s  timestep=17s  day=4.12
2025/08/20 23:37:54 iteration 21033  walltime= 0.542h  Δwalltime=0.072s  timestep=17s  day=4.12
2025/08/20 23:37:56 Percent change since last convergence check:
VOC:			1%
VOC pop-wtd:		0.12%
SOA:			1.5%
SOA pop-wtd:		0.18%
PrimaryPM25:		0.85%
PrimaryPM25 pop-wtd:	0.098%
NH3:			0.82%
NH3 pop-wtd:		0.41%
pNH4:			1.4%
pNH4 pop-wtd:		0.47%
SOx:			0.051%
SOx pop-wtd:		0.0038%
pSO4:			1.2%
pSO4 pop-wtd:		0.47%
NOx:			1.8%
NOx pop-wtd:		0.43%
pNO3:			1.9%
pNO3 pop-wtd:		0.64%
2025/08/20 23:37:56 iteration 21059  walltime= 0.542h  Δwalltime=0.07s  timestep=17s  day=4.13
2025/08/20 23:37:58 iteration 21084  walltime= 0.543h  Δwalltime=0.069s  timestep=17s  day=4.13
2025/08/20 23:38:00 iteration 21111  walltime= 0.543h  Δwalltime=0.068s  timestep=17s  day=4.14
2025/08/20 23:38:02 iteration 21139  walltime= 0.544h  Δwalltime=0.07s  timestep=17s  day=4.15
2025/08/20 23:38:04 iteration 21164  walltime= 0.545h  Δwalltime=0.069s  timestep=17s  day=4.15
2025/08/20 23:38:06 iteration 21192  walltime= 0.545h  Δwalltime=0.07s  timestep=17s  day=4.16
2025/08/20 23:38:08 iteration 21219  walltime= 0.546h  Δwalltime=0.07s  timestep=17s  day=4.16
2025/08/20 23:38:10 iteration 21246  walltime= 0.546h  Δwalltime=0.069s  timestep=17s  day=4.17
2025/08/20 23:38:12 iteration 21273  walltime= 0.547h  Δwalltime=0.07s  timestep=17s  day=4.17
2025/08/20 23:38:14 iteration 21300  walltime= 0.547h  Δwalltime=0.085s  timestep=17s  day=4.18
2025/08/20 23:38:16 iteration 21326  walltime= 0.548h  Δwalltime=0.072s  timestep=17s  day=4.18
2025/08/20 23:38:18 iteration 21353  walltime= 0.548h  Δwalltime=0.073s  timestep=17s  day=4.19
2025/08/20 23:38:20 iteration 21379  walltime= 0.549h  Δwalltime=0.07s  timestep=17s  day=4.19
2025/08/20 23:38:22 iteration 21407  walltime=  0.55h  Δwalltime=0.079s  timestep=17s  day=4.2
2025/08/20 23:38:24 iteration 21435  walltime=  0.55h  Δwalltime=0.072s  timestep=17s  day=4.2
2025/08/20 23:38:26 iteration 21461  walltime= 0.551h  Δwalltime=0.07s  timestep=17s  day=4.21
2025/08/20 23:38:28 iteration 21488  walltime= 0.551h  Δwalltime=0.077s  timestep=17s  day=4.21
2025/08/20 23:38:30 iteration 21515  walltime= 0.552h  Δwalltime=0.07s  timestep=17s  day=4.22
2025/08/20 23:38:32 iteration 21541  walltime= 0.552h  Δwalltime=0.071s  timestep=17s  day=4.22
2025/08/20 23:38:34 iteration 21567  walltime= 0.553h  Δwalltime=0.069s  timestep=17s  day=4.23
2025/08/20 23:38:36 iteration 21595  walltime= 0.553h  Δwalltime=0.069s  timestep=17s  day=4.23
2025/08/20 23:38:38 iteration 21622  walltime= 0.554h  Δwalltime=0.076s  timestep=17s  day=4.24
2025/08/20 23:38:40 iteration 21648  walltime= 0.555h  Δwalltime=0.081s  timestep=17s  day=4.25
2025/08/20 23:38:42 iteration 21676  walltime= 0.555h  Δwalltime=0.078s  timestep=17s  day=4.25
2025/08/20 23:38:44 Percent change since last convergence check:
VOC:			0.98%
VOC pop-wtd:		0.11%
SOA:			1.4%
SOA pop-wtd:		0.17%
PrimaryPM25:		0.79%
PrimaryPM25 pop-wtd:	0.091%
NH3:			0.76%
NH3 pop-wtd:		0.39%
pNH4:			1.3%
pNH4 pop-wtd:		0.44%
SOx:			0.045%
SOx pop-wtd:		0.0032%
pSO4:			1.1%
pSO4 pop-wtd:		0.43%
NOx:			1.7%
NOx pop-wtd:		0.41%
pNO3:			1.8%
pNO3 pop-wtd:		0.61%
2025/08/20 23:38:44 iteration 21701  walltime= 0.556h  Δwalltime=0.071s  timestep=17s  day=4.26
2025/08/20 23:38:46 iteration 21729  walltime= 0.556h  Δwalltime=0.069s  timestep=17s  day=4.26
2025/08/20 23:38:48 iteration 21756  walltime= 0.557h  Δwalltime=0.083s  timestep=17s  day=4.27
2025/08/20 23:38:50 iteration 21782  walltime= 0.557h  Δwalltime=0.077s  timestep=17s  day=4.27
2025/08/20 23:38:52 iteration 21809  walltime= 0.558h  Δwalltime=0.07s  timestep=17s  day=4.28
2025/08/20 23:38:54 iteration 21835  walltime= 0.558h  Δwalltime=0.077s  timestep=17s  day=4.28
2025/08/20 23:38:56 iteration 21862  walltime= 0.559h  Δwalltime=0.075s  timestep=17s  day=4.29
2025/08/20 23:38:58 iteration 21889  walltime=  0.56h  Δwalltime=0.071s  timestep=17s  day=4.29
2025/08/20 23:39:00 iteration 21915  walltime=  0.56h  Δwalltime=0.068s  timestep=17s  day=4.3
2025/08/20 23:39:02 iteration 21943  walltime= 0.561h  Δwalltime=0.072s  timestep=17s  day=4.3
2025/08/20 23:39:04 iteration 21970  walltime= 0.561h  Δwalltime=0.071s  timestep=17s  day=4.31
2025/08/20 23:39:06 iteration 21997  walltime= 0.562h  Δwalltime=0.077s  timestep=17s  day=4.31
2025/08/20 23:39:08 iteration 22025  walltime= 0.562h  Δwalltime=0.069s  timestep=17s  day=4.32
2025/08/20 23:39:10 iteration 22051  walltime= 0.563h  Δwalltime=0.081s  timestep=17s  day=4.32
2025/08/20 23:39:12 iteration 22077  walltime= 0.563h  Δwalltime=0.068s  timestep=17s  day=4.33
2025/08/20 23:39:14 iteration 22105  walltime= 0.564h  Δwalltime=0.072s  timestep=17s  day=4.33
2025/08/20 23:39:16 iteration 22131  walltime= 0.564h  Δwalltime=0.072s  timestep=17s  day=4.34
2025/08/20 23:39:18 iteration 22157  walltime= 0.565h  Δwalltime=0.088s  timestep=17s  day=4.35
2025/08/20 23:39:20 iteration 22184  walltime= 0.566h  Δwalltime=0.069s  timestep=17s  day=4.35
2025/08/20 23:39:22 iteration 22210  walltime= 0.566h  Δwalltime=0.078s  timestep=17s  day=4.36
2025/08/20 23:39:24 iteration 22237  walltime= 0.567h  Δwalltime=0.068s  timestep=17s  day=4.36
2025/08/20 23:39:26 iteration 22264  walltime= 0.567h  Δwalltime=0.077s  timestep=17s  day=4.37
2025/08/20 23:39:28 iteration 22289  walltime= 0.568h  Δwalltime=0.072s  timestep=17s  day=4.37
2025/08/20 23:39:30 iteration 22316  walltime= 0.568h  Δwalltime=0.068s  timestep=17s  day=4.38
2025/08/20 23:39:32 Percent change since last convergence check:
VOC:			0.92%
VOC pop-wtd:		0.1%
SOA:			1.4%
SOA pop-wtd:		0.16%
PrimaryPM25:		0.74%
PrimaryPM25 pop-wtd:	0.084%
NH3:			0.71%
NH3 pop-wtd:		0.36%
pNH4:			1.2%
pNH4 pop-wtd:		0.41%
SOx:			0.039%
SOx pop-wtd:		0.0027%
pSO4:			1%
pSO4 pop-wtd:		0.39%
NOx:			1.6%
NOx pop-wtd:		0.39%
pNO3:			1.7%
pNO3 pop-wtd:		0.58%
2025/08/20 23:39:32 iteration 22341  walltime= 0.569h  Δwalltime=0.078s  timestep=17s  day=4.38
2025/08/20 23:39:34 iteration 22367  walltime=  0.57h  Δwalltime=0.081s  timestep=17s  day=4.39
2025/08/20 23:39:36 iteration 22394  walltime=  0.57h  Δwalltime=0.069s  timestep=17s  day=4.39
2025/08/20 23:39:38 iteration 22421  walltime= 0.571h  Δwalltime=0.069s  timestep=17s  day=4.4
2025/08/20 23:39:40 iteration 22447  walltime= 0.571h  Δwalltime=0.087s  timestep=17s  day=4.4
2025/08/20 23:39:42 iteration 22474  walltime= 0.572h  Δwalltime=0.071s  timestep=17s  day=4.41
2025/08/20 23:39:44 iteration 22499  walltime= 0.572h  Δwalltime=0.071s  timestep=17s  day=4.41
2025/08/20 23:39:46 iteration 22525  walltime= 0.573h  Δwalltime=0.07s  timestep=17s  day=4.42
2025/08/20 23:39:48 iteration 22552  walltime= 0.573h  Δwalltime=0.077s  timestep=17s  day=4.42
2025/08/20 23:39:50 iteration 22579  walltime= 0.574h  Δwalltime=0.077s  timestep=17s  day=4.43
2025/08/20 23:39:52 iteration 22605  walltime= 0.575h  Δwalltime=0.07s  timestep=17s  day=4.43
2025/08/20 23:39:54 iteration 22633  walltime= 0.575h  Δwalltime=0.071s  timestep=17s  day=4.44
2025/08/20 23:39:56 iteration 22659  walltime= 0.576h  Δwalltime=0.08s  timestep=17s  day=4.44
2025/08/20 23:39:58 iteration 22687  walltime= 0.576h  Δwalltime=0.069s  timestep=17s  day=4.45
2025/08/20 23:40:00 iteration 22715  walltime= 0.577h  Δwalltime=0.075s  timestep=17s  day=4.45
2025/08/20 23:40:02 iteration 22741  walltime= 0.577h  Δwalltime=0.09s  timestep=17s  day=4.46
2025/08/20 23:40:04 iteration 22768  walltime= 0.578h  Δwalltime=0.07s  timestep=17s  day=4.46
2025/08/20 23:40:06 iteration 22795  walltime= 0.578h  Δwalltime=0.07s  timestep=17s  day=4.47
2025/08/20 23:40:08 iteration 22822  walltime= 0.579h  Δwalltime=0.07s  timestep=17s  day=4.48
2025/08/20 23:40:10 iteration 22850  walltime=  0.58h  Δwalltime=0.068s  timestep=17s  day=4.48
2025/08/20 23:40:12 iteration 22877  walltime=  0.58h  Δwalltime=0.07s  timestep=17s  day=4.49
2025/08/20 23:40:14 iteration 22903  walltime= 0.581h  Δwalltime=0.081s  timestep=17s  day=4.49
2025/08/20 23:40:16 iteration 22931  walltime= 0.581h  Δwalltime=0.079s  timestep=17s  day=4.5
2025/08/20 23:40:18 iteration 22957  walltime= 0.582h  Δwalltime=0.068s  timestep=17s  day=4.5
2025/08/20 23:40:19 Percent change since last convergence check:
VOC:			0.87%
VOC pop-wtd:		0.099%
SOA:			1.3%
SOA pop-wtd:		0.15%
PrimaryPM25:		0.69%
PrimaryPM25 pop-wtd:	0.078%
NH3:			0.66%
NH3 pop-wtd:		0.34%
pNH4:			1.2%
pNH4 pop-wtd:		0.39%
SOx:			0.034%
SOx pop-wtd:		0.0022%
pSO4:			0.94%
pSO4 pop-wtd:		0.36%
NOx:			1.5%
NOx pop-wtd:		0.37%
pNO3:			1.6%
pNO3 pop-wtd:		0.55%
2025/08/20 23:40:20 iteration 22981  walltime= 0.582h  Δwalltime=0.07s  timestep=17s  day=4.51
2025/08/20 23:40:22 iteration 23008  walltime= 0.583h  Δwalltime=0.069s  timestep=17s  day=4.51
2025/08/20 23:40:24 iteration 23035  walltime= 0.583h  Δwalltime=0.095s  timestep=17s  day=4.52
2025/08/20 23:40:26 iteration 23060  walltime= 0.584h  Δwalltime=0.078s  timestep=17s  day=4.52
2025/08/20 23:40:28 iteration 23086  walltime= 0.585h  Δwalltime=0.07s  timestep=17s  day=4.53
2025/08/20 23:40:30 iteration 23113  walltime= 0.585h  Δwalltime=0.093s  timestep=17s  day=4.53
2025/08/20 23:40:32 iteration 23140  walltime= 0.586h  Δwalltime=0.071s  timestep=17s  day=4.54
2025/08/20 23:40:34 iteration 23168  walltime= 0.586h  Δwalltime=0.077s  timestep=17s  day=4.54
2025/08/20 23:40:36 iteration 23194  walltime= 0.587h  Δwalltime=0.069s  timestep=17s  day=4.55
2025/08/20 23:40:38 iteration 23221  walltime= 0.587h  Δwalltime=0.078s  timestep=17s  day=4.55
2025/08/20 23:40:40 iteration 23248  walltime= 0.588h  Δwalltime=0.082s  timestep=17s  day=4.56
2025/08/20 23:40:42 iteration 23274  walltime= 0.588h  Δwalltime=0.072s  timestep=17s  day=4.56
2025/08/20 23:40:44 iteration 23302  walltime= 0.589h  Δwalltime=0.068s  timestep=17s  day=4.57
2025/08/20 23:40:46 iteration 23330  walltime=  0.59h  Δwalltime=0.07s  timestep=17s  day=4.58
2025/08/20 23:40:48 iteration 23356  walltime=  0.59h  Δwalltime=0.074s  timestep=17s  day=4.58
2025/08/20 23:40:50 iteration 23384  walltime= 0.591h  Δwalltime=0.076s  timestep=17s  day=4.59
2025/08/20 23:40:52 iteration 23411  walltime= 0.591h  Δwalltime=0.069s  timestep=17s  day=4.59
2025/08/20 23:40:54 iteration 23436  walltime= 0.592h  Δwalltime=0.082s  timestep=17s  day=4.6
2025/08/20 23:40:56 iteration 23463  walltime= 0.592h  Δwalltime=0.07s  timestep=17s  day=4.6
2025/08/20 23:40:58 iteration 23490  walltime= 0.593h  Δwalltime=0.081s  timestep=17s  day=4.61
2025/08/20 23:41:00 iteration 23516  walltime= 0.593h  Δwalltime=0.069s  timestep=17s  day=4.61
2025/08/20 23:41:02 iteration 23543  walltime= 0.594h  Δwalltime=0.07s  timestep=17s  day=4.62
2025/08/20 23:41:04 iteration 23569  walltime= 0.595h  Δwalltime=0.078s  timestep=17s  day=4.62
2025/08/20 23:41:06 iteration 23596  walltime= 0.595h  Δwalltime=0.069s  timestep=17s  day=4.63
2025/08/20 23:41:07 Percent change since last convergence check:
VOC:			0.82%
VOC pop-wtd:		0.093%
SOA:			1.2%
SOA pop-wtd:		0.14%
PrimaryPM25:		0.65%
PrimaryPM25 pop-wtd:	0.073%
NH3:			0.62%
NH3 pop-wtd:		0.32%
pNH4:			1.1%
pNH4 pop-wtd:		0.36%
SOx:			0.03%
SOx pop-wtd:		0.0019%
pSO4:			0.87%
pSO4 pop-wtd:		0.33%
NOx:			1.5%
NOx pop-wtd:		0.35%
pNO3:			1.5%
pNO3 pop-wtd:		0.53%
2025/08/20 23:41:08 iteration 23621  walltime= 0.596h  Δwalltime=0.082s  timestep=17s  day=4.63
2025/08/20 23:41:10 iteration 23647  walltime= 0.596h  Δwalltime=0.076s  timestep=17s  day=4.64
2025/08/20 23:41:12 iteration 23675  walltime= 0.597h  Δwalltime=0.071s  timestep=17s  day=4.64
2025/08/20 23:41:14 iteration 23702  walltime= 0.597h  Δwalltime=0.083s  timestep=17s  day=4.65
2025/08/20 23:41:16 iteration 23728  walltime= 0.598h  Δwalltime=0.07s  timestep=17s  day=4.65
2025/08/20 23:41:18 iteration 23755  walltime= 0.598h  Δwalltime=0.07s  timestep=17s  day=4.66
2025/08/20 23:41:20 iteration 23782  walltime= 0.599h  Δwalltime=0.073s  timestep=17s  day=4.66
2025/08/20 23:41:22 iteration 23808  walltime=   0.6h  Δwalltime=0.069s  timestep=17s  day=4.67
2025/08/20 23:41:24 iteration 23835  walltime=   0.6h  Δwalltime=0.07s  timestep=17s  day=4.67
2025/08/20 23:41:26 iteration 23861  walltime= 0.601h  Δwalltime=0.068s  timestep=17s  day=4.68
2025/08/20 23:41:28 iteration 23888  walltime= 0.601h  Δwalltime=0.068s  timestep=17s  day=4.68
2025/08/20 23:41:30 iteration 23916  walltime= 0.602h  Δwalltime=0.076s  timestep=17s  day=4.69
2025/08/20 23:41:32 iteration 23943  walltime= 0.602h  Δwalltime=0.081s  timestep=17s  day=4.7
2025/08/20 23:41:34 iteration 23970  walltime= 0.603h  Δwalltime=0.071s  timestep=17s  day=4.7
2025/08/20 23:41:36 iteration 23997  walltime= 0.603h  Δwalltime=0.072s  timestep=17s  day=4.71
2025/08/20 23:41:38 iteration 24024  walltime= 0.604h  Δwalltime=0.079s  timestep=17s  day=4.71
2025/08/20 23:41:40 iteration 24051  walltime= 0.604h  Δwalltime=0.07s  timestep=17s  day=4.72
2025/08/20 23:41:42 iteration 24079  walltime= 0.605h  Δwalltime=0.077s  timestep=17s  day=4.72
2025/08/20 23:41:44 iteration 24103  walltime= 0.606h  Δwalltime=0.093s  timestep=17s  day=4.73
2025/08/20 23:41:46 iteration 24130  walltime= 0.606h  Δwalltime=0.07s  timestep=17s  day=4.73
2025/08/20 23:41:48 iteration 24157  walltime= 0.607h  Δwalltime=0.07s  timestep=17s  day=4.74
2025/08/20 23:41:50 iteration 24183  walltime= 0.607h  Δwalltime=0.069s  timestep=17s  day=4.74
2025/08/20 23:41:52 iteration 24210  walltime= 0.608h  Δwalltime=0.069s  timestep=17s  day=4.75
2025/08/20 23:41:54 iteration 24237  walltime= 0.608h  Δwalltime=0.08s  timestep=17s  day=4.75
2025/08/20 23:41:55 Percent change since last convergence check:
VOC:			0.77%
VOC pop-wtd:		0.088%
SOA:			1.2%
SOA pop-wtd:		0.13%
PrimaryPM25:		0.61%
PrimaryPM25 pop-wtd:	0.068%
NH3:			0.58%
NH3 pop-wtd:		0.3%
pNH4:			1%
pNH4 pop-wtd:		0.34%
SOx:			0.026%
SOx pop-wtd:		0.0016%
pSO4:			0.81%
pSO4 pop-wtd:		0.3%
NOx:			1.4%
NOx pop-wtd:		0.34%
pNO3:			1.5%
pNO3 pop-wtd:		0.5%
2025/08/20 23:41:56 iteration 24261  walltime= 0.609h  Δwalltime=0.089s  timestep=17s  day=4.76
2025/08/20 23:41:58 iteration 24289  walltime=  0.61h  Δwalltime=0.073s  timestep=17s  day=4.76
2025/08/20 23:42:00 iteration 24316  walltime=  0.61h  Δwalltime=0.075s  timestep=17s  day=4.77
2025/08/20 23:42:02 iteration 24343  walltime= 0.611h  Δwalltime=0.074s  timestep=17s  day=4.77
2025/08/20 23:42:04 iteration 24369  walltime= 0.611h  Δwalltime=0.077s  timestep=17s  day=4.78
2025/08/20 23:42:06 iteration 24395  walltime= 0.612h  Δwalltime=0.077s  timestep=17s  day=4.78
2025/08/20 23:42:08 iteration 24423  walltime= 0.612h  Δwalltime=0.072s  timestep=17s  day=4.79
2025/08/20 23:42:10 iteration 24448  walltime= 0.613h  Δwalltime=0.079s  timestep=17s  day=4.79
2025/08/20 23:42:12 iteration 24474  walltime= 0.613h  Δwalltime=0.08s  timestep=17s  day=4.8
2025/08/20 23:42:14 iteration 24501  walltime= 0.614h  Δwalltime=0.07s  timestep=17s  day=4.8
2025/08/20 23:42:16 iteration 24528  walltime= 0.615h  Δwalltime=0.078s  timestep=17s  day=4.81
2025/08/20 23:42:18 iteration 24554  walltime= 0.615h  Δwalltime=0.084s  timestep=17s  day=4.82
2025/08/20 23:42:20 iteration 24581  walltime= 0.616h  Δwalltime=0.071s  timestep=17s  day=4.82
2025/08/20 23:42:22 iteration 24608  walltime= 0.616h  Δwalltime=0.071s  timestep=17s  day=4.83
2025/08/20 23:42:24 iteration 24635  walltime= 0.617h  Δwalltime=0.068s  timestep=17s  day=4.83
2025/08/20 23:42:26 iteration 24663  walltime= 0.617h  Δwalltime=0.072s  timestep=17s  day=4.84
2025/08/20 23:42:28 iteration 24690  walltime= 0.618h  Δwalltime=0.07s  timestep=17s  day=4.84
2025/08/20 23:42:30 iteration 24717  walltime= 0.618h  Δwalltime=0.07s  timestep=17s  day=4.85
2025/08/20 23:42:32 iteration 24744  walltime= 0.619h  Δwalltime=0.078s  timestep=17s  day=4.85
2025/08/20 23:42:34 iteration 24770  walltime=  0.62h  Δwalltime=0.087s  timestep=17s  day=4.86
2025/08/20 23:42:36 iteration 24797  walltime=  0.62h  Δwalltime=0.077s  timestep=17s  day=4.86
2025/08/20 23:42:38 iteration 24824  walltime= 0.621h  Δwalltime=0.069s  timestep=17s  day=4.87
2025/08/20 23:42:40 iteration 24851  walltime= 0.621h  Δwalltime=0.09s  timestep=17s  day=4.87
2025/08/20 23:42:42 iteration 24878  walltime= 0.622h  Δwalltime=0.069s  timestep=17s  day=4.88
2025/08/20 23:42:43 Percent change since last convergence check:
VOC:			0.73%
VOC pop-wtd:		0.083%
SOA:			1.1%
SOA pop-wtd:		0.12%
PrimaryPM25:		0.57%
PrimaryPM25 pop-wtd:	0.063%
NH3:			0.54%
NH3 pop-wtd:		0.28%
pNH4:			0.96%
pNH4 pop-wtd:		0.32%
SOx:			0.023%
SOx pop-wtd:		0.0013%
pSO4:			0.75%
pSO4 pop-wtd:		0.27%
NOx:			1.3%
NOx pop-wtd:		0.32%
pNO3:			1.4%
pNO3 pop-wtd:		0.48%
2025/08/20 23:42:44 iteration 24904  walltime= 0.622h  Δwalltime=0.073s  timestep=17s  day=4.88
2025/08/20 23:42:46 iteration 24930  walltime= 0.623h  Δwalltime=0.071s  timestep=17s  day=4.89
2025/08/20 23:42:48 iteration 24958  walltime= 0.623h  Δwalltime=0.069s  timestep=17s  day=4.89
2025/08/20 23:42:50 iteration 24986  walltime= 0.624h  Δwalltime=0.071s  timestep=17s  day=4.9
2025/08/20 23:42:52 iteration 25012  walltime= 0.625h  Δwalltime=0.071s  timestep=17s  day=4.9
2025/08/20 23:42:54 iteration 25039  walltime= 0.625h  Δwalltime=0.069s  timestep=17s  day=4.91
2025/08/20 23:42:56 iteration 25066  walltime= 0.626h  Δwalltime=0.069s  timestep=17s  day=4.92
2025/08/20 23:42:58 iteration 25092  walltime= 0.626h  Δwalltime=0.087s  timestep=17s  day=4.92
2025/08/20 23:43:00 iteration 25119  walltime= 0.627h  Δwalltime=0.073s  timestep=17s  day=4.93
2025/08/20 23:43:02 iteration 25145  walltime= 0.627h  Δwalltime=0.07s  timestep=17s  day=4.93
2025/08/20 23:43:04 iteration 25171  walltime= 0.628h  Δwalltime=0.076s  timestep=17s  day=4.94
2025/08/20 23:43:06 iteration 25198  walltime= 0.628h  Δwalltime=0.069s  timestep=17s  day=4.94
2025/08/20 23:43:08 iteration 25226  walltime= 0.629h  Δwalltime=0.078s  timestep=17s  day=4.95
2025/08/20 23:43:10 iteration 25252  walltime=  0.63h  Δwalltime=0.07s  timestep=17s  day=4.95
2025/08/20 23:43:12 iteration 25278  walltime=  0.63h  Δwalltime=0.07s  timestep=17s  day=4.96
2025/08/20 23:43:14 iteration 25303  walltime= 0.631h  Δwalltime=0.079s  timestep=17s  day=4.96
2025/08/20 23:43:16 iteration 25329  walltime= 0.631h  Δwalltime=0.07s  timestep=17s  day=4.97
2025/08/20 23:43:18 iteration 25356  walltime= 0.632h  Δwalltime=0.068s  timestep=17s  day=4.97
2025/08/20 23:43:20 iteration 25383  walltime= 0.632h  Δwalltime=0.07s  timestep=17s  day=4.98
2025/08/20 23:43:22 iteration 25411  walltime= 0.633h  Δwalltime=0.07s  timestep=17s  day=4.98
2025/08/20 23:43:24 iteration 25438  walltime= 0.633h  Δwalltime=0.07s  timestep=17s  day=4.99
2025/08/20 23:43:26 iteration 25464  walltime= 0.634h  Δwalltime=0.09s  timestep=17s  day=4.99
2025/08/20 23:43:28 iteration 25491  walltime= 0.635h  Δwalltime=0.069s  timestep=17s  day=5
2025/08/20 23:43:30 iteration 25518  walltime= 0.635h  Δwalltime=0.077s  timestep=17s  day=5
2025/08/20 23:43:31 Percent change since last convergence check:
VOC:			0.68%
VOC pop-wtd:		0.078%
SOA:			1%
SOA pop-wtd:		0.12%
PrimaryPM25:		0.53%
PrimaryPM25 pop-wtd:	0.058%
NH3:			0.51%
NH3 pop-wtd:		0.26%
pNH4:			0.9%
pNH4 pop-wtd:		0.3%
SOx:			0.02%
SOx pop-wtd:		0.0011%
pSO4:			0.7%
pSO4 pop-wtd:		0.25%
NOx:			1.3%
NOx pop-wtd:		0.31%
pNO3:			1.3%
pNO3 pop-wtd:		0.46%
2025/08/20 23:43:32 iteration 25542  walltime= 0.636h  Δwalltime=0.07s  timestep=17s  day=5.01
2025/08/20 23:43:34 iteration 25568  walltime= 0.636h  Δwalltime=0.071s  timestep=17s  day=5.01
2025/08/20 23:43:36 iteration 25596  walltime= 0.637h  Δwalltime=0.069s  timestep=17s  day=5.02
2025/08/20 23:43:38 iteration 25623  walltime= 0.637h  Δwalltime=0.07s  timestep=17s  day=5.02
2025/08/20 23:43:40 iteration 25651  walltime= 0.638h  Δwalltime=0.073s  timestep=17s  day=5.03
2025/08/20 23:43:42 iteration 25677  walltime= 0.638h  Δwalltime=0.087s  timestep=17s  day=5.04
2025/08/20 23:43:44 iteration 25704  walltime= 0.639h  Δwalltime=0.073s  timestep=17s  day=5.04
2025/08/20 23:43:46 iteration 25728  walltime=  0.64h  Δwalltime=0.076s  timestep=17s  day=5.05
2025/08/20 23:43:48 iteration 25754  walltime=  0.64h  Δwalltime=0.085s  timestep=17s  day=5.05
2025/08/20 23:43:50 iteration 25781  walltime= 0.641h  Δwalltime=0.07s  timestep=17s  day=5.06
2025/08/20 23:43:52 iteration 25808  walltime= 0.641h  Δwalltime=0.079s  timestep=17s  day=5.06
2025/08/20 23:43:54 iteration 25835  walltime= 0.642h  Δwalltime=0.081s  timestep=17s  day=5.07
2025/08/20 23:43:56 iteration 25864  walltime= 0.642h  Δwalltime=0.073s  timestep=17s  day=5.07
2025/08/20 23:43:58 iteration 25890  walltime= 0.643h  Δwalltime=0.07s  timestep=17s  day=5.08
2025/08/20 23:44:00 iteration 25917  walltime= 0.643h  Δwalltime=0.087s  timestep=17s  day=5.08
2025/08/20 23:44:02 iteration 25944  walltime= 0.644h  Δwalltime=0.084s  timestep=17s  day=5.09
2025/08/20 23:44:04 iteration 25971  walltime= 0.645h  Δwalltime=0.069s  timestep=17s  day=5.09
2025/08/20 23:44:06 iteration 25997  walltime= 0.645h  Δwalltime=0.089s  timestep=17s  day=5.1
2025/08/20 23:44:08 iteration 26024  walltime= 0.646h  Δwalltime=0.072s  timestep=17s  day=5.1
2025/08/20 23:44:10 iteration 26050  walltime= 0.646h  Δwalltime=0.069s  timestep=17s  day=5.11
2025/08/20 23:44:12 iteration 26076  walltime= 0.647h  Δwalltime=0.069s  timestep=17s  day=5.11
2025/08/20 23:44:14 iteration 26103  walltime= 0.647h  Δwalltime=0.074s  timestep=17s  day=5.12
2025/08/20 23:44:16 iteration 26130  walltime= 0.648h  Δwalltime=0.088s  timestep=17s  day=5.12
2025/08/20 23:44:18 iteration 26155  walltime= 0.648h  Δwalltime=0.069s  timestep=17s  day=5.13
2025/08/20 23:44:19 Percent change since last convergence check:
VOC:			0.65%
VOC pop-wtd:		0.074%
SOA:			0.98%
SOA pop-wtd:		0.11%
PrimaryPM25:		0.5%
PrimaryPM25 pop-wtd:	0.054%
NH3:			0.47%
NH3 pop-wtd:		0.24%
pNH4:			0.85%
pNH4 pop-wtd:		0.28%
SOx:			0.017%
SOx pop-wtd:		0.00095%
pSO4:			0.65%
pSO4 pop-wtd:		0.23%
NOx:			1.2%
NOx pop-wtd:		0.29%
pNO3:			1.3%
pNO3 pop-wtd:		0.44%
2025/08/20 23:44:20 iteration 26180  walltime= 0.649h  Δwalltime=0.067s  timestep=17s  day=5.13
2025/08/20 23:44:22 iteration 26207  walltime=  0.65h  Δwalltime=0.08s  timestep=17s  day=5.14
2025/08/20 23:44:24 iteration 26235  walltime=  0.65h  Δwalltime=0.068s  timestep=17s  day=5.14
2025/08/20 23:44:26 iteration 26262  walltime= 0.651h  Δwalltime=0.068s  timestep=17s  day=5.15
2025/08/20 23:44:28 iteration 26288  walltime= 0.651h  Δwalltime=0.069s  timestep=17s  day=5.16
2025/08/20 23:44:30 iteration 26316  walltime= 0.652h  Δwalltime=0.069s  timestep=17s  day=5.16
2025/08/20 23:44:32 iteration 26343  walltime= 0.652h  Δwalltime=0.069s  timestep=17s  day=5.17
2025/08/20 23:44:34 iteration 26368  walltime= 0.653h  Δwalltime=0.068s  timestep=17s  day=5.17
2025/08/20 23:44:36 iteration 26396  walltime= 0.653h  Δwalltime=0.069s  timestep=17s  day=5.18
2025/08/20 23:44:38 iteration 26423  walltime= 0.654h  Δwalltime=0.083s  timestep=17s  day=5.18
2025/08/20 23:44:40 iteration 26448  walltime= 0.655h  Δwalltime=0.072s  timestep=17s  day=5.19
2025/08/20 23:44:42 iteration 26475  walltime= 0.655h  Δwalltime=0.069s  timestep=17s  day=5.19
2025/08/20 23:44:44 iteration 26503  walltime= 0.656h  Δwalltime=0.069s  timestep=17s  day=5.2
2025/08/20 23:44:46 iteration 26529  walltime= 0.656h  Δwalltime=0.071s  timestep=17s  day=5.2
2025/08/20 23:44:48 iteration 26557  walltime= 0.657h  Δwalltime=0.069s  timestep=17s  day=5.21
2025/08/20 23:44:50 iteration 26585  walltime= 0.657h  Δwalltime=0.088s  timestep=17s  day=5.21
2025/08/20 23:44:52 iteration 26610  walltime= 0.658h  Δwalltime=0.071s  timestep=17s  day=5.22
2025/08/20 23:44:54 iteration 26637  walltime= 0.658h  Δwalltime=0.07s  timestep=17s  day=5.22
2025/08/20 23:44:56 iteration 26664  walltime= 0.659h  Δwalltime=0.075s  timestep=17s  day=5.23
2025/08/20 23:44:58 iteration 26692  walltime=  0.66h  Δwalltime=0.07s  timestep=17s  day=5.23
2025/08/20 23:45:00 iteration 26720  walltime=  0.66h  Δwalltime=0.071s  timestep=17s  day=5.24
2025/08/20 23:45:02 iteration 26746  walltime= 0.661h  Δwalltime=0.069s  timestep=17s  day=5.24
2025/08/20 23:45:04 iteration 26773  walltime= 0.661h  Δwalltime=0.07s  timestep=17s  day=5.25
2025/08/20 23:45:06 iteration 26797  walltime= 0.662h  Δwalltime=0.21s  timestep=17s  day=5.25
2025/08/20 23:45:06 Percent change since last convergence check:
VOC:			0.61%
VOC pop-wtd:		0.07%
SOA:			0.93%
SOA pop-wtd:		0.1%
PrimaryPM25:		0.47%
PrimaryPM25 pop-wtd:	0.051%
NH3:			0.44%
NH3 pop-wtd:		0.23%
pNH4:			0.8%
pNH4 pop-wtd:		0.27%
SOx:			0.015%
SOx pop-wtd:		0.00081%
pSO4:			0.61%
pSO4 pop-wtd:		0.21%
NOx:			1.2%
NOx pop-wtd:		0.28%
pNO3:			1.2%
pNO3 pop-wtd:		0.42%
2025/08/20 23:45:08 iteration 26822  walltime= 0.662h  Δwalltime=0.07s  timestep=17s  day=5.26
2025/08/20 23:45:10 iteration 26849  walltime= 0.663h  Δwalltime=0.071s  timestep=17s  day=5.27
2025/08/20 23:45:12 iteration 26876  walltime= 0.663h  Δwalltime=0.07s  timestep=17s  day=5.27
2025/08/20 23:45:14 iteration 26902  walltime= 0.664h  Δwalltime=0.07s  timestep=17s  day=5.28
2025/08/20 23:45:16 iteration 26929  walltime= 0.665h  Δwalltime=0.071s  timestep=17s  day=5.28
2025/08/20 23:45:18 iteration 26957  walltime= 0.665h  Δwalltime=0.078s  timestep=17s  day=5.29
2025/08/20 23:45:20 iteration 26983  walltime= 0.666h  Δwalltime=0.069s  timestep=17s  day=5.29
2025/08/20 23:45:22 iteration 27010  walltime= 0.666h  Δwalltime=0.069s  timestep=17s  day=5.3
2025/08/20 23:45:24 iteration 27037  walltime= 0.667h  Δwalltime=0.082s  timestep=17s  day=5.3
2025/08/20 23:45:26 iteration 27064  walltime= 0.667h  Δwalltime=0.079s  timestep=17s  day=5.31
2025/08/20 23:45:28 iteration 27091  walltime= 0.668h  Δwalltime=0.07s  timestep=17s  day=5.31
2025/08/20 23:45:30 iteration 27117  walltime= 0.668h  Δwalltime=0.078s  timestep=17s  day=5.32
2025/08/20 23:45:32 iteration 27145  walltime= 0.669h  Δwalltime=0.069s  timestep=17s  day=5.32
2025/08/20 23:45:34 iteration 27173  walltime=  0.67h  Δwalltime=0.068s  timestep=17s  day=5.33
2025/08/20 23:45:36 iteration 27199  walltime=  0.67h  Δwalltime=0.068s  timestep=17s  day=5.33
2025/08/20 23:45:38 iteration 27227  walltime= 0.671h  Δwalltime=0.07s  timestep=17s  day=5.34
2025/08/20 23:45:40 iteration 27254  walltime= 0.671h  Δwalltime=0.069s  timestep=17s  day=5.34
2025/08/20 23:45:42 iteration 27281  walltime= 0.672h  Δwalltime=0.069s  timestep=17s  day=5.35
2025/08/20 23:45:44 iteration 27308  walltime= 0.672h  Δwalltime=0.08s  timestep=17s  day=5.36
2025/08/20 23:45:46 iteration 27335  walltime= 0.673h  Δwalltime=0.072s  timestep=17s  day=5.36
2025/08/20 23:45:48 iteration 27362  walltime= 0.673h  Δwalltime=0.07s  timestep=17s  day=5.37
2025/08/20 23:45:50 iteration 27390  walltime= 0.674h  Δwalltime=0.068s  timestep=17s  day=5.37
2025/08/20 23:45:52 iteration 27417  walltime= 0.674h  Δwalltime=0.07s  timestep=17s  day=5.38
2025/08/20 23:45:54 Percent change since last convergence check:
VOC:			0.58%
VOC pop-wtd:		0.066%
SOA:			0.88%
SOA pop-wtd:		0.097%
PrimaryPM25:		0.44%
PrimaryPM25 pop-wtd:	0.047%
NH3:			0.42%
NH3 pop-wtd:		0.21%
pNH4:			0.75%
pNH4 pop-wtd:		0.25%
SOx:			0.013%
SOx pop-wtd:		0.00068%
pSO4:			0.57%
pSO4 pop-wtd:		0.2%
NOx:			1.1%
NOx pop-wtd:		0.27%
pNO3:			1.1%
pNO3 pop-wtd:		0.41%
2025/08/20 23:45:54 iteration 27442  walltime= 0.675h  Δwalltime=0.071s  timestep=17s  day=5.38
2025/08/20 23:45:56 iteration 27469  walltime= 0.676h  Δwalltime=0.07s  timestep=17s  day=5.39
2025/08/20 23:45:58 iteration 27497  walltime= 0.676h  Δwalltime=0.092s  timestep=17s  day=5.39
2025/08/20 23:46:00 iteration 27524  walltime= 0.677h  Δwalltime=0.08s  timestep=17s  day=5.4
2025/08/20 23:46:02 iteration 27551  walltime= 0.677h  Δwalltime=0.073s  timestep=17s  day=5.4
2025/08/20 23:46:04 iteration 27577  walltime= 0.678h  Δwalltime=0.081s  timestep=17s  day=5.41
2025/08/20 23:46:06 iteration 27604  walltime= 0.678h  Δwalltime=0.071s  timestep=17s  day=5.41
2025/08/20 23:46:08 iteration 27631  walltime= 0.679h  Δwalltime=0.076s  timestep=17s  day=5.42
2025/08/20 23:46:10 iteration 27658  walltime=  0.68h  Δwalltime=0.069s  timestep=17s  day=5.42
2025/08/20 23:46:12 iteration 27686  walltime=  0.68h  Δwalltime=0.068s  timestep=17s  day=5.43
2025/08/20 23:46:14 iteration 27713  walltime= 0.681h  Δwalltime=0.068s  timestep=17s  day=5.43
2025/08/20 23:46:16 iteration 27740  walltime= 0.681h  Δwalltime=0.074s  timestep=17s  day=5.44
2025/08/20 23:46:18 iteration 27767  walltime= 0.682h  Δwalltime=0.083s  timestep=17s  day=5.45
2025/08/20 23:46:20 iteration 27793  walltime= 0.682h  Δwalltime=0.069s  timestep=17s  day=5.45
2025/08/20 23:46:22 iteration 27820  walltime= 0.683h  Δwalltime=0.069s  timestep=17s  day=5.46
2025/08/20 23:46:24 iteration 27847  walltime= 0.683h  Δwalltime=0.069s  timestep=17s  day=5.46
2025/08/20 23:46:26 iteration 27873  walltime= 0.684h  Δwalltime=0.069s  timestep=17s  day=5.47
2025/08/20 23:46:28 iteration 27899  walltime= 0.684h  Δwalltime=0.069s  timestep=17s  day=5.47
2025/08/20 23:46:30 iteration 27927  walltime= 0.685h  Δwalltime=0.068s  timestep=17s  day=5.48
2025/08/20 23:46:32 iteration 27954  walltime= 0.686h  Δwalltime=0.092s  timestep=17s  day=5.48
2025/08/20 23:46:34 iteration 27981  walltime= 0.686h  Δwalltime=0.071s  timestep=17s  day=5.49
2025/08/20 23:46:36 iteration 28008  walltime= 0.687h  Δwalltime=0.08s  timestep=17s  day=5.49
2025/08/20 23:46:38 iteration 28035  walltime= 0.687h  Δwalltime=0.091s  timestep=17s  day=5.5
2025/08/20 23:46:40 iteration 28062  walltime= 0.688h  Δwalltime=0.083s  timestep=17s  day=5.5
2025/08/20 23:46:41 Percent change since last convergence check:
VOC:			0.54%
VOC pop-wtd:		0.062%
SOA:			0.83%
SOA pop-wtd:		0.092%
PrimaryPM25:		0.41%
PrimaryPM25 pop-wtd:	0.044%
NH3:			0.39%
NH3 pop-wtd:		0.2%
pNH4:			0.71%
pNH4 pop-wtd:		0.23%
SOx:			0.012%
SOx pop-wtd:		0.00058%
pSO4:			0.53%
pSO4 pop-wtd:		0.18%
NOx:			1.1%
NOx pop-wtd:		0.26%
pNO3:			1.1%
pNO3 pop-wtd:		0.39%
2025/08/20 23:46:42 iteration 28087  walltime= 0.688h  Δwalltime=0.081s  timestep=17s  day=5.51
2025/08/20 23:46:44 iteration 28113  walltime= 0.689h  Δwalltime=0.07s  timestep=17s  day=5.51
2025/08/20 23:46:46 iteration 28140  walltime=  0.69h  Δwalltime=0.067s  timestep=17s  day=5.52
2025/08/20 23:46:48 iteration 28168  walltime=  0.69h  Δwalltime=0.069s  timestep=17s  day=5.52
2025/08/20 23:46:50 iteration 28194  walltime= 0.691h  Δwalltime=0.07s  timestep=17s  day=5.53
2025/08/20 23:46:52 iteration 28222  walltime= 0.691h  Δwalltime=0.08s  timestep=17s  day=5.53
2025/08/20 23:46:54 iteration 28248  walltime= 0.692h  Δwalltime=0.071s  timestep=17s  day=5.54
2025/08/20 23:46:56 iteration 28273  walltime= 0.692h  Δwalltime=0.091s  timestep=17s  day=5.54
2025/08/20 23:46:58 iteration 28301  walltime= 0.693h  Δwalltime=0.074s  timestep=17s  day=5.55
2025/08/20 23:47:00 iteration 28327  walltime= 0.693h  Δwalltime=0.072s  timestep=17s  day=5.55
2025/08/20 23:47:02 iteration 28353  walltime= 0.694h  Δwalltime=0.07s  timestep=17s  day=5.56
2025/08/20 23:47:04 iteration 28380  walltime= 0.694h  Δwalltime=0.069s  timestep=17s  day=5.57
2025/08/20 23:47:06 iteration 28408  walltime= 0.695h  Δwalltime=0.081s  timestep=17s  day=5.57
2025/08/20 23:47:08 iteration 28434  walltime= 0.696h  Δwalltime=0.073s  timestep=17s  day=5.58
2025/08/20 23:47:10 iteration 28462  walltime= 0.696h  Δwalltime=0.081s  timestep=17s  day=5.58
2025/08/20 23:47:12 iteration 28489  walltime= 0.697h  Δwalltime=0.072s  timestep=17s  day=5.59
2025/08/20 23:47:14 iteration 28517  walltime= 0.697h  Δwalltime=0.083s  timestep=17s  day=5.59
2025/08/20 23:47:16 iteration 28544  walltime= 0.698h  Δwalltime=0.07s  timestep=17s  day=5.6
2025/08/20 23:47:18 iteration 28569  walltime= 0.698h  Δwalltime=0.083s  timestep=17s  day=5.6
2025/08/20 23:47:20 iteration 28596  walltime= 0.699h  Δwalltime=0.073s  timestep=17s  day=5.61
2025/08/20 23:47:22 iteration 28623  walltime=   0.7h  Δwalltime=0.076s  timestep=17s  day=5.61
2025/08/20 23:47:24 iteration 28649  walltime=   0.7h  Δwalltime=0.091s  timestep=17s  day=5.62
2025/08/20 23:47:26 iteration 28677  walltime= 0.701h  Δwalltime=0.071s  timestep=17s  day=5.62
2025/08/20 23:47:28 iteration 28705  walltime= 0.701h  Δwalltime=0.071s  timestep=17s  day=5.63
2025/08/20 23:47:29 Percent change since last convergence check:
VOC:			0.51%
VOC pop-wtd:		0.059%
SOA:			0.79%
SOA pop-wtd:		0.087%
PrimaryPM25:		0.38%
PrimaryPM25 pop-wtd:	0.041%
NH3:			0.37%
NH3 pop-wtd:		0.19%
pNH4:			0.67%
pNH4 pop-wtd:		0.22%
SOx:			0.01%
SOx pop-wtd:		0.00049%
pSO4:			0.5%
pSO4 pop-wtd:		0.17%
NOx:			1%
NOx pop-wtd:		0.25%
pNO3:			1%
pNO3 pop-wtd:		0.37%
2025/08/20 23:47:30 iteration 28729  walltime= 0.702h  Δwalltime=0.07s  timestep=17s  day=5.63
2025/08/20 23:47:32 iteration 28756  walltime= 0.702h  Δwalltime=0.069s  timestep=17s  day=5.64
2025/08/20 23:47:34 iteration 28784  walltime= 0.703h  Δwalltime=0.077s  timestep=17s  day=5.64
2025/08/20 23:47:36 iteration 28809  walltime= 0.703h  Δwalltime=0.08s  timestep=17s  day=5.65
2025/08/20 23:47:38 iteration 28836  walltime= 0.704h  Δwalltime=0.078s  timestep=17s  day=5.65
2025/08/20 23:47:40 iteration 28863  walltime= 0.705h  Δwalltime=0.087s  timestep=17s  day=5.66
2025/08/20 23:47:42 iteration 28889  walltime= 0.705h  Δwalltime=0.085s  timestep=17s  day=5.67
2025/08/20 23:47:44 iteration 28917  walltime= 0.706h  Δwalltime=0.07s  timestep=17s  day=5.67
2025/08/20 23:47:46 iteration 28941  walltime= 0.706h  Δwalltime=0.068s  timestep=17s  day=5.68
2025/08/20 23:47:48 iteration 28968  walltime= 0.707h  Δwalltime=0.071s  timestep=17s  day=5.68
2025/08/20 23:47:50 iteration 28996  walltime= 0.707h  Δwalltime=0.071s  timestep=17s  day=5.69
2025/08/20 23:47:52 iteration 29023  walltime= 0.708h  Δwalltime=0.07s  timestep=17s  day=5.69
2025/08/20 23:47:54 iteration 29050  walltime= 0.708h  Δwalltime=0.068s  timestep=17s  day=5.7
2025/08/20 23:47:56 iteration 29077  walltime= 0.709h  Δwalltime=0.074s  timestep=17s  day=5.7
2025/08/20 23:47:58 iteration 29103  walltime= 0.709h  Δwalltime=0.07s  timestep=17s  day=5.71
2025/08/20 23:48:00 iteration 29131  walltime=  0.71h  Δwalltime=0.07s  timestep=17s  day=5.71
2025/08/20 23:48:02 iteration 29158  walltime= 0.711h  Δwalltime=0.071s  timestep=17s  day=5.72
2025/08/20 23:48:04 iteration 29182  walltime= 0.711h  Δwalltime=0.079s  timestep=17s  day=5.72
2025/08/20 23:48:06 iteration 29209  walltime= 0.712h  Δwalltime=0.077s  timestep=17s  day=5.73
2025/08/20 23:48:08 iteration 29237  walltime= 0.712h  Δwalltime=0.084s  timestep=17s  day=5.73
2025/08/20 23:48:10 iteration 29263  walltime= 0.713h  Δwalltime=0.083s  timestep=17s  day=5.74
2025/08/20 23:48:12 iteration 29290  walltime= 0.713h  Δwalltime=0.079s  timestep=17s  day=5.74
2025/08/20 23:48:14 iteration 29317  walltime= 0.714h  Δwalltime=0.083s  timestep=17s  day=5.75
2025/08/20 23:48:16 iteration 29344  walltime= 0.715h  Δwalltime=0.071s  timestep=17s  day=5.75
2025/08/20 23:48:17 Percent change since last convergence check:
VOC:			0.49%
VOC pop-wtd:		0.056%
SOA:			0.75%
SOA pop-wtd:		0.082%
PrimaryPM25:		0.36%
PrimaryPM25 pop-wtd:	0.038%
NH3:			0.34%
NH3 pop-wtd:		0.18%
pNH4:			0.63%
pNH4 pop-wtd:		0.21%
SOx:			0.0089%
SOx pop-wtd:		0.00041%
pSO4:			0.46%
pSO4 pop-wtd:		0.16%
NOx:			0.97%
NOx pop-wtd:		0.24%
pNO3:			0.99%
pNO3 pop-wtd:		0.36%
2025/08/20 23:48:18 iteration 29370  walltime= 0.715h  Δwalltime=0.082s  timestep=17s  day=5.76
2025/08/20 23:48:20 iteration 29396  walltime= 0.716h  Δwalltime=0.088s  timestep=17s  day=5.76
2025/08/20 23:48:22 iteration 29423  walltime= 0.716h  Δwalltime=0.081s  timestep=17s  day=5.77
2025/08/20 23:48:24 iteration 29450  walltime= 0.717h  Δwalltime=0.086s  timestep=17s  day=5.78
2025/08/20 23:48:26 iteration 29476  walltime= 0.717h  Δwalltime=0.087s  timestep=17s  day=5.78
2025/08/20 23:48:28 iteration 29503  walltime= 0.718h  Δwalltime=0.081s  timestep=17s  day=5.79
2025/08/20 23:48:30 iteration 29530  walltime= 0.718h  Δwalltime=0.069s  timestep=17s  day=5.79
2025/08/20 23:48:32 iteration 29556  walltime= 0.719h  Δwalltime=0.07s  timestep=17s  day=5.8
2025/08/20 23:48:34 iteration 29584  walltime=  0.72h  Δwalltime=0.072s  timestep=17s  day=5.8
2025/08/20 23:48:36 iteration 29610  walltime=  0.72h  Δwalltime=0.069s  timestep=17s  day=5.81
2025/08/20 23:48:38 iteration 29636  walltime= 0.721h  Δwalltime=0.069s  timestep=17s  day=5.81
2025/08/20 23:48:40 iteration 29663  walltime= 0.721h  Δwalltime=0.072s  timestep=17s  day=5.82
2025/08/20 23:48:42 iteration 29690  walltime= 0.722h  Δwalltime=0.085s  timestep=17s  day=5.82
2025/08/20 23:48:44 iteration 29716  walltime= 0.722h  Δwalltime=0.075s  timestep=17s  day=5.83
2025/08/20 23:48:46 iteration 29743  walltime= 0.723h  Δwalltime=0.085s  timestep=17s  day=5.83
2025/08/20 23:48:48 iteration 29770  walltime= 0.723h  Δwalltime=0.093s  timestep=17s  day=5.84
2025/08/20 23:48:50 iteration 29796  walltime= 0.724h  Δwalltime=0.07s  timestep=17s  day=5.84
2025/08/20 23:48:52 iteration 29824  walltime= 0.725h  Δwalltime=0.078s  timestep=17s  day=5.85
2025/08/20 23:48:54 iteration 29850  walltime= 0.725h  Δwalltime=0.08s  timestep=17s  day=5.85
2025/08/20 23:48:56 iteration 29878  walltime= 0.726h  Δwalltime=0.069s  timestep=17s  day=5.86
2025/08/20 23:48:58 iteration 29906  walltime= 0.726h  Δwalltime=0.068s  timestep=17s  day=5.86
2025/08/20 23:49:00 iteration 29933  walltime= 0.727h  Δwalltime=0.074s  timestep=17s  day=5.87
2025/08/20 23:49:02 iteration 29958  walltime= 0.727h  Δwalltime=0.071s  timestep=17s  day=5.87
2025/08/20 23:49:04 iteration 29985  walltime= 0.728h  Δwalltime=0.08s  timestep=17s  day=5.88
2025/08/20 23:49:05 Percent change since last convergence check:
VOC:			0.46%
VOC pop-wtd:		0.053%
SOA:			0.71%
SOA pop-wtd:		0.078%
PrimaryPM25:		0.34%
PrimaryPM25 pop-wtd:	0.036%
NH3:			0.32%
NH3 pop-wtd:		0.17%
pNH4:			0.59%
pNH4 pop-wtd:		0.19%
SOx:			0.0078%
SOx pop-wtd:		0.00035%
pSO4:			0.43%
pSO4 pop-wtd:		0.14%
NOx:			0.93%
NOx pop-wtd:		0.23%
pNO3:			0.95%
pNO3 pop-wtd:		0.35%
2025/08/20 23:49:06 iteration 30010  walltime= 0.728h  Δwalltime=0.076s  timestep=17s  day=5.88
2025/08/20 23:49:08 iteration 30037  walltime= 0.729h  Δwalltime=0.077s  timestep=17s  day=5.89
2025/08/20 23:49:10 iteration 30065  walltime=  0.73h  Δwalltime=0.087s  timestep=17s  day=5.9
2025/08/20 23:49:12 iteration 30092  walltime=  0.73h  Δwalltime=0.069s  timestep=17s  day=5.9
2025/08/20 23:49:14 iteration 30119  walltime= 0.731h  Δwalltime=0.071s  timestep=17s  day=5.91
2025/08/20 23:49:16 iteration 30146  walltime= 0.731h  Δwalltime=0.084s  timestep=17s  day=5.91
2025/08/20 23:49:18 iteration 30172  walltime= 0.732h  Δwalltime=0.077s  timestep=17s  day=5.92
2025/08/20 23:49:20 iteration 30200  walltime= 0.732h  Δwalltime=0.069s  timestep=17s  day=5.92
2025/08/20 23:49:22 iteration 30226  walltime= 0.733h  Δwalltime=0.071s  timestep=17s  day=5.93
2025/08/20 23:49:24 iteration 30253  walltime= 0.733h  Δwalltime=0.071s  timestep=17s  day=5.93
2025/08/20 23:49:26 iteration 30281  walltime= 0.734h  Δwalltime=0.069s  timestep=17s  day=5.94
2025/08/20 23:49:28 iteration 30307  walltime= 0.735h  Δwalltime=0.068s  timestep=17s  day=5.94
2025/08/20 23:49:30 iteration 30335  walltime= 0.735h  Δwalltime=0.071s  timestep=17s  day=5.95
2025/08/20 23:49:32 iteration 30363  walltime= 0.736h  Δwalltime=0.069s  timestep=17s  day=5.95
2025/08/20 23:49:34 iteration 30388  walltime= 0.736h  Δwalltime=0.073s  timestep=17s  day=5.96
2025/08/20 23:49:36 iteration 30415  walltime= 0.737h  Δwalltime=0.07s  timestep=17s  day=5.96
2025/08/20 23:49:38 iteration 30442  walltime= 0.737h  Δwalltime=0.075s  timestep=17s  day=5.97
2025/08/20 23:49:40 iteration 30468  walltime= 0.738h  Δwalltime=0.072s  timestep=17s  day=5.97
2025/08/20 23:49:42 iteration 30496  walltime= 0.738h  Δwalltime=0.069s  timestep=17s  day=5.98
2025/08/20 23:49:44 iteration 30523  walltime= 0.739h  Δwalltime=0.077s  timestep=17s  day=5.99
2025/08/20 23:49:46 iteration 30548  walltime=  0.74h  Δwalltime=0.069s  timestep=17s  day=5.99
2025/08/20 23:49:48 iteration 30575  walltime=  0.74h  Δwalltime=0.084s  timestep=17s  day=6
2025/08/20 23:49:50 iteration 30602  walltime= 0.741h  Δwalltime=0.081s  timestep=17s  day=6
2025/08/20 23:49:52 Percent change since last convergence check:
VOC:			0.43%
VOC pop-wtd:		0.05%
SOA:			0.67%
SOA pop-wtd:		0.073%
PrimaryPM25:		0.32%
PrimaryPM25 pop-wtd:	0.033%
NH3:			0.3%
NH3 pop-wtd:		0.16%
pNH4:			0.56%
pNH4 pop-wtd:		0.18%
SOx:			0.0069%
SOx pop-wtd:		0.0003%
pSO4:			0.41%
pSO4 pop-wtd:		0.13%
NOx:			0.89%
NOx pop-wtd:		0.22%
pNO3:			0.9%
pNO3 pop-wtd:		0.33%
2025/08/20 23:49:52 iteration 30626  walltime= 0.741h  Δwalltime=0.07s  timestep=17s  day=6.01
2025/08/20 23:49:54 iteration 30652  walltime= 0.742h  Δwalltime=0.088s  timestep=17s  day=6.01
2025/08/20 23:49:56 iteration 30679  walltime= 0.742h  Δwalltime=0.07s  timestep=17s  day=6.02
2025/08/20 23:49:58 iteration 30707  walltime= 0.743h  Δwalltime=0.071s  timestep=17s  day=6.02
2025/08/20 23:50:00 iteration 30734  walltime= 0.743h  Δwalltime=0.069s  timestep=17s  day=6.03
2025/08/20 23:50:02 iteration 30760  walltime= 0.744h  Δwalltime=0.073s  timestep=17s  day=6.03
2025/08/20 23:50:04 iteration 30787  walltime= 0.745h  Δwalltime=0.078s  timestep=17s  day=6.04
2025/08/20 23:50:06 iteration 30815  walltime= 0.745h  Δwalltime=0.069s  timestep=17s  day=6.04
2025/08/20 23:50:08 iteration 30842  walltime= 0.746h  Δwalltime=0.069s  timestep=17s  day=6.05
2025/08/20 23:50:10 iteration 30870  walltime= 0.746h  Δwalltime=0.076s  timestep=17s  day=6.05
2025/08/20 23:50:12 iteration 30897  walltime= 0.747h  Δwalltime=0.082s  timestep=17s  day=6.06
2025/08/20 23:50:14 iteration 30924  walltime= 0.747h  Δwalltime=0.075s  timestep=17s  day=6.06
2025/08/20 23:50:16 iteration 30951  walltime= 0.748h  Δwalltime=0.07s  timestep=17s  day=6.07
2025/08/20 23:50:18 iteration 30979  walltime= 0.748h  Δwalltime=0.083s  timestep=17s  day=6.08
2025/08/20 23:50:20 iteration 31005  walltime= 0.749h  Δwalltime=0.086s  timestep=17s  day=6.08
2025/08/20 23:50:22 iteration 31033  walltime=  0.75h  Δwalltime=0.082s  timestep=17s  day=6.09
2025/08/20 23:50:24 iteration 31060  walltime=  0.75h  Δwalltime=0.079s  timestep=17s  day=6.09
2025/08/20 23:50:26 iteration 31087  walltime= 0.751h  Δwalltime=0.08s  timestep=17s  day=6.1
2025/08/20 23:50:28 iteration 31114  walltime= 0.751h  Δwalltime=0.088s  timestep=17s  day=6.1
2025/08/20 23:50:30 iteration 31141  walltime= 0.752h  Δwalltime=0.071s  timestep=17s  day=6.11
2025/08/20 23:50:32 iteration 31169  walltime= 0.752h  Δwalltime=0.067s  timestep=17s  day=6.11
2025/08/20 23:50:34 iteration 31196  walltime= 0.753h  Δwalltime=0.075s  timestep=17s  day=6.12
2025/08/20 23:50:36 iteration 31223  walltime= 0.753h  Δwalltime=0.068s  timestep=17s  day=6.12
2025/08/20 23:50:38 iteration 31251  walltime= 0.754h  Δwalltime=0.07s  timestep=17s  day=6.13
2025/08/20 23:50:39 Percent change since last convergence check:
VOC:			0.41%
VOC pop-wtd:		0.047%
SOA:			0.63%
SOA pop-wtd:		0.069%
PrimaryPM25:		0.3%
PrimaryPM25 pop-wtd:	0.031%
NH3:			0.28%
NH3 pop-wtd:		0.15%
pNH4:			0.53%
pNH4 pop-wtd:		0.17%
SOx:			0.0061%
SOx pop-wtd:		0.00025%
pSO4:			0.38%
pSO4 pop-wtd:		0.12%
NOx:			0.85%
NOx pop-wtd:		0.21%
pNO3:			0.86%
pNO3 pop-wtd:		0.32%
2025/08/20 23:50:40 iteration 31276  walltime= 0.755h  Δwalltime=0.073s  timestep=17s  day=6.13
2025/08/20 23:50:42 iteration 31302  walltime= 0.755h  Δwalltime=0.076s  timestep=17s  day=6.14
2025/08/20 23:50:44 iteration 31329  walltime= 0.756h  Δwalltime=0.071s  timestep=17s  day=6.14
2025/08/20 23:50:46 iteration 31357  walltime= 0.756h  Δwalltime=0.068s  timestep=17s  day=6.15
2025/08/20 23:50:48 iteration 31384  walltime= 0.757h  Δwalltime=0.068s  timestep=17s  day=6.15
2025/08/20 23:50:50 iteration 31412  walltime= 0.757h  Δwalltime=0.075s  timestep=17s  day=6.16
2025/08/20 23:50:52 iteration 31439  walltime= 0.758h  Δwalltime=0.083s  timestep=17s  day=6.17
2025/08/20 23:50:54 iteration 31466  walltime= 0.758h  Δwalltime=0.074s  timestep=17s  day=6.17
2025/08/20 23:50:56 iteration 31491  walltime= 0.759h  Δwalltime=0.092s  timestep=17s  day=6.18
2025/08/20 23:50:58 iteration 31519  walltime=  0.76h  Δwalltime=0.082s  timestep=17s  day=6.18
2025/08/20 23:51:00 iteration 31545  walltime=  0.76h  Δwalltime=0.071s  timestep=17s  day=6.19
2025/08/20 23:51:02 iteration 31572  walltime= 0.761h  Δwalltime=0.079s  timestep=17s  day=6.19
2025/08/20 23:51:04 iteration 31598  walltime= 0.761h  Δwalltime=0.089s  timestep=17s  day=6.2
2025/08/20 23:51:06 iteration 31624  walltime= 0.762h  Δwalltime=0.078s  timestep=17s  day=6.2
2025/08/20 23:51:08 iteration 31652  walltime= 0.762h  Δwalltime=0.071s  timestep=17s  day=6.21
2025/08/20 23:51:10 iteration 31678  walltime= 0.763h  Δwalltime=0.078s  timestep=17s  day=6.21
2025/08/20 23:51:12 iteration 31706  walltime= 0.763h  Δwalltime=0.07s  timestep=17s  day=6.22
2025/08/20 23:51:14 iteration 31733  walltime= 0.764h  Δwalltime=0.069s  timestep=17s  day=6.22
2025/08/20 23:51:16 iteration 31760  walltime= 0.765h  Δwalltime=0.075s  timestep=17s  day=6.23
2025/08/20 23:51:18 iteration 31787  walltime= 0.765h  Δwalltime=0.069s  timestep=17s  day=6.23
2025/08/20 23:51:20 iteration 31814  walltime= 0.766h  Δwalltime=0.07s  timestep=17s  day=6.24
2025/08/20 23:51:22 iteration 31841  walltime= 0.766h  Δwalltime=0.077s  timestep=17s  day=6.24
2025/08/20 23:51:24 iteration 31868  walltime= 0.767h  Δwalltime=0.078s  timestep=17s  day=6.25
2025/08/20 23:51:26 iteration 31895  walltime= 0.767h  Δwalltime=0.092s  timestep=17s  day=6.25
2025/08/20 23:51:27 Percent change since last convergence check:
VOC:			0.39%
VOC pop-wtd:		0.045%
SOA:			0.6%
SOA pop-wtd:		0.066%
PrimaryPM25:		0.28%
PrimaryPM25 pop-wtd:	0.029%
NH3:			0.27%
NH3 pop-wtd:		0.14%
pNH4:			0.5%
pNH4 pop-wtd:		0.16%
SOx:			0.0053%
SOx pop-wtd:		0.00021%
pSO4:			0.36%
pSO4 pop-wtd:		0.11%
NOx:			0.82%
NOx pop-wtd:		0.2%
pNO3:			0.82%
pNO3 pop-wtd:		0.31%
2025/08/20 23:51:28 iteration 31919  walltime= 0.768h  Δwalltime=0.07s  timestep=17s  day=6.26
2025/08/20 23:51:30 iteration 31946  walltime= 0.768h  Δwalltime=0.068s  timestep=17s  day=6.26
2025/08/20 23:51:32 iteration 31972  walltime= 0.769h  Δwalltime=0.083s  timestep=17s  day=6.27
2025/08/20 23:51:34 iteration 31998  walltime= 0.769h  Δwalltime=0.08s  timestep=17s  day=6.27
2025/08/20 23:51:36 iteration 32025  walltime=  0.77h  Δwalltime=0.071s  timestep=17s  day=6.28
2025/08/20 23:51:38 iteration 32051  walltime= 0.771h  Δwalltime=0.071s  timestep=17s  day=6.29
2025/08/20 23:51:40 iteration 32078  walltime= 0.771h  Δwalltime=0.07s  timestep=17s  day=6.29
2025/08/20 23:51:42 iteration 32106  walltime= 0.772h  Δwalltime=0.07s  timestep=17s  day=6.3
2025/08/20 23:51:44 iteration 32133  walltime= 0.772h  Δwalltime=0.071s  timestep=17s  day=6.3
2025/08/20 23:51:46 iteration 32158  walltime= 0.773h  Δwalltime=0.074s  timestep=17s  day=6.31
2025/08/20 23:51:48 iteration 32185  walltime= 0.773h  Δwalltime=0.089s  timestep=17s  day=6.31
2025/08/20 23:51:50 iteration 32212  walltime= 0.774h  Δwalltime=0.069s  timestep=17s  day=6.32
2025/08/20 23:51:52 iteration 32239  walltime= 0.775h  Δwalltime=0.071s  timestep=17s  day=6.32
2025/08/20 23:51:54 iteration 32266  walltime= 0.775h  Δwalltime=0.069s  timestep=17s  day=6.33
2025/08/20 23:51:56 iteration 32293  walltime= 0.776h  Δwalltime=0.07s  timestep=17s  day=6.33
2025/08/20 23:51:58 iteration 32320  walltime= 0.776h  Δwalltime=0.081s  timestep=17s  day=6.34
2025/08/20 23:52:00 iteration 32347  walltime= 0.777h  Δwalltime=0.079s  timestep=17s  day=6.34
2025/08/20 23:52:02 iteration 32373  walltime= 0.777h  Δwalltime=0.069s  timestep=17s  day=6.35
2025/08/20 23:52:04 iteration 32399  walltime= 0.778h  Δwalltime=0.086s  timestep=17s  day=6.35
2025/08/20 23:52:06 iteration 32425  walltime= 0.778h  Δwalltime=0.079s  timestep=17s  day=6.36
2025/08/20 23:52:08 iteration 32453  walltime= 0.779h  Δwalltime=0.082s  timestep=17s  day=6.36
2025/08/20 23:52:10 iteration 32480  walltime=  0.78h  Δwalltime=0.069s  timestep=17s  day=6.37
2025/08/20 23:52:12 iteration 32506  walltime=  0.78h  Δwalltime=0.084s  timestep=17s  day=6.37
2025/08/20 23:52:14 iteration 32533  walltime= 0.781h  Δwalltime=0.069s  timestep=17s  day=6.38
2025/08/20 23:52:15 Percent change since last convergence check:
VOC:			0.37%
VOC pop-wtd:		0.042%
SOA:			0.57%
SOA pop-wtd:		0.062%
PrimaryPM25:		0.26%
PrimaryPM25 pop-wtd:	0.027%
NH3:			0.25%
NH3 pop-wtd:		0.13%
pNH4:			0.47%
pNH4 pop-wtd:		0.15%
SOx:			0.0047%
SOx pop-wtd:		0.00018%
pSO4:			0.33%
pSO4 pop-wtd:		0.11%
NOx:			0.78%
NOx pop-wtd:		0.2%
pNO3:			0.79%
pNO3 pop-wtd:		0.3%
2025/08/20 23:52:16 iteration 32559  walltime= 0.781h  Δwalltime=0.071s  timestep=17s  day=6.38
2025/08/20 23:52:18 iteration 32585  walltime= 0.782h  Δwalltime=0.071s  timestep=17s  day=6.39
2025/08/20 23:52:20 iteration 32611  walltime= 0.782h  Δwalltime=0.079s  timestep=17s  day=6.4
2025/08/20 23:52:22 iteration 32637  walltime= 0.783h  Δwalltime=0.068s  timestep=17s  day=6.4
2025/08/20 23:52:24 iteration 32663  walltime= 0.783h  Δwalltime=0.07s  timestep=17s  day=6.41
2025/08/20 23:52:26 iteration 32691  walltime= 0.784h  Δwalltime=0.077s  timestep=17s  day=6.41
2025/08/20 23:52:28 iteration 32719  walltime= 0.785h  Δwalltime=0.079s  timestep=17s  day=6.42
2025/08/20 23:52:30 iteration 32745  walltime= 0.785h  Δwalltime=0.071s  timestep=17s  day=6.42
2025/08/20 23:52:32 iteration 32772  walltime= 0.786h  Δwalltime=0.079s  timestep=17s  day=6.43
2025/08/20 23:52:34 iteration 32799  walltime= 0.786h  Δwalltime=0.081s  timestep=17s  day=6.43
2025/08/20 23:52:36 iteration 32826  walltime= 0.787h  Δwalltime=0.078s  timestep=17s  day=6.44
2025/08/20 23:52:38 iteration 32854  walltime= 0.787h  Δwalltime=0.074s  timestep=17s  day=6.44
2025/08/20 23:52:40 iteration 32880  walltime= 0.788h  Δwalltime=0.081s  timestep=17s  day=6.45
2025/08/20 23:52:42 iteration 32907  walltime= 0.788h  Δwalltime=0.087s  timestep=17s  day=6.45
2025/08/20 23:52:44 iteration 32935  walltime= 0.789h  Δwalltime=0.072s  timestep=17s  day=6.46
2025/08/20 23:52:46 iteration 32961  walltime=  0.79h  Δwalltime=0.075s  timestep=17s  day=6.46
2025/08/20 23:52:48 iteration 32988  walltime=  0.79h  Δwalltime=0.072s  timestep=17s  day=6.47
2025/08/20 23:52:50 iteration 33015  walltime= 0.791h  Δwalltime=0.07s  timestep=17s  day=6.47
2025/08/20 23:52:52 iteration 33042  walltime= 0.791h  Δwalltime=0.074s  timestep=17s  day=6.48
2025/08/20 23:52:54 iteration 33070  walltime= 0.792h  Δwalltime=0.07s  timestep=17s  day=6.49
2025/08/20 23:52:56 iteration 33097  walltime= 0.792h  Δwalltime=0.069s  timestep=17s  day=6.49
2025/08/20 23:52:58 iteration 33123  walltime= 0.793h  Δwalltime=0.069s  timestep=17s  day=6.5
2025/08/20 23:53:00 iteration 33151  walltime= 0.793h  Δwalltime=0.08s  timestep=17s  day=6.5
2025/08/20 23:53:02 iteration 33177  walltime= 0.794h  Δwalltime=0.21s  timestep=17s  day=6.51
2025/08/20 23:53:02 Percent change since last convergence check:
VOC:			0.35%
VOC pop-wtd:		0.04%
SOA:			0.54%
SOA pop-wtd:		0.059%
PrimaryPM25:		0.24%
PrimaryPM25 pop-wtd:	0.025%
NH3:			0.23%
NH3 pop-wtd:		0.12%
pNH4:			0.44%
pNH4 pop-wtd:		0.14%
SOx:			0.0041%
SOx pop-wtd:		0.00016%
pSO4:			0.31%
pSO4 pop-wtd:		0.099%
NOx:			0.75%
NOx pop-wtd:		0.19%
pNO3:			0.75%
pNO3 pop-wtd:		0.28%
2025/08/20 23:53:04 iteration 33203  walltime= 0.795h  Δwalltime=0.068s  timestep=17s  day=6.51
2025/08/20 23:53:06 iteration 33230  walltime= 0.795h  Δwalltime=0.068s  timestep=17s  day=6.52
2025/08/20 23:53:08 iteration 33258  walltime= 0.796h  Δwalltime=0.08s  timestep=17s  day=6.52
2025/08/20 23:53:10 iteration 33283  walltime= 0.796h  Δwalltime=0.078s  timestep=17s  day=6.53
2025/08/20 23:53:12 iteration 33311  walltime= 0.797h  Δwalltime=0.068s  timestep=17s  day=6.53
2025/08/20 23:53:14 iteration 33337  walltime= 0.797h  Δwalltime=0.089s  timestep=17s  day=6.54
2025/08/20 23:53:16 iteration 33364  walltime= 0.798h  Δwalltime=0.069s  timestep=17s  day=6.54
2025/08/20 23:53:18 iteration 33392  walltime= 0.798h  Δwalltime=0.076s  timestep=17s  day=6.55
2025/08/20 23:53:20 iteration 33417  walltime= 0.799h  Δwalltime=0.086s  timestep=17s  day=6.55
2025/08/20 23:53:22 iteration 33445  walltime= 0.799h  Δwalltime=0.069s  timestep=17s  day=6.56
2025/08/20 23:53:24 iteration 33472  walltime=   0.8h  Δwalltime=0.069s  timestep=17s  day=6.56
2025/08/20 23:53:26 iteration 33498  walltime= 0.801h  Δwalltime=0.072s  timestep=17s  day=6.57
2025/08/20 23:53:28 iteration 33526  walltime= 0.801h  Δwalltime=0.081s  timestep=17s  day=6.57
2025/08/20 23:53:30 iteration 33553  walltime= 0.802h  Δwalltime=0.069s  timestep=17s  day=6.58
2025/08/20 23:53:32 iteration 33579  walltime= 0.802h  Δwalltime=0.07s  timestep=17s  day=6.58
2025/08/20 23:53:34 iteration 33606  walltime= 0.803h  Δwalltime=0.068s  timestep=17s  day=6.59
2025/08/20 23:53:36 iteration 33634  walltime= 0.803h  Δwalltime=0.073s  timestep=17s  day=6.6
2025/08/20 23:53:38 iteration 33661  walltime= 0.804h  Δwalltime=0.069s  timestep=17s  day=6.6
2025/08/20 23:53:40 iteration 33688  walltime= 0.805h  Δwalltime=0.082s  timestep=17s  day=6.61
2025/08/20 23:53:42 iteration 33715  walltime= 0.805h  Δwalltime=0.079s  timestep=17s  day=6.61
2025/08/20 23:53:44 iteration 33742  walltime= 0.806h  Δwalltime=0.071s  timestep=17s  day=6.62
2025/08/20 23:53:46 iteration 33767  walltime= 0.806h  Δwalltime=0.11s  timestep=17s  day=6.62
2025/08/20 23:53:48 iteration 33793  walltime= 0.807h  Δwalltime=0.091s  timestep=17s  day=6.63
2025/08/20 23:53:50 Percent change since last convergence check:
VOC:			0.33%
VOC pop-wtd:		0.038%
SOA:			0.51%
SOA pop-wtd:		0.056%
PrimaryPM25:		0.23%
PrimaryPM25 pop-wtd:	0.024%
NH3:			0.22%
NH3 pop-wtd:		0.11%
pNH4:			0.42%
pNH4 pop-wtd:		0.13%
SOx:			0.0036%
SOx pop-wtd:		0.00013%
pSO4:			0.29%
pSO4 pop-wtd:		0.091%
NOx:			0.72%
NOx pop-wtd:		0.18%
pNO3:			0.72%
pNO3 pop-wtd:		0.27%
2025/08/20 23:53:50 iteration 33818  walltime= 0.807h  Δwalltime=0.073s  timestep=17s  day=6.63
2025/08/20 23:53:52 iteration 33846  walltime= 0.808h  Δwalltime=0.078s  timestep=17s  day=6.64
2025/08/20 23:53:54 iteration 33872  walltime= 0.808h  Δwalltime=0.068s  timestep=17s  day=6.64
2025/08/20 23:53:56 iteration 33899  walltime= 0.809h  Δwalltime=0.076s  timestep=17s  day=6.65
2025/08/20 23:53:58 iteration 33926  walltime=  0.81h  Δwalltime=0.071s  timestep=17s  day=6.65
2025/08/20 23:54:00 iteration 33952  walltime=  0.81h  Δwalltime=0.072s  timestep=17s  day=6.66
2025/08/20 23:54:02 iteration 33979  walltime= 0.811h  Δwalltime=0.07s  timestep=17s  day=6.66
2025/08/20 23:54:04 iteration 34006  walltime= 0.811h  Δwalltime=0.069s  timestep=17s  day=6.67
2025/08/20 23:54:06 iteration 34033  walltime= 0.812h  Δwalltime=0.071s  timestep=17s  day=6.67
2025/08/20 23:54:08 iteration 34061  walltime= 0.812h  Δwalltime=0.076s  timestep=17s  day=6.68
2025/08/20 23:54:10 iteration 34088  walltime= 0.813h  Δwalltime=0.078s  timestep=17s  day=6.68
2025/08/20 23:54:12 iteration 34115  walltime= 0.813h  Δwalltime=0.07s  timestep=17s  day=6.69
2025/08/20 23:54:14 iteration 34142  walltime= 0.814h  Δwalltime=0.084s  timestep=17s  day=6.7
2025/08/20 23:54:16 iteration 34168  walltime= 0.815h  Δwalltime=0.09s  timestep=17s  day=6.7
2025/08/20 23:54:18 iteration 34194  walltime= 0.815h  Δwalltime=0.07s  timestep=17s  day=6.71
2025/08/20 23:54:20 iteration 34222  walltime= 0.816h  Δwalltime=0.069s  timestep=17s  day=6.71
2025/08/20 23:54:22 iteration 34248  walltime= 0.816h  Δwalltime=0.079s  timestep=17s  day=6.72
2025/08/20 23:54:24 iteration 34275  walltime= 0.817h  Δwalltime=0.072s  timestep=17s  day=6.72
2025/08/20 23:54:26 iteration 34303  walltime= 0.817h  Δwalltime=0.08s  timestep=17s  day=6.73
2025/08/20 23:54:28 iteration 34329  walltime= 0.818h  Δwalltime=0.074s  timestep=17s  day=6.73
2025/08/20 23:54:30 iteration 34356  walltime= 0.818h  Δwalltime=0.07s  timestep=17s  day=6.74
2025/08/20 23:54:32 iteration 34384  walltime= 0.819h  Δwalltime=0.07s  timestep=17s  day=6.74
2025/08/20 23:54:34 iteration 34410  walltime=  0.82h  Δwalltime=0.07s  timestep=17s  day=6.75
2025/08/20 23:54:36 iteration 34436  walltime=  0.82h  Δwalltime=0.068s  timestep=17s  day=6.75
2025/08/20 23:54:38 Percent change since last convergence check:
VOC:			0.31%
VOC pop-wtd:		0.036%
SOA:			0.48%
SOA pop-wtd:		0.052%
PrimaryPM25:		0.22%
PrimaryPM25 pop-wtd:	0.022%
NH3:			0.21%
NH3 pop-wtd:		0.11%
pNH4:			0.39%
pNH4 pop-wtd:		0.13%
SOx:			0.0032%
SOx pop-wtd:		0.00011%
pSO4:			0.27%
pSO4 pop-wtd:		0.085%
NOx:			0.69%
NOx pop-wtd:		0.17%
pNO3:			0.69%
pNO3 pop-wtd:		0.26%
2025/08/20 23:54:38 iteration 34462  walltime= 0.821h  Δwalltime=0.07s  timestep=17s  day=6.76
2025/08/20 23:54:40 iteration 34488  walltime= 0.821h  Δwalltime=0.072s  timestep=17s  day=6.76
2025/08/20 23:54:42 iteration 34515  walltime= 0.822h  Δwalltime=0.076s  timestep=17s  day=6.77
2025/08/20 23:54:44 iteration 34541  walltime= 0.822h  Δwalltime=0.071s  timestep=17s  day=6.77
2025/08/20 23:54:46 iteration 34568  walltime= 0.823h  Δwalltime=0.07s  timestep=17s  day=6.78
2025/08/20 23:54:48 iteration 34595  walltime= 0.823h  Δwalltime=0.07s  timestep=17s  day=6.78
2025/08/20 23:54:50 iteration 34623  walltime= 0.824h  Δwalltime=0.08s  timestep=17s  day=6.79
2025/08/20 23:54:52 iteration 34650  walltime= 0.825h  Δwalltime=0.068s  timestep=17s  day=6.79
2025/08/20 23:54:54 iteration 34678  walltime= 0.825h  Δwalltime=0.07s  timestep=17s  day=6.8
2025/08/20 23:54:56 iteration 34704  walltime= 0.826h  Δwalltime=0.085s  timestep=17s  day=6.81
2025/08/20 23:54:58 iteration 34731  walltime= 0.826h  Δwalltime=0.07s  timestep=17s  day=6.81
2025/08/20 23:55:00 iteration 34759  walltime= 0.827h  Δwalltime=0.073s  timestep=17s  day=6.82
2025/08/20 23:55:02 iteration 34786  walltime= 0.827h  Δwalltime=0.07s  timestep=17s  day=6.82
2025/08/20 23:55:04 iteration 34813  walltime= 0.828h  Δwalltime=0.068s  timestep=17s  day=6.83
2025/08/20 23:55:06 iteration 34836  walltime= 0.828h  Δwalltime=0.069s  timestep=17s  day=6.83
2025/08/20 23:55:08 iteration 34863  walltime= 0.829h  Δwalltime=0.07s  timestep=17s  day=6.84
2025/08/20 23:55:10 iteration 34890  walltime=  0.83h  Δwalltime=0.076s  timestep=17s  day=6.84
2025/08/20 23:55:12 iteration 34918  walltime=  0.83h  Δwalltime=0.07s  timestep=17s  day=6.85
2025/08/20 23:55:14 iteration 34944  walltime= 0.831h  Δwalltime=0.07s  timestep=17s  day=6.85
2025/08/20 23:55:16 iteration 34972  walltime= 0.831h  Δwalltime=0.082s  timestep=17s  day=6.86
2025/08/20 23:55:18 iteration 34998  walltime= 0.832h  Δwalltime=0.08s  timestep=17s  day=6.86
2025/08/20 23:55:20 iteration 35025  walltime= 0.832h  Δwalltime=0.07s  timestep=17s  day=6.87
2025/08/20 23:55:22 iteration 35053  walltime= 0.833h  Δwalltime=0.071s  timestep=17s  day=6.87
2025/08/20 23:55:24 iteration 35081  walltime= 0.833h  Δwalltime=0.086s  timestep=17s  day=6.88
2025/08/20 23:55:25 Percent change since last convergence check:
VOC:			0.29%
VOC pop-wtd:		0.034%
SOA:			0.46%
SOA pop-wtd:		0.05%
PrimaryPM25:		0.2%
PrimaryPM25 pop-wtd:	0.021%
NH3:			0.19%
NH3 pop-wtd:		0.1%
pNH4:			0.37%
pNH4 pop-wtd:		0.12%
SOx:			0.0028%
SOx pop-wtd:		9.6e-05%
pSO4:			0.26%
pSO4 pop-wtd:		0.079%
NOx:			0.66%
NOx pop-wtd:		0.17%
pNO3:			0.66%
pNO3 pop-wtd:		0.25%
2025/08/20 23:55:26 iteration 35105  walltime= 0.834h  Δwalltime=0.068s  timestep=17s  day=6.88
2025/08/20 23:55:28 iteration 35133  walltime= 0.835h  Δwalltime=0.085s  timestep=17s  day=6.89
2025/08/20 23:55:30 iteration 35159  walltime= 0.835h  Δwalltime=0.092s  timestep=17s  day=6.89
2025/08/20 23:55:32 iteration 35187  walltime= 0.836h  Δwalltime=0.07s  timestep=17s  day=6.9
2025/08/20 23:55:34 iteration 35214  walltime= 0.836h  Δwalltime=0.073s  timestep=17s  day=6.91
2025/08/20 23:55:36 iteration 35240  walltime= 0.837h  Δwalltime=0.07s  timestep=17s  day=6.91
2025/08/20 23:55:38 iteration 35266  walltime= 0.837h  Δwalltime=0.073s  timestep=17s  day=6.92
2025/08/20 23:55:40 iteration 35293  walltime= 0.838h  Δwalltime=0.076s  timestep=17s  day=6.92
2025/08/20 23:55:42 iteration 35319  walltime= 0.838h  Δwalltime=0.089s  timestep=17s  day=6.93
2025/08/20 23:55:44 iteration 35347  walltime= 0.839h  Δwalltime=0.068s  timestep=17s  day=6.93
2025/08/20 23:55:46 iteration 35374  walltime=  0.84h  Δwalltime=0.07s  timestep=17s  day=6.94
2025/08/20 23:55:48 iteration 35398  walltime=  0.84h  Δwalltime=0.069s  timestep=17s  day=6.94
2025/08/20 23:55:50 iteration 35423  walltime= 0.841h  Δwalltime=0.07s  timestep=17s  day=6.95
2025/08/20 23:55:52 iteration 35451  walltime= 0.841h  Δwalltime=0.071s  timestep=17s  day=6.95
2025/08/20 23:55:54 iteration 35478  walltime= 0.842h  Δwalltime=0.07s  timestep=17s  day=6.96
2025/08/20 23:55:56 iteration 35503  walltime= 0.842h  Δwalltime=0.075s  timestep=17s  day=6.96
2025/08/20 23:55:58 iteration 35530  walltime= 0.843h  Δwalltime=0.077s  timestep=17s  day=6.97
2025/08/20 23:56:00 iteration 35557  walltime= 0.843h  Δwalltime=0.068s  timestep=17s  day=6.97
2025/08/20 23:56:02 iteration 35583  walltime= 0.844h  Δwalltime=0.069s  timestep=17s  day=6.98
2025/08/20 23:56:04 iteration 35609  walltime= 0.845h  Δwalltime=0.096s  timestep=17s  day=6.98
2025/08/20 23:56:06 iteration 35636  walltime= 0.845h  Δwalltime=0.069s  timestep=17s  day=6.99
2025/08/20 23:56:08 iteration 35664  walltime= 0.846h  Δwalltime=0.069s  timestep=17s  day=6.99
2025/08/20 23:56:10 iteration 35690  walltime= 0.846h  Δwalltime=0.072s  timestep=17s  day=7
2025/08/20 23:56:12 iteration 35718  walltime= 0.847h  Δwalltime=0.069s  timestep=17s  day=7
2025/08/20 23:56:13 Percent change since last convergence check:
VOC:			0.28%
VOC pop-wtd:		0.032%
SOA:			0.43%
SOA pop-wtd:		0.047%
PrimaryPM25:		0.19%
PrimaryPM25 pop-wtd:	0.019%
NH3:			0.18%
NH3 pop-wtd:		0.095%
pNH4:			0.35%
pNH4 pop-wtd:		0.11%
SOx:			0.0025%
SOx pop-wtd:		8.1e-05%
pSO4:			0.24%
pSO4 pop-wtd:		0.073%
NOx:			0.64%
NOx pop-wtd:		0.16%
pNO3:			0.63%
pNO3 pop-wtd:		0.24%
2025/08/20 23:56:14 iteration 35743  walltime= 0.847h  Δwalltime=0.07s  timestep=17s  day=7.01
2025/08/20 23:56:16 iteration 35770  walltime= 0.848h  Δwalltime=0.071s  timestep=17s  day=7.01
2025/08/20 23:56:18 iteration 35797  walltime= 0.848h  Δwalltime=0.069s  timestep=17s  day=7.02
2025/08/20 23:56:20 iteration 35825  walltime= 0.849h  Δwalltime=0.069s  timestep=17s  day=7.03
2025/08/20 23:56:22 iteration 35851  walltime=  0.85h  Δwalltime=0.068s  timestep=17s  day=7.03
2025/08/20 23:56:24 iteration 35878  walltime=  0.85h  Δwalltime=0.076s  timestep=17s  day=7.04
2025/08/20 23:56:26 iteration 35904  walltime= 0.851h  Δwalltime=0.082s  timestep=17s  day=7.04
2025/08/20 23:56:28 iteration 35930  walltime= 0.851h  Δwalltime=0.07s  timestep=17s  day=7.05
2025/08/20 23:56:30 iteration 35958  walltime= 0.852h  Δwalltime=0.069s  timestep=17s  day=7.05
2025/08/20 23:56:32 iteration 35985  walltime= 0.852h  Δwalltime=0.084s  timestep=17s  day=7.06
2025/08/20 23:56:34 iteration 36012  walltime= 0.853h  Δwalltime=0.069s  timestep=17s  day=7.06
2025/08/20 23:56:36 iteration 36039  walltime= 0.853h  Δwalltime=0.073s  timestep=17s  day=7.07
2025/08/20 23:56:38 iteration 36065  walltime= 0.854h  Δwalltime=0.081s  timestep=17s  day=7.07
2025/08/20 23:56:40 iteration 36093  walltime= 0.855h  Δwalltime=0.079s  timestep=17s  day=7.08
2025/08/20 23:56:42 iteration 36120  walltime= 0.855h  Δwalltime=0.093s  timestep=17s  day=7.08
2025/08/20 23:56:44 iteration 36146  walltime= 0.856h  Δwalltime=0.068s  timestep=17s  day=7.09
2025/08/20 23:56:46 iteration 36174  walltime= 0.856h  Δwalltime=0.068s  timestep=17s  day=7.09
2025/08/20 23:56:48 iteration 36202  walltime= 0.857h  Δwalltime=0.072s  timestep=17s  day=7.1
2025/08/20 23:56:50 iteration 36230  walltime= 0.857h  Δwalltime=0.068s  timestep=17s  day=7.1
2025/08/20 23:56:52 iteration 36258  walltime= 0.858h  Δwalltime=0.075s  timestep=17s  day=7.11
2025/08/20 23:56:54 iteration 36286  walltime= 0.858h  Δwalltime=0.071s  timestep=17s  day=7.12
2025/08/20 23:56:56 iteration 36312  walltime= 0.859h  Δwalltime=0.07s  timestep=17s  day=7.12
2025/08/20 23:56:58 iteration 36340  walltime=  0.86h  Δwalltime=0.071s  timestep=17s  day=7.13
2025/08/20 23:57:01 iteration 36367  walltime=  0.86h  Δwalltime=0.22s  timestep=17s  day=7.13
2025/08/20 23:57:01 Percent change since last convergence check:
VOC:			0.26%
VOC pop-wtd:		0.03%
SOA:			0.41%
SOA pop-wtd:		0.044%
PrimaryPM25:		0.18%
PrimaryPM25 pop-wtd:	0.018%
NH3:			0.17%
NH3 pop-wtd:		0.089%
pNH4:			0.33%
pNH4 pop-wtd:		0.11%
SOx:			0.0022%
SOx pop-wtd:		6.9e-05%
pSO4:			0.23%
pSO4 pop-wtd:		0.068%
NOx:			0.61%
NOx pop-wtd:		0.16%
pNO3:			0.6%
pNO3 pop-wtd:		0.23%
2025/08/20 23:57:02 iteration 36392  walltime= 0.861h  Δwalltime=0.068s  timestep=17s  day=7.14
2025/08/20 23:57:04 iteration 36419  walltime= 0.861h  Δwalltime=0.07s  timestep=17s  day=7.14
2025/08/20 23:57:06 iteration 36445  walltime= 0.862h  Δwalltime=0.081s  timestep=17s  day=7.15
2025/08/20 23:57:08 iteration 36472  walltime= 0.862h  Δwalltime=0.068s  timestep=17s  day=7.15
2025/08/20 23:57:10 iteration 36500  walltime= 0.863h  Δwalltime=0.078s  timestep=17s  day=7.16
2025/08/20 23:57:12 iteration 36526  walltime= 0.863h  Δwalltime=0.071s  timestep=17s  day=7.16
2025/08/20 23:57:14 iteration 36553  walltime= 0.864h  Δwalltime=0.071s  timestep=17s  day=7.17
2025/08/20 23:57:16 iteration 36582  walltime= 0.865h  Δwalltime=0.068s  timestep=17s  day=7.17
2025/08/20 23:57:18 iteration 36608  walltime= 0.865h  Δwalltime=0.071s  timestep=17s  day=7.18
2025/08/20 23:57:20 iteration 36635  walltime= 0.866h  Δwalltime=0.069s  timestep=17s  day=7.18
2025/08/20 23:57:22 iteration 36662  walltime= 0.866h  Δwalltime=0.073s  timestep=17s  day=7.19
2025/08/20 23:57:24 iteration 36688  walltime= 0.867h  Δwalltime=0.069s  timestep=17s  day=7.19
2025/08/20 23:57:26 iteration 36715  walltime= 0.867h  Δwalltime=0.08s  timestep=17s  day=7.2
2025/08/20 23:57:28 iteration 36743  walltime= 0.868h  Δwalltime=0.084s  timestep=17s  day=7.21
2025/08/20 23:57:30 iteration 36770  walltime= 0.868h  Δwalltime=0.079s  timestep=17s  day=7.21
2025/08/20 23:57:32 iteration 36797  walltime= 0.869h  Δwalltime=0.079s  timestep=17s  day=7.22
2025/08/20 23:57:34 iteration 36823  walltime= 0.869h  Δwalltime=0.077s  timestep=17s  day=7.22
2025/08/20 23:57:36 iteration 36850  walltime=  0.87h  Δwalltime=0.079s  timestep=17s  day=7.23
2025/08/20 23:57:38 iteration 36877  walltime= 0.871h  Δwalltime=0.076s  timestep=17s  day=7.23
2025/08/20 23:57:40 iteration 36904  walltime= 0.871h  Δwalltime=0.085s  timestep=17s  day=7.24
2025/08/20 23:57:42 iteration 36930  walltime= 0.872h  Δwalltime=0.074s  timestep=17s  day=7.24
2025/08/20 23:57:44 iteration 36958  walltime= 0.872h  Δwalltime=0.069s  timestep=17s  day=7.25
2025/08/20 23:57:46 iteration 36984  walltime= 0.873h  Δwalltime=0.073s  timestep=17s  day=7.25
2025/08/20 23:57:48 Percent change since last convergence check:
VOC:			0.25%
VOC pop-wtd:		0.029%
SOA:			0.39%
SOA pop-wtd:		0.042%
PrimaryPM25:		0.17%
PrimaryPM25 pop-wtd:	0.017%
NH3:			0.16%
NH3 pop-wtd:		0.084%
pNH4:			0.31%
pNH4 pop-wtd:		0.099%
SOx:			0.0019%
SOx pop-wtd:		5.9e-05%
pSO4:			0.21%
pSO4 pop-wtd:		0.063%
NOx:			0.59%
NOx pop-wtd:		0.15%
pNO3:			0.58%
pNO3 pop-wtd:		0.23%
2025/08/20 23:57:48 iteration 37008  walltime= 0.873h  Δwalltime=0.081s  timestep=17s  day=7.26
2025/08/20 23:57:50 iteration 37035  walltime= 0.874h  Δwalltime=0.071s  timestep=17s  day=7.26
2025/08/20 23:57:52 iteration 37062  walltime= 0.875h  Δwalltime=0.069s  timestep=17s  day=7.27
2025/08/20 23:57:54 iteration 37089  walltime= 0.875h  Δwalltime=0.069s  timestep=17s  day=7.27
2025/08/20 23:57:56 iteration 37117  walltime= 0.876h  Δwalltime=0.068s  timestep=17s  day=7.28
2025/08/20 23:57:58 iteration 37143  walltime= 0.876h  Δwalltime=0.069s  timestep=17s  day=7.28
2025/08/20 23:58:00 iteration 37171  walltime= 0.877h  Δwalltime=0.069s  timestep=17s  day=7.29
2025/08/20 23:58:02 iteration 37198  walltime= 0.877h  Δwalltime=0.078s  timestep=17s  day=7.29
2025/08/20 23:58:04 iteration 37224  walltime= 0.878h  Δwalltime=0.08s  timestep=17s  day=7.3
2025/08/20 23:58:06 iteration 37252  walltime= 0.878h  Δwalltime=0.085s  timestep=17s  day=7.31
2025/08/20 23:58:08 iteration 37279  walltime= 0.879h  Δwalltime=0.082s  timestep=17s  day=7.31
2025/08/20 23:58:10 iteration 37305  walltime=  0.88h  Δwalltime=0.071s  timestep=17s  day=7.32
2025/08/20 23:58:12 iteration 37333  walltime=  0.88h  Δwalltime=0.07s  timestep=17s  day=7.32
2025/08/20 23:58:14 iteration 37359  walltime= 0.881h  Δwalltime=0.08s  timestep=17s  day=7.33
2025/08/20 23:58:16 iteration 37386  walltime= 0.881h  Δwalltime=0.078s  timestep=17s  day=7.33
2025/08/20 23:58:18 iteration 37413  walltime= 0.882h  Δwalltime=0.072s  timestep=17s  day=7.34
2025/08/20 23:58:20 iteration 37440  walltime= 0.882h  Δwalltime=0.069s  timestep=17s  day=7.34
2025/08/20 23:58:22 iteration 37468  walltime= 0.883h  Δwalltime=0.069s  timestep=17s  day=7.35
2025/08/20 23:58:24 iteration 37495  walltime= 0.883h  Δwalltime=0.073s  timestep=17s  day=7.35
2025/08/20 23:58:26 iteration 37521  walltime= 0.884h  Δwalltime=0.084s  timestep=17s  day=7.36
2025/08/20 23:58:28 iteration 37547  walltime= 0.884h  Δwalltime=0.072s  timestep=17s  day=7.36
2025/08/20 23:58:30 iteration 37574  walltime= 0.885h  Δwalltime=0.069s  timestep=17s  day=7.37
2025/08/20 23:58:32 iteration 37601  walltime= 0.886h  Δwalltime=0.069s  timestep=17s  day=7.37
2025/08/20 23:58:34 iteration 37628  walltime= 0.886h  Δwalltime=0.07s  timestep=17s  day=7.38
2025/08/20 23:58:36 Percent change since last convergence check:
VOC:			0.23%
VOC pop-wtd:		0.027%
SOA:			0.37%
SOA pop-wtd:		0.04%
PrimaryPM25:		0.16%
PrimaryPM25 pop-wtd:	0.016%
NH3:			0.15%
NH3 pop-wtd:		0.079%
pNH4:			0.3%
pNH4 pop-wtd:		0.093%
SOx:			0.0017%
SOx pop-wtd:		5e-05%
pSO4:			0.2%
pSO4 pop-wtd:		0.059%
NOx:			0.56%
NOx pop-wtd:		0.14%
pNO3:			0.55%
pNO3 pop-wtd:		0.22%
2025/08/20 23:58:36 iteration 37654  walltime= 0.887h  Δwalltime=0.081s  timestep=17s  day=7.38
2025/08/20 23:58:38 iteration 37679  walltime= 0.887h  Δwalltime=0.073s  timestep=17s  day=7.39
2025/08/20 23:58:40 iteration 37707  walltime= 0.888h  Δwalltime=0.076s  timestep=17s  day=7.39
2025/08/20 23:58:42 iteration 37733  walltime= 0.888h  Δwalltime=0.072s  timestep=17s  day=7.4
2025/08/20 23:58:44 iteration 37760  walltime= 0.889h  Δwalltime=0.081s  timestep=17s  day=7.4
2025/08/20 23:58:46 iteration 37787  walltime= 0.889h  Δwalltime=0.076s  timestep=17s  day=7.41
2025/08/20 23:58:48 iteration 37815  walltime=  0.89h  Δwalltime=0.082s  timestep=17s  day=7.42
2025/08/20 23:58:50 iteration 37842  walltime= 0.891h  Δwalltime=0.071s  timestep=17s  day=7.42
2025/08/20 23:58:52 iteration 37869  walltime= 0.891h  Δwalltime=0.069s  timestep=17s  day=7.43
2025/08/20 23:58:54 iteration 37896  walltime= 0.892h  Δwalltime=0.069s  timestep=17s  day=7.43
2025/08/20 23:58:56 iteration 37924  walltime= 0.892h  Δwalltime=0.085s  timestep=17s  day=7.44
2025/08/20 23:58:58 iteration 37950  walltime= 0.893h  Δwalltime=0.068s  timestep=17s  day=7.44
2025/08/20 23:59:00 iteration 37976  walltime= 0.893h  Δwalltime=0.082s  timestep=17s  day=7.45
2025/08/20 23:59:02 iteration 38004  walltime= 0.894h  Δwalltime=0.071s  timestep=17s  day=7.45
2025/08/20 23:59:04 iteration 38031  walltime= 0.894h  Δwalltime=0.07s  timestep=17s  day=7.46
2025/08/20 23:59:06 iteration 38058  walltime= 0.895h  Δwalltime=0.074s  timestep=17s  day=7.46
2025/08/20 23:59:08 iteration 38084  walltime= 0.896h  Δwalltime=0.069s  timestep=17s  day=7.47
2025/08/20 23:59:10 iteration 38111  walltime= 0.896h  Δwalltime=0.073s  timestep=17s  day=7.47
2025/08/20 23:59:12 iteration 38138  walltime= 0.897h  Δwalltime=0.069s  timestep=17s  day=7.48
2025/08/20 23:59:14 iteration 38165  walltime= 0.897h  Δwalltime=0.075s  timestep=17s  day=7.48
2025/08/20 23:59:16 iteration 38193  walltime= 0.898h  Δwalltime=0.083s  timestep=17s  day=7.49
2025/08/20 23:59:18 iteration 38219  walltime= 0.898h  Δwalltime=0.089s  timestep=17s  day=7.49
2025/08/20 23:59:20 iteration 38246  walltime= 0.899h  Δwalltime=0.082s  timestep=17s  day=7.5
2025/08/20 23:59:22 iteration 38272  walltime=   0.9h  Δwalltime=0.087s  timestep=17s  day=7.51
2025/08/20 23:59:23 Percent change since last convergence check:
VOC:			0.22%
VOC pop-wtd:		0.026%
SOA:			0.35%
SOA pop-wtd:		0.037%
PrimaryPM25:		0.15%
PrimaryPM25 pop-wtd:	0.015%
NH3:			0.14%
NH3 pop-wtd:		0.074%
pNH4:			0.28%
pNH4 pop-wtd:		0.087%
SOx:			0.0015%
SOx pop-wtd:		4.3e-05%
pSO4:			0.19%
pSO4 pop-wtd:		0.055%
NOx:			0.54%
NOx pop-wtd:		0.14%
pNO3:			0.53%
pNO3 pop-wtd:		0.21%
2025/08/20 23:59:24 iteration 38297  walltime=   0.9h  Δwalltime=0.069s  timestep=17s  day=7.51
2025/08/20 23:59:26 iteration 38324  walltime= 0.901h  Δwalltime=0.077s  timestep=17s  day=7.52
2025/08/20 23:59:28 iteration 38350  walltime= 0.901h  Δwalltime=0.069s  timestep=17s  day=7.52
2025/08/20 23:59:30 iteration 38377  walltime= 0.902h  Δwalltime=0.069s  timestep=17s  day=7.53
2025/08/20 23:59:32 iteration 38403  walltime= 0.902h  Δwalltime=0.07s  timestep=17s  day=7.53
2025/08/20 23:59:34 iteration 38429  walltime= 0.903h  Δwalltime=0.078s  timestep=17s  day=7.54
2025/08/20 23:59:36 iteration 38457  walltime= 0.903h  Δwalltime=0.077s  timestep=17s  day=7.54
2025/08/20 23:59:38 iteration 38485  walltime= 0.904h  Δwalltime=0.072s  timestep=17s  day=7.55
2025/08/20 23:59:40 iteration 38512  walltime= 0.905h  Δwalltime=0.073s  timestep=17s  day=7.55
2025/08/20 23:59:42 iteration 38539  walltime= 0.905h  Δwalltime=0.069s  timestep=17s  day=7.56
2025/08/20 23:59:44 iteration 38566  walltime= 0.906h  Δwalltime=0.072s  timestep=17s  day=7.56
2025/08/20 23:59:46 iteration 38591  walltime= 0.906h  Δwalltime=0.069s  timestep=17s  day=7.57
2025/08/20 23:59:48 iteration 38616  walltime= 0.907h  Δwalltime=0.071s  timestep=17s  day=7.57
2025/08/20 23:59:50 iteration 38643  walltime= 0.907h  Δwalltime=0.075s  timestep=17s  day=7.58
2025/08/20 23:59:52 iteration 38669  walltime= 0.908h  Δwalltime=0.07s  timestep=17s  day=7.58
2025/08/20 23:59:54 iteration 38697  walltime= 0.908h  Δwalltime=0.069s  timestep=17s  day=7.59
2025/08/20 23:59:56 iteration 38723  walltime= 0.909h  Δwalltime=0.082s  timestep=17s  day=7.59
2025/08/20 23:59:58 iteration 38750  walltime= 0.909h  Δwalltime=0.08s  timestep=17s  day=7.6
2025/08/21 00:00:00 iteration 38777  walltime=  0.91h  Δwalltime=0.069s  timestep=17s  day=7.6
2025/08/21 00:00:02 iteration 38803  walltime= 0.911h  Δwalltime=0.069s  timestep=17s  day=7.61
2025/08/21 00:00:04 iteration 38829  walltime= 0.911h  Δwalltime=0.07s  timestep=17s  day=7.61
2025/08/21 00:00:06 iteration 38856  walltime= 0.912h  Δwalltime=0.08s  timestep=17s  day=7.62
2025/08/21 00:00:08 iteration 38883  walltime= 0.912h  Δwalltime=0.068s  timestep=17s  day=7.62
2025/08/21 00:00:10 iteration 38911  walltime= 0.913h  Δwalltime=0.07s  timestep=17s  day=7.63
2025/08/21 00:00:11 Percent change since last convergence check:
VOC:			0.21%
VOC pop-wtd:		0.024%
SOA:			0.33%
SOA pop-wtd:		0.035%
PrimaryPM25:		0.14%
PrimaryPM25 pop-wtd:	0.014%
NH3:			0.13%
NH3 pop-wtd:		0.07%
pNH4:			0.26%
pNH4 pop-wtd:		0.082%
SOx:			0.0013%
SOx pop-wtd:		3.7e-05%
pSO4:			0.18%
pSO4 pop-wtd:		0.051%
NOx:			0.52%
NOx pop-wtd:		0.13%
pNO3:			0.51%
pNO3 pop-wtd:		0.2%
2025/08/21 00:00:12 iteration 38936  walltime= 0.913h  Δwalltime=0.077s  timestep=17s  day=7.64
2025/08/21 00:00:14 iteration 38962  walltime= 0.914h  Δwalltime=0.083s  timestep=17s  day=7.64
2025/08/21 00:00:16 iteration 38990  walltime= 0.915h  Δwalltime=0.07s  timestep=17s  day=7.65
2025/08/21 00:00:18 iteration 39017  walltime= 0.915h  Δwalltime=0.083s  timestep=17s  day=7.65
2025/08/21 00:00:20 iteration 39043  walltime= 0.916h  Δwalltime=0.074s  timestep=17s  day=7.66
2025/08/21 00:00:22 iteration 39071  walltime= 0.916h  Δwalltime=0.071s  timestep=17s  day=7.66
2025/08/21 00:00:24 iteration 39098  walltime= 0.917h  Δwalltime=0.082s  timestep=17s  day=7.67
2025/08/21 00:00:26 iteration 39125  walltime= 0.917h  Δwalltime=0.068s  timestep=17s  day=7.67
2025/08/21 00:00:28 iteration 39151  walltime= 0.918h  Δwalltime=0.069s  timestep=17s  day=7.68
2025/08/21 00:00:30 iteration 39178  walltime= 0.918h  Δwalltime=0.081s  timestep=17s  day=7.68
2025/08/21 00:00:32 iteration 39204  walltime= 0.919h  Δwalltime=0.071s  timestep=17s  day=7.69
2025/08/21 00:00:34 iteration 39230  walltime= 0.919h  Δwalltime=0.075s  timestep=17s  day=7.69
2025/08/21 00:00:36 iteration 39256  walltime=  0.92h  Δwalltime=0.07s  timestep=17s  day=7.7
2025/08/21 00:00:38 iteration 39284  walltime= 0.921h  Δwalltime=0.07s  timestep=17s  day=7.7
2025/08/21 00:00:40 iteration 39310  walltime= 0.921h  Δwalltime=0.081s  timestep=17s  day=7.71
2025/08/21 00:00:42 iteration 39337  walltime= 0.922h  Δwalltime=0.068s  timestep=17s  day=7.71
2025/08/21 00:00:44 iteration 39365  walltime= 0.922h  Δwalltime=0.07s  timestep=17s  day=7.72
2025/08/21 00:00:46 iteration 39393  walltime= 0.923h  Δwalltime=0.093s  timestep=17s  day=7.72
2025/08/21 00:00:48 iteration 39419  walltime= 0.923h  Δwalltime=0.069s  timestep=17s  day=7.73
2025/08/21 00:00:50 iteration 39446  walltime= 0.924h  Δwalltime=0.069s  timestep=17s  day=7.74
2025/08/21 00:00:52 iteration 39474  walltime= 0.925h  Δwalltime=0.07s  timestep=17s  day=7.74
2025/08/21 00:00:54 iteration 39499  walltime= 0.925h  Δwalltime=0.084s  timestep=17s  day=7.75
2025/08/21 00:00:56 iteration 39526  walltime= 0.926h  Δwalltime=0.083s  timestep=17s  day=7.75
2025/08/21 00:00:58 iteration 39552  walltime= 0.926h  Δwalltime=0.079s  timestep=17s  day=7.76
2025/08/21 00:00:59 Percent change since last convergence check:
VOC:			0.2%
VOC pop-wtd:		0.023%
SOA:			0.31%
SOA pop-wtd:		0.033%
PrimaryPM25:		0.13%
PrimaryPM25 pop-wtd:	0.013%
NH3:			0.13%
NH3 pop-wtd:		0.066%
pNH4:			0.25%
pNH4 pop-wtd:		0.077%
SOx:			0.0012%
SOx pop-wtd:		3.1e-05%
pSO4:			0.16%
pSO4 pop-wtd:		0.048%
NOx:			0.5%
NOx pop-wtd:		0.13%
pNO3:			0.48%
pNO3 pop-wtd:		0.19%
2025/08/21 00:01:00 iteration 39577  walltime= 0.927h  Δwalltime=0.071s  timestep=17s  day=7.76
2025/08/21 00:01:02 iteration 39605  walltime= 0.927h  Δwalltime=0.069s  timestep=17s  day=7.77
2025/08/21 00:01:04 iteration 39631  walltime= 0.928h  Δwalltime=0.076s  timestep=17s  day=7.77
2025/08/21 00:01:06 iteration 39658  walltime= 0.928h  Δwalltime=0.068s  timestep=17s  day=7.78
2025/08/21 00:01:08 iteration 39685  walltime= 0.929h  Δwalltime=0.071s  timestep=17s  day=7.78
2025/08/21 00:01:10 iteration 39712  walltime=  0.93h  Δwalltime=0.078s  timestep=17s  day=7.79
2025/08/21 00:01:12 iteration 39740  walltime=  0.93h  Δwalltime=0.071s  timestep=17s  day=7.79
2025/08/21 00:01:14 iteration 39766  walltime= 0.931h  Δwalltime=0.071s  timestep=17s  day=7.8
2025/08/21 00:01:16 iteration 39793  walltime= 0.931h  Δwalltime=0.075s  timestep=17s  day=7.8
2025/08/21 00:01:18 iteration 39821  walltime= 0.932h  Δwalltime=0.082s  timestep=17s  day=7.81
2025/08/21 00:01:20 iteration 39847  walltime= 0.932h  Δwalltime=0.07s  timestep=17s  day=7.81
2025/08/21 00:01:22 iteration 39873  walltime= 0.933h  Δwalltime=0.069s  timestep=17s  day=7.82
2025/08/21 00:01:24 iteration 39900  walltime= 0.933h  Δwalltime=0.069s  timestep=17s  day=7.82
2025/08/21 00:01:26 iteration 39926  walltime= 0.934h  Δwalltime=0.08s  timestep=17s  day=7.83
2025/08/21 00:01:28 iteration 39952  walltime= 0.935h  Δwalltime=0.081s  timestep=17s  day=7.83
2025/08/21 00:01:30 iteration 39979  walltime= 0.935h  Δwalltime=0.073s  timestep=17s  day=7.84
2025/08/21 00:01:32 iteration 40006  walltime= 0.936h  Δwalltime=0.083s  timestep=17s  day=7.85
2025/08/21 00:01:34 iteration 40032  walltime= 0.936h  Δwalltime=0.071s  timestep=17s  day=7.85
2025/08/21 00:01:36 iteration 40059  walltime= 0.937h  Δwalltime=0.069s  timestep=17s  day=7.86
2025/08/21 00:01:38 iteration 40085  walltime= 0.937h  Δwalltime=0.069s  timestep=17s  day=7.86
2025/08/21 00:01:40 iteration 40111  walltime= 0.938h  Δwalltime=0.077s  timestep=17s  day=7.87
2025/08/21 00:01:42 iteration 40139  walltime= 0.938h  Δwalltime=0.069s  timestep=17s  day=7.87
2025/08/21 00:01:44 iteration 40165  walltime= 0.939h  Δwalltime=0.07s  timestep=17s  day=7.88
2025/08/21 00:01:46 iteration 40192  walltime= 0.939h  Δwalltime=0.07s  timestep=17s  day=7.88
2025/08/21 00:01:47 Percent change since last convergence check:
VOC:			0.19%
VOC pop-wtd:		0.022%
SOA:			0.3%
SOA pop-wtd:		0.032%
PrimaryPM25:		0.12%
PrimaryPM25 pop-wtd:	0.012%
NH3:			0.12%
NH3 pop-wtd:		0.062%
pNH4:			0.24%
pNH4 pop-wtd:		0.073%
SOx:			0.001%
SOx pop-wtd:		2.7e-05%
pSO4:			0.15%
pSO4 pop-wtd:		0.044%
NOx:			0.48%
NOx pop-wtd:		0.12%
pNO3:			0.46%
pNO3 pop-wtd:		0.19%
2025/08/21 00:01:48 iteration 40215  walltime=  0.94h  Δwalltime=0.07s  timestep=17s  day=7.89
2025/08/21 00:01:50 iteration 40241  walltime= 0.941h  Δwalltime=0.07s  timestep=17s  day=7.89
2025/08/21 00:01:52 iteration 40269  walltime= 0.941h  Δwalltime=0.072s  timestep=17s  day=7.9
2025/08/21 00:01:54 iteration 40296  walltime= 0.942h  Δwalltime=0.071s  timestep=17s  day=7.9
2025/08/21 00:01:56 iteration 40322  walltime= 0.942h  Δwalltime=0.069s  timestep=17s  day=7.91
2025/08/21 00:01:58 iteration 40350  walltime= 0.943h  Δwalltime=0.069s  timestep=17s  day=7.91
2025/08/21 00:02:00 iteration 40378  walltime= 0.943h  Δwalltime=0.084s  timestep=17s  day=7.92
2025/08/21 00:02:02 iteration 40404  walltime= 0.944h  Δwalltime=0.075s  timestep=17s  day=7.92
2025/08/21 00:02:04 iteration 40431  walltime= 0.945h  Δwalltime=0.078s  timestep=17s  day=7.93
2025/08/21 00:02:06 iteration 40458  walltime= 0.945h  Δwalltime=0.083s  timestep=17s  day=7.93
2025/08/21 00:02:08 iteration 40485  walltime= 0.946h  Δwalltime=0.07s  timestep=17s  day=7.94
2025/08/21 00:02:10 iteration 40512  walltime= 0.946h  Δwalltime=0.068s  timestep=17s  day=7.94
2025/08/21 00:02:12 iteration 40539  walltime= 0.947h  Δwalltime=0.07s  timestep=17s  day=7.95
2025/08/21 00:02:14 iteration 40566  walltime= 0.947h  Δwalltime=0.069s  timestep=17s  day=7.96
2025/08/21 00:02:16 iteration 40594  walltime= 0.948h  Δwalltime=0.078s  timestep=17s  day=7.96
2025/08/21 00:02:18 iteration 40620  walltime= 0.948h  Δwalltime=0.087s  timestep=17s  day=7.97
2025/08/21 00:02:20 iteration 40647  walltime= 0.949h  Δwalltime=0.069s  timestep=17s  day=7.97
2025/08/21 00:02:22 iteration 40675  walltime=  0.95h  Δwalltime=0.069s  timestep=17s  day=7.98
2025/08/21 00:02:24 iteration 40700  walltime=  0.95h  Δwalltime=0.07s  timestep=17s  day=7.98
2025/08/21 00:02:26 iteration 40728  walltime= 0.951h  Δwalltime=0.069s  timestep=17s  day=7.99
2025/08/21 00:02:28 iteration 40754  walltime= 0.951h  Δwalltime=0.075s  timestep=17s  day=7.99
2025/08/21 00:02:30 iteration 40780  walltime= 0.952h  Δwalltime=0.07s  timestep=17s  day=8
2025/08/21 00:02:32 iteration 40808  walltime= 0.952h  Δwalltime=0.071s  timestep=17s  day=8
2025/08/21 00:02:34 iteration 40833  walltime= 0.953h  Δwalltime=0.21s  timestep=17s  day=8.01
2025/08/21 00:02:34 Percent change since last convergence check:
VOC:			0.18%
VOC pop-wtd:		0.02%
SOA:			0.28%
SOA pop-wtd:		0.03%
PrimaryPM25:		0.12%
PrimaryPM25 pop-wtd:	0.011%
NH3:			0.11%
NH3 pop-wtd:		0.058%
pNH4:			0.22%
pNH4 pop-wtd:		0.069%
SOx:			0.00092%
SOx pop-wtd:		2.3e-05%
pSO4:			0.14%
pSO4 pop-wtd:		0.041%
NOx:			0.46%
NOx pop-wtd:		0.12%
pNO3:			0.44%
pNO3 pop-wtd:		0.18%
2025/08/21 00:02:36 iteration 40859  walltime= 0.953h  Δwalltime=0.085s  timestep=17s  day=8.01
2025/08/21 00:02:38 iteration 40887  walltime= 0.954h  Δwalltime=0.071s  timestep=17s  day=8.02
2025/08/21 00:02:40 iteration 40913  walltime= 0.955h  Δwalltime=0.084s  timestep=17s  day=8.02
2025/08/21 00:02:42 iteration 40940  walltime= 0.955h  Δwalltime=0.07s  timestep=17s  day=8.03
2025/08/21 00:02:44 iteration 40967  walltime= 0.956h  Δwalltime=0.07s  timestep=17s  day=8.03
2025/08/21 00:02:46 iteration 40994  walltime= 0.956h  Δwalltime=0.071s  timestep=17s  day=8.04
2025/08/21 00:02:48 iteration 41021  walltime= 0.957h  Δwalltime=0.07s  timestep=17s  day=8.04
2025/08/21 00:02:50 iteration 41048  walltime= 0.957h  Δwalltime=0.078s  timestep=17s  day=8.05
2025/08/21 00:02:52 iteration 41074  walltime= 0.958h  Δwalltime=0.087s  timestep=17s  day=8.05
2025/08/21 00:02:54 iteration 41101  walltime= 0.958h  Δwalltime=0.069s  timestep=17s  day=8.06
2025/08/21 00:02:56 iteration 41128  walltime= 0.959h  Δwalltime=0.069s  timestep=17s  day=8.07
2025/08/21 00:02:58 iteration 41154  walltime=  0.96h  Δwalltime=0.07s  timestep=17s  day=8.07
2025/08/21 00:03:00 iteration 41182  walltime=  0.96h  Δwalltime=0.068s  timestep=17s  day=8.08
2025/08/21 00:03:02 iteration 41210  walltime= 0.961h  Δwalltime=0.071s  timestep=17s  day=8.08
2025/08/21 00:03:04 iteration 41236  walltime= 0.961h  Δwalltime=0.091s  timestep=17s  day=8.09
2025/08/21 00:03:06 iteration 41264  walltime= 0.962h  Δwalltime=0.069s  timestep=17s  day=8.09
2025/08/21 00:03:08 iteration 41291  walltime= 0.962h  Δwalltime=0.08s  timestep=17s  day=8.1
2025/08/21 00:03:10 iteration 41318  walltime= 0.963h  Δwalltime=0.068s  timestep=17s  day=8.1
2025/08/21 00:03:12 iteration 41347  walltime= 0.963h  Δwalltime=0.085s  timestep=17s  day=8.11
2025/08/21 00:03:14 iteration 41373  walltime= 0.964h  Δwalltime=0.085s  timestep=17s  day=8.11
2025/08/21 00:03:16 iteration 41400  walltime= 0.964h  Δwalltime=0.071s  timestep=17s  day=8.12
2025/08/21 00:03:18 iteration 41428  walltime= 0.965h  Δwalltime=0.069s  timestep=17s  day=8.12
2025/08/21 00:03:20 iteration 41454  walltime= 0.966h  Δwalltime=0.069s  timestep=17s  day=8.13
2025/08/21 00:03:22 Percent change since last convergence check:
VOC:			0.17%
VOC pop-wtd:		0.019%
SOA:			0.27%
SOA pop-wtd:		0.028%
PrimaryPM25:		0.11%
PrimaryPM25 pop-wtd:	0.011%
NH3:			0.11%
NH3 pop-wtd:		0.055%
pNH4:			0.21%
pNH4 pop-wtd:		0.065%
SOx:			0.00081%
SOx pop-wtd:		2e-05%
pSO4:			0.14%
pSO4 pop-wtd:		0.038%
NOx:			0.44%
NOx pop-wtd:		0.12%
pNO3:			0.43%
pNO3 pop-wtd:		0.17%
2025/08/21 00:03:22 iteration 41479  walltime= 0.966h  Δwalltime=0.071s  timestep=17s  day=8.13
2025/08/21 00:03:24 iteration 41506  walltime= 0.967h  Δwalltime=0.082s  timestep=17s  day=8.14
2025/08/21 00:03:26 iteration 41533  walltime= 0.967h  Δwalltime=0.069s  timestep=17s  day=8.14
2025/08/21 00:03:28 iteration 41560  walltime= 0.968h  Δwalltime=0.075s  timestep=17s  day=8.15
2025/08/21 00:03:30 iteration 41587  walltime= 0.968h  Δwalltime=0.069s  timestep=17s  day=8.16
2025/08/21 00:03:32 iteration 41613  walltime= 0.969h  Δwalltime=0.072s  timestep=17s  day=8.16
2025/08/21 00:03:34 iteration 41640  walltime=  0.97h  Δwalltime=0.069s  timestep=17s  day=8.17
2025/08/21 00:03:36 iteration 41668  walltime=  0.97h  Δwalltime=0.068s  timestep=17s  day=8.17
2025/08/21 00:03:38 iteration 41694  walltime= 0.971h  Δwalltime=0.069s  timestep=17s  day=8.18
2025/08/21 00:03:40 iteration 41722  walltime= 0.971h  Δwalltime=0.081s  timestep=17s  day=8.18
2025/08/21 00:03:42 iteration 41749  walltime= 0.972h  Δwalltime=0.086s  timestep=17s  day=8.19
2025/08/21 00:03:44 iteration 41776  walltime= 0.972h  Δwalltime=0.07s  timestep=17s  day=8.19
2025/08/21 00:03:46 iteration 41802  walltime= 0.973h  Δwalltime=0.078s  timestep=17s  day=8.2
2025/08/21 00:03:48 iteration 41827  walltime= 0.973h  Δwalltime=0.13s  timestep=17s  day=8.2
2025/08/21 00:03:50 iteration 41855  walltime= 0.974h  Δwalltime=0.079s  timestep=17s  day=8.21
2025/08/21 00:03:52 iteration 41882  walltime= 0.975h  Δwalltime=0.07s  timestep=17s  day=8.21
2025/08/21 00:03:54 iteration 41909  walltime= 0.975h  Δwalltime=0.068s  timestep=17s  day=8.22
2025/08/21 00:03:56 iteration 41937  walltime= 0.976h  Δwalltime=0.079s  timestep=17s  day=8.22
2025/08/21 00:03:58 iteration 41965  walltime= 0.976h  Δwalltime=0.097s  timestep=17s  day=8.23
2025/08/21 00:04:00 iteration 41991  walltime= 0.977h  Δwalltime=0.068s  timestep=17s  day=8.23
2025/08/21 00:04:02 iteration 42018  walltime= 0.977h  Δwalltime=0.068s  timestep=17s  day=8.24
2025/08/21 00:04:04 iteration 42045  walltime= 0.978h  Δwalltime=0.081s  timestep=17s  day=8.25
2025/08/21 00:04:06 iteration 42072  walltime= 0.978h  Δwalltime=0.07s  timestep=17s  day=8.25
2025/08/21 00:04:08 iteration 42099  walltime= 0.979h  Δwalltime=0.075s  timestep=17s  day=8.26
2025/08/21 00:04:09 Percent change since last convergence check:
VOC:			0.16%
VOC pop-wtd:		0.018%
SOA:			0.25%
SOA pop-wtd:		0.027%
PrimaryPM25:		0.1%
PrimaryPM25 pop-wtd:	0.0099%
NH3:			0.1%
NH3 pop-wtd:		0.052%
pNH4:			0.2%
pNH4 pop-wtd:		0.061%
SOx:			0.00072%
SOx pop-wtd:		1.7e-05%
pSO4:			0.13%
pSO4 pop-wtd:		0.036%
NOx:			0.42%
NOx pop-wtd:		0.11%
pNO3:			0.41%
pNO3 pop-wtd:		0.17%
2025/08/21 00:04:10 iteration 42124  walltime=  0.98h  Δwalltime=0.075s  timestep=17s  day=8.26
2025/08/21 00:04:12 iteration 42150  walltime=  0.98h  Δwalltime=0.074s  timestep=17s  day=8.27
2025/08/21 00:04:14 iteration 42177  walltime= 0.981h  Δwalltime=0.079s  timestep=17s  day=8.27
2025/08/21 00:04:16 iteration 42204  walltime= 0.981h  Δwalltime=0.085s  timestep=17s  day=8.28
2025/08/21 00:04:18 iteration 42230  walltime= 0.982h  Δwalltime=0.08s  timestep=17s  day=8.28
2025/08/21 00:04:20 iteration 42257  walltime= 0.982h  Δwalltime=0.07s  timestep=17s  day=8.29
2025/08/21 00:04:22 iteration 42284  walltime= 0.983h  Δwalltime=0.073s  timestep=17s  day=8.29
2025/08/21 00:04:24 iteration 42311  walltime= 0.983h  Δwalltime=0.068s  timestep=17s  day=8.3
2025/08/21 00:04:26 iteration 42338  walltime= 0.984h  Δwalltime=0.075s  timestep=17s  day=8.3
2025/08/21 00:04:28 iteration 42365  walltime= 0.985h  Δwalltime=0.072s  timestep=17s  day=8.31
2025/08/21 00:04:30 iteration 42391  walltime= 0.985h  Δwalltime=0.077s  timestep=17s  day=8.31
2025/08/21 00:04:32 iteration 42418  walltime= 0.986h  Δwalltime=0.069s  timestep=17s  day=8.32
2025/08/21 00:04:34 iteration 42444  walltime= 0.986h  Δwalltime=0.07s  timestep=17s  day=8.32
2025/08/21 00:04:36 iteration 42472  walltime= 0.987h  Δwalltime=0.083s  timestep=17s  day=8.33
2025/08/21 00:04:38 iteration 42500  walltime= 0.987h  Δwalltime=0.069s  timestep=17s  day=8.33
2025/08/21 00:04:40 iteration 42526  walltime= 0.988h  Δwalltime=0.072s  timestep=17s  day=8.34
2025/08/21 00:04:42 iteration 42553  walltime= 0.988h  Δwalltime=0.072s  timestep=17s  day=8.34
2025/08/21 00:04:44 iteration 42581  walltime= 0.989h  Δwalltime=0.08s  timestep=17s  day=8.35
2025/08/21 00:04:46 iteration 42607  walltime=  0.99h  Δwalltime=0.07s  timestep=17s  day=8.36
2025/08/21 00:04:48 iteration 42633  walltime=  0.99h  Δwalltime=0.083s  timestep=17s  day=8.36
2025/08/21 00:04:50 iteration 42660  walltime= 0.991h  Δwalltime=0.076s  timestep=17s  day=8.37
2025/08/21 00:04:52 iteration 42687  walltime= 0.991h  Δwalltime=0.068s  timestep=17s  day=8.37
2025/08/21 00:04:54 iteration 42716  walltime= 0.992h  Δwalltime=0.073s  timestep=17s  day=8.38
2025/08/21 00:04:56 iteration 42742  walltime= 0.992h  Δwalltime=0.072s  timestep=17s  day=8.38
2025/08/21 00:04:57 Percent change since last convergence check:
VOC:			0.15%
VOC pop-wtd:		0.017%
SOA:			0.24%
SOA pop-wtd:		0.025%
PrimaryPM25:		0.096%
PrimaryPM25 pop-wtd:	0.0093%
NH3:			0.094%
NH3 pop-wtd:		0.048%
pNH4:			0.19%
pNH4 pop-wtd:		0.057%
SOx:			0.00064%
SOx pop-wtd:		1.4e-05%
pSO4:			0.12%
pSO4 pop-wtd:		0.033%
NOx:			0.41%
NOx pop-wtd:		0.11%
pNO3:			0.39%
pNO3 pop-wtd:		0.16%
2025/08/21 00:04:58 iteration 42768  walltime= 0.993h  Δwalltime=0.069s  timestep=17s  day=8.39
2025/08/21 00:05:00 iteration 42796  walltime= 0.993h  Δwalltime=0.081s  timestep=17s  day=8.39
2025/08/21 00:05:02 iteration 42823  walltime= 0.994h  Δwalltime=0.08s  timestep=17s  day=8.4
2025/08/21 00:05:04 iteration 42850  walltime= 0.994h  Δwalltime=0.071s  timestep=17s  day=8.4
2025/08/21 00:05:06 iteration 42874  walltime= 0.995h  Δwalltime=0.07s  timestep=17s  day=8.41
2025/08/21 00:05:08 iteration 42900  walltime= 0.996h  Δwalltime=0.07s  timestep=17s  day=8.41
2025/08/21 00:05:10 iteration 42927  walltime= 0.996h  Δwalltime=0.072s  timestep=17s  day=8.42
2025/08/21 00:05:12 iteration 42955  walltime= 0.997h  Δwalltime=0.075s  timestep=17s  day=8.42
2025/08/21 00:05:14 iteration 42982  walltime= 0.997h  Δwalltime=0.072s  timestep=17s  day=8.43
2025/08/21 00:05:16 iteration 43009  walltime= 0.998h  Δwalltime=0.075s  timestep=17s  day=8.43
2025/08/21 00:05:18 iteration 43036  walltime= 0.998h  Δwalltime=0.082s  timestep=17s  day=8.44
2025/08/21 00:05:20 iteration 43063  walltime= 0.999h  Δwalltime=0.069s  timestep=17s  day=8.44
2025/08/21 00:05:22 iteration 43091  walltime=     1h  Δwalltime=0.068s  timestep=17s  day=8.45
2025/08/21 00:05:24 iteration 43118  walltime=     1h  Δwalltime=0.079s  timestep=17s  day=8.46
2025/08/21 00:05:26 iteration 43145  walltime=     1h  Δwalltime=0.07s  timestep=17s  day=8.46
2025/08/21 00:05:28 iteration 43173  walltime=     1h  Δwalltime=0.069s  timestep=17s  day=8.47
2025/08/21 00:05:30 iteration 43200  walltime=     1h  Δwalltime=0.071s  timestep=17s  day=8.47
2025/08/21 00:05:32 iteration 43228  walltime=     1h  Δwalltime=0.073s  timestep=17s  day=8.48
2025/08/21 00:05:34 iteration 43255  walltime=     1h  Δwalltime=0.071s  timestep=17s  day=8.48
2025/08/21 00:05:36 iteration 43282  walltime=     1h  Δwalltime=0.07s  timestep=17s  day=8.49
2025/08/21 00:05:38 iteration 43309  walltime=     1h  Δwalltime=0.08s  timestep=17s  day=8.49
2025/08/21 00:05:40 iteration 43334  walltime=     1h  Δwalltime=0.083s  timestep=17s  day=8.5
2025/08/21 00:05:42 iteration 43360  walltime=  1.01h  Δwalltime=0.071s  timestep=17s  day=8.5
2025/08/21 00:05:44 iteration 43385  walltime=  1.01h  Δwalltime=0.22s  timestep=17s  day=8.51
2025/08/21 00:05:44 Percent change since last convergence check:
VOC:			0.14%
VOC pop-wtd:		0.016%
SOA:			0.23%
SOA pop-wtd:		0.024%
PrimaryPM25:		0.09%
PrimaryPM25 pop-wtd:	0.0087%
NH3:			0.089%
NH3 pop-wtd:		0.046%
pNH4:			0.18%
pNH4 pop-wtd:		0.054%
SOx:			0.00056%
SOx pop-wtd:		1.2e-05%
pSO4:			0.11%
pSO4 pop-wtd:		0.031%
NOx:			0.39%
NOx pop-wtd:		0.1%
pNO3:			0.37%
pNO3 pop-wtd:		0.15%
2025/08/21 00:05:46 iteration 43413  walltime=  1.01h  Δwalltime=0.076s  timestep=17s  day=8.51
2025/08/21 00:05:48 iteration 43440  walltime=  1.01h  Δwalltime=0.097s  timestep=17s  day=8.52
2025/08/21 00:05:50 iteration 43465  walltime=  1.01h  Δwalltime=0.07s  timestep=17s  day=8.52
2025/08/21 00:05:52 iteration 43493  walltime=  1.01h  Δwalltime=0.081s  timestep=17s  day=8.53
2025/08/21 00:05:54 iteration 43519  walltime=  1.01h  Δwalltime=0.069s  timestep=17s  day=8.53
2025/08/21 00:05:56 iteration 43545  walltime=  1.01h  Δwalltime=0.07s  timestep=17s  day=8.54
2025/08/21 00:05:58 iteration 43571  walltime=  1.01h  Δwalltime=0.086s  timestep=17s  day=8.54
2025/08/21 00:06:00 iteration 43598  walltime=  1.01h  Δwalltime=0.07s  timestep=17s  day=8.55
2025/08/21 00:06:02 iteration 43625  walltime=  1.01h  Δwalltime=0.083s  timestep=17s  day=8.55
2025/08/21 00:06:04 iteration 43651  walltime=  1.01h  Δwalltime=0.074s  timestep=17s  day=8.56
2025/08/21 00:06:06 iteration 43679  walltime=  1.01h  Δwalltime=0.081s  timestep=17s  day=8.57
2025/08/21 00:06:08 iteration 43707  walltime=  1.01h  Δwalltime=0.07s  timestep=17s  day=8.57
2025/08/21 00:06:10 iteration 43733  walltime=  1.01h  Δwalltime=0.08s  timestep=17s  day=8.58
2025/08/21 00:06:12 iteration 43760  walltime=  1.01h  Δwalltime=0.069s  timestep=17s  day=8.58
2025/08/21 00:06:14 iteration 43788  walltime=  1.01h  Δwalltime=0.068s  timestep=17s  day=8.59
2025/08/21 00:06:16 iteration 43814  walltime=  1.01h  Δwalltime=0.07s  timestep=17s  day=8.59
2025/08/21 00:06:18 iteration 43841  walltime=  1.02h  Δwalltime=0.081s  timestep=17s  day=8.6
2025/08/21 00:06:20 iteration 43868  walltime=  1.02h  Δwalltime=0.068s  timestep=17s  day=8.6
2025/08/21 00:06:22 iteration 43894  walltime=  1.02h  Δwalltime=0.084s  timestep=17s  day=8.61
2025/08/21 00:06:24 iteration 43921  walltime=  1.02h  Δwalltime=0.07s  timestep=17s  day=8.61
2025/08/21 00:06:26 iteration 43948  walltime=  1.02h  Δwalltime=0.084s  timestep=17s  day=8.62
2025/08/21 00:06:28 iteration 43975  walltime=  1.02h  Δwalltime=0.07s  timestep=17s  day=8.62
2025/08/21 00:06:30 iteration 44002  walltime=  1.02h  Δwalltime=0.071s  timestep=17s  day=8.63
2025/08/21 00:06:32 Percent change since last convergence check:
VOC:			0.13%
VOC pop-wtd:		0.015%
SOA:			0.21%
SOA pop-wtd:		0.022%
PrimaryPM25:		0.085%
PrimaryPM25 pop-wtd:	0.0082%
NH3:			0.084%
NH3 pop-wtd:		0.043%
pNH4:			0.17%
pNH4 pop-wtd:		0.051%
SOx:			0.0005%
SOx pop-wtd:		1.1e-05%
pSO4:			0.11%
pSO4 pop-wtd:		0.029%
NOx:			0.38%
NOx pop-wtd:		0.1%
pNO3:			0.36%
pNO3 pop-wtd:		0.15%
2025/08/21 00:06:32 iteration 44027  walltime=  1.02h  Δwalltime=0.083s  timestep=17s  day=8.63
2025/08/21 00:06:34 iteration 44054  walltime=  1.02h  Δwalltime=0.069s  timestep=17s  day=8.64
2025/08/21 00:06:36 iteration 44082  walltime=  1.02h  Δwalltime=0.081s  timestep=17s  day=8.64
2025/08/21 00:06:38 iteration 44109  walltime=  1.02h  Δwalltime=0.069s  timestep=17s  day=8.65
2025/08/21 00:06:40 iteration 44136  walltime=  1.02h  Δwalltime=0.071s  timestep=17s  day=8.66
2025/08/21 00:06:42 iteration 44163  walltime=  1.02h  Δwalltime=0.07s  timestep=17s  day=8.66
2025/08/21 00:06:44 iteration 44190  walltime=  1.02h  Δwalltime=0.07s  timestep=17s  day=8.67
2025/08/21 00:06:46 iteration 44217  walltime=  1.02h  Δwalltime=0.073s  timestep=17s  day=8.67
2025/08/21 00:06:48 iteration 44245  walltime=  1.02h  Δwalltime=0.069s  timestep=17s  day=8.68
2025/08/21 00:06:50 iteration 44271  walltime=  1.02h  Δwalltime=0.082s  timestep=17s  day=8.68
2025/08/21 00:06:52 iteration 44298  walltime=  1.02h  Δwalltime=0.068s  timestep=17s  day=8.69
2025/08/21 00:06:54 iteration 44325  walltime=  1.03h  Δwalltime=0.076s  timestep=17s  day=8.69
2025/08/21 00:06:56 iteration 44351  walltime=  1.03h  Δwalltime=0.069s  timestep=17s  day=8.7
2025/08/21 00:06:58 iteration 44378  walltime=  1.03h  Δwalltime=0.077s  timestep=17s  day=8.7
2025/08/21 00:07:00 iteration 44405  walltime=  1.03h  Δwalltime=0.082s  timestep=17s  day=8.71
2025/08/21 00:07:02 iteration 44432  walltime=  1.03h  Δwalltime=0.07s  timestep=17s  day=8.71
2025/08/21 00:07:04 iteration 44459  walltime=  1.03h  Δwalltime=0.078s  timestep=17s  day=8.72
2025/08/21 00:07:06 iteration 44485  walltime=  1.03h  Δwalltime=0.073s  timestep=17s  day=8.72
2025/08/21 00:07:08 iteration 44512  walltime=  1.03h  Δwalltime=0.068s  timestep=17s  day=8.73
2025/08/21 00:07:10 iteration 44539  walltime=  1.03h  Δwalltime=0.09s  timestep=17s  day=8.73
2025/08/21 00:07:12 iteration 44566  walltime=  1.03h  Δwalltime=0.07s  timestep=17s  day=8.74
2025/08/21 00:07:14 iteration 44593  walltime=  1.03h  Δwalltime=0.075s  timestep=17s  day=8.74
2025/08/21 00:07:16 iteration 44620  walltime=  1.03h  Δwalltime=0.07s  timestep=17s  day=8.75
2025/08/21 00:07:18 iteration 44646  walltime=  1.03h  Δwalltime=0.07s  timestep=17s  day=8.76
2025/08/21 00:07:20 Percent change since last convergence check:
VOC:			0.13%
VOC pop-wtd:		0.014%
SOA:			0.2%
SOA pop-wtd:		0.021%
PrimaryPM25:		0.08%
PrimaryPM25 pop-wtd:	0.0076%
NH3:			0.079%
NH3 pop-wtd:		0.04%
pNH4:			0.16%
pNH4 pop-wtd:		0.048%
SOx:			0.00044%
SOx pop-wtd:		9.1e-06%
pSO4:			0.1%
pSO4 pop-wtd:		0.027%
NOx:			0.36%
NOx pop-wtd:		0.096%
pNO3:			0.34%
pNO3 pop-wtd:		0.14%
2025/08/21 00:07:20 iteration 44671  walltime=  1.03h  Δwalltime=0.071s  timestep=17s  day=8.76
2025/08/21 00:07:22 iteration 44698  walltime=  1.03h  Δwalltime=0.081s  timestep=17s  day=8.77
2025/08/21 00:07:24 iteration 44724  walltime=  1.03h  Δwalltime=0.07s  timestep=17s  day=8.77
2025/08/21 00:07:26 iteration 44752  walltime=  1.03h  Δwalltime=0.076s  timestep=17s  day=8.78
2025/08/21 00:07:28 iteration 44779  walltime=  1.03h  Δwalltime=0.08s  timestep=17s  day=8.78
2025/08/21 00:07:30 iteration 44805  walltime=  1.04h  Δwalltime=0.078s  timestep=17s  day=8.79
2025/08/21 00:07:32 iteration 44833  walltime=  1.04h  Δwalltime=0.072s  timestep=17s  day=8.79
2025/08/21 00:07:34 iteration 44860  walltime=  1.04h  Δwalltime=0.081s  timestep=17s  day=8.8
2025/08/21 00:07:36 iteration 44886  walltime=  1.04h  Δwalltime=0.072s  timestep=17s  day=8.8
2025/08/21 00:07:38 iteration 44914  walltime=  1.04h  Δwalltime=0.091s  timestep=17s  day=8.81
2025/08/21 00:07:40 iteration 44940  walltime=  1.04h  Δwalltime=0.075s  timestep=17s  day=8.81
2025/08/21 00:07:42 iteration 44967  walltime=  1.04h  Δwalltime=0.073s  timestep=17s  day=8.82
2025/08/21 00:07:44 iteration 44995  walltime=  1.04h  Δwalltime=0.077s  timestep=17s  day=8.82
2025/08/21 00:07:46 iteration 45021  walltime=  1.04h  Δwalltime=0.071s  timestep=17s  day=8.83
2025/08/21 00:07:48 iteration 45048  walltime=  1.04h  Δwalltime=0.074s  timestep=17s  day=8.83
2025/08/21 00:07:50 iteration 45073  walltime=  1.04h  Δwalltime=0.07s  timestep=17s  day=8.84
2025/08/21 00:07:52 iteration 45100  walltime=  1.04h  Δwalltime=0.073s  timestep=17s  day=8.84
2025/08/21 00:07:54 iteration 45127  walltime=  1.04h  Δwalltime=0.069s  timestep=17s  day=8.85
2025/08/21 00:07:56 iteration 45155  walltime=  1.04h  Δwalltime=0.07s  timestep=17s  day=8.85
2025/08/21 00:07:58 iteration 45181  walltime=  1.04h  Δwalltime=0.074s  timestep=17s  day=8.86
2025/08/21 00:08:00 iteration 45208  walltime=  1.04h  Δwalltime=0.078s  timestep=17s  day=8.87
2025/08/21 00:08:02 iteration 45235  walltime=  1.04h  Δwalltime=0.071s  timestep=17s  day=8.87
2025/08/21 00:08:04 iteration 45261  walltime=  1.04h  Δwalltime=0.069s  timestep=17s  day=8.88
2025/08/21 00:08:06 iteration 45288  walltime=  1.05h  Δwalltime=0.087s  timestep=17s  day=8.88
2025/08/21 00:08:07 Percent change since last convergence check:
VOC:			0.12%
VOC pop-wtd:		0.014%
SOA:			0.19%
SOA pop-wtd:		0.02%
PrimaryPM25:		0.075%
PrimaryPM25 pop-wtd:	0.0071%
NH3:			0.074%
NH3 pop-wtd:		0.038%
pNH4:			0.15%
pNH4 pop-wtd:		0.045%
SOx:			0.00039%
SOx pop-wtd:		7.8e-06%
pSO4:			0.094%
pSO4 pop-wtd:		0.025%
NOx:			0.35%
NOx pop-wtd:		0.093%
pNO3:			0.33%
pNO3 pop-wtd:		0.14%
2025/08/21 00:08:08 iteration 45311  walltime=  1.05h  Δwalltime=0.081s  timestep=17s  day=8.89
2025/08/21 00:08:10 iteration 45338  walltime=  1.05h  Δwalltime=0.069s  timestep=17s  day=8.89
2025/08/21 00:08:12 iteration 45365  walltime=  1.05h  Δwalltime=0.069s  timestep=17s  day=8.9
2025/08/21 00:08:14 iteration 45391  walltime=  1.05h  Δwalltime=0.092s  timestep=17s  day=8.9
2025/08/21 00:08:16 iteration 45419  walltime=  1.05h  Δwalltime=0.069s  timestep=17s  day=8.91
2025/08/21 00:08:18 iteration 45446  walltime=  1.05h  Δwalltime=0.069s  timestep=17s  day=8.91
2025/08/21 00:08:20 iteration 45473  walltime=  1.05h  Δwalltime=0.069s  timestep=17s  day=8.92
2025/08/21 00:08:22 iteration 45501  walltime=  1.05h  Δwalltime=0.069s  timestep=17s  day=8.92
2025/08/21 00:08:24 iteration 45529  walltime=  1.05h  Δwalltime=0.069s  timestep=17s  day=8.93
2025/08/21 00:08:26 iteration 45554  walltime=  1.05h  Δwalltime=0.083s  timestep=17s  day=8.93
2025/08/21 00:08:28 iteration 45582  walltime=  1.05h  Δwalltime=0.069s  timestep=17s  day=8.94
2025/08/21 00:08:30 iteration 45609  walltime=  1.05h  Δwalltime=0.072s  timestep=17s  day=8.94
2025/08/21 00:08:32 iteration 45635  walltime=  1.05h  Δwalltime=0.071s  timestep=17s  day=8.95
2025/08/21 00:08:34 iteration 45662  walltime=  1.05h  Δwalltime=0.075s  timestep=17s  day=8.95
2025/08/21 00:08:36 iteration 45688  walltime=  1.05h  Δwalltime=0.069s  timestep=17s  day=8.96
2025/08/21 00:08:38 iteration 45715  walltime=  1.05h  Δwalltime=0.068s  timestep=17s  day=8.96
2025/08/21 00:08:40 iteration 45741  walltime=  1.05h  Δwalltime=0.083s  timestep=17s  day=8.97
2025/08/21 00:08:42 iteration 45768  walltime=  1.06h  Δwalltime=0.086s  timestep=17s  day=8.98
2025/08/21 00:08:44 iteration 45795  walltime=  1.06h  Δwalltime=0.08s  timestep=17s  day=8.98
2025/08/21 00:08:46 iteration 45824  walltime=  1.06h  Δwalltime=0.068s  timestep=17s  day=8.99
2025/08/21 00:08:48 iteration 45850  walltime=  1.06h  Δwalltime=0.071s  timestep=17s  day=8.99
2025/08/21 00:08:50 iteration 45878  walltime=  1.06h  Δwalltime=0.07s  timestep=17s  day=9
2025/08/21 00:08:52 iteration 45906  walltime=  1.06h  Δwalltime=0.089s  timestep=17s  day=9
2025/08/21 00:08:54 iteration 45932  walltime=  1.06h  Δwalltime=0.073s  timestep=17s  day=9.01
2025/08/21 00:08:55 Percent change since last convergence check:
VOC:			0.11%
VOC pop-wtd:		0.013%
SOA:			0.18%
SOA pop-wtd:		0.019%
PrimaryPM25:		0.071%
PrimaryPM25 pop-wtd:	0.0067%
NH3:			0.07%
NH3 pop-wtd:		0.036%
pNH4:			0.14%
pNH4 pop-wtd:		0.042%
SOx:			0.00035%
SOx pop-wtd:		6.7e-06%
pSO4:			0.088%
pSO4 pop-wtd:		0.024%
NOx:			0.33%
NOx pop-wtd:		0.089%
pNO3:			0.32%
pNO3 pop-wtd:		0.13%
2025/08/21 00:08:56 iteration 45958  walltime=  1.06h  Δwalltime=0.071s  timestep=17s  day=9.01
2025/08/21 00:08:58 iteration 45985  walltime=  1.06h  Δwalltime=0.076s  timestep=17s  day=9.02
2025/08/21 00:09:00 iteration 46012  walltime=  1.06h  Δwalltime=0.07s  timestep=17s  day=9.02
2025/08/21 00:09:02 iteration 46039  walltime=  1.06h  Δwalltime=0.077s  timestep=17s  day=9.03
2025/08/21 00:09:04 iteration 46065  walltime=  1.06h  Δwalltime=0.07s  timestep=17s  day=9.03
2025/08/21 00:09:06 iteration 46091  walltime=  1.06h  Δwalltime=0.07s  timestep=17s  day=9.04
2025/08/21 00:09:08 iteration 46118  walltime=  1.06h  Δwalltime=0.078s  timestep=17s  day=9.04
2025/08/21 00:09:10 iteration 46145  walltime=  1.06h  Δwalltime=0.087s  timestep=17s  day=9.05
2025/08/21 00:09:12 iteration 46172  walltime=  1.06h  Δwalltime=0.07s  timestep=17s  day=9.05
2025/08/21 00:09:14 iteration 46198  walltime=  1.06h  Δwalltime=0.073s  timestep=17s  day=9.06
2025/08/21 00:09:16 iteration 46224  walltime=  1.06h  Δwalltime=0.094s  timestep=17s  day=9.06
2025/08/21 00:09:18 iteration 46251  walltime=  1.07h  Δwalltime=0.083s  timestep=17s  day=9.07
2025/08/21 00:09:20 iteration 46279  walltime=  1.07h  Δwalltime=0.079s  timestep=17s  day=9.08
2025/08/21 00:09:22 iteration 46305  walltime=  1.07h  Δwalltime=0.073s  timestep=17s  day=9.08
2025/08/21 00:09:24 iteration 46333  walltime=  1.07h  Δwalltime=0.072s  timestep=17s  day=9.09
2025/08/21 00:09:26 iteration 46361  walltime=  1.07h  Δwalltime=0.069s  timestep=17s  day=9.09
2025/08/21 00:09:28 iteration 46386  walltime=  1.07h  Δwalltime=0.068s  timestep=17s  day=9.1
2025/08/21 00:09:30 iteration 46414  walltime=  1.07h  Δwalltime=0.068s  timestep=17s  day=9.1
2025/08/21 00:09:32 iteration 46441  walltime=  1.07h  Δwalltime=0.074s  timestep=17s  day=9.11
2025/08/21 00:09:34 iteration 46467  walltime=  1.07h  Δwalltime=0.069s  timestep=17s  day=9.11
2025/08/21 00:09:36 iteration 46495  walltime=  1.07h  Δwalltime=0.086s  timestep=17s  day=9.12
2025/08/21 00:09:38 iteration 46521  walltime=  1.07h  Δwalltime=0.072s  timestep=17s  day=9.12
2025/08/21 00:09:40 iteration 46547  walltime=  1.07h  Δwalltime=0.086s  timestep=17s  day=9.13
2025/08/21 00:09:42 iteration 46574  walltime=  1.07h  Δwalltime=0.073s  timestep=17s  day=9.13
2025/08/21 00:09:42 Percent change since last convergence check:
VOC:			0.11%
VOC pop-wtd:		0.012%
SOA:			0.17%
SOA pop-wtd:		0.018%
PrimaryPM25:		0.066%
PrimaryPM25 pop-wtd:	0.0063%
NH3:			0.066%
NH3 pop-wtd:		0.034%
pNH4:			0.13%
pNH4 pop-wtd:		0.04%
SOx:			0.00031%
SOx pop-wtd:		5.8e-06%
pSO4:			0.083%
pSO4 pop-wtd:		0.022%
NOx:			0.32%
NOx pop-wtd:		0.086%
pNO3:			0.3%
pNO3 pop-wtd:		0.13%
2025/08/21 00:09:44 iteration 46600  walltime=  1.07h  Δwalltime=0.076s  timestep=17s  day=9.14
2025/08/21 00:09:46 iteration 46627  walltime=  1.07h  Δwalltime=0.07s  timestep=17s  day=9.14
2025/08/21 00:09:48 iteration 46654  walltime=  1.07h  Δwalltime=0.068s  timestep=17s  day=9.15
2025/08/21 00:09:50 iteration 46678  walltime=  1.07h  Δwalltime=0.085s  timestep=17s  day=9.15
2025/08/21 00:09:52 iteration 46705  walltime=  1.07h  Δwalltime=0.076s  timestep=17s  day=9.16
2025/08/21 00:09:54 iteration 46732  walltime=  1.08h  Δwalltime=0.068s  timestep=17s  day=9.16
2025/08/21 00:09:56 iteration 46758  walltime=  1.08h  Δwalltime=0.071s  timestep=17s  day=9.17
2025/08/21 00:09:58 iteration 46786  walltime=  1.08h  Δwalltime=0.069s  timestep=17s  day=9.17
2025/08/21 00:10:00 iteration 46813  walltime=  1.08h  Δwalltime=0.07s  timestep=17s  day=9.18
2025/08/21 00:10:02 iteration 46839  walltime=  1.08h  Δwalltime=0.07s  timestep=17s  day=9.19
2025/08/21 00:10:04 iteration 46866  walltime=  1.08h  Δwalltime=0.068s  timestep=17s  day=9.19
2025/08/21 00:10:06 iteration 46894  walltime=  1.08h  Δwalltime=0.07s  timestep=17s  day=9.2
2025/08/21 00:10:08 iteration 46920  walltime=  1.08h  Δwalltime=0.071s  timestep=17s  day=9.2
2025/08/21 00:10:10 iteration 46946  walltime=  1.08h  Δwalltime=0.078s  timestep=17s  day=9.21
2025/08/21 00:10:12 iteration 46975  walltime=  1.08h  Δwalltime=0.069s  timestep=17s  day=9.21
2025/08/21 00:10:14 iteration 47001  walltime=  1.08h  Δwalltime=0.07s  timestep=17s  day=9.22
2025/08/21 00:10:16 iteration 47029  walltime=  1.08h  Δwalltime=0.077s  timestep=17s  day=9.22
2025/08/21 00:10:18 iteration 47056  walltime=  1.08h  Δwalltime=0.074s  timestep=17s  day=9.23
2025/08/21 00:10:20 iteration 47084  walltime=  1.08h  Δwalltime=0.07s  timestep=17s  day=9.23
2025/08/21 00:10:22 iteration 47111  walltime=  1.08h  Δwalltime=0.076s  timestep=17s  day=9.24
2025/08/21 00:10:24 iteration 47137  walltime=  1.08h  Δwalltime=0.083s  timestep=17s  day=9.24
2025/08/21 00:10:26 iteration 47165  walltime=  1.08h  Δwalltime=0.07s  timestep=17s  day=9.25
2025/08/21 00:10:28 iteration 47193  walltime=  1.08h  Δwalltime=0.074s  timestep=17s  day=9.25
2025/08/21 00:10:30 Percent change since last convergence check:
VOC:			0.1%
VOC pop-wtd:		0.011%
SOA:			0.16%
SOA pop-wtd:		0.017%
PrimaryPM25:		0.063%
PrimaryPM25 pop-wtd:	0.0059%
NH3:			0.062%
NH3 pop-wtd:		0.032%
pNH4:			0.13%
pNH4 pop-wtd:		0.038%
SOx:			0.00027%
SOx pop-wtd:		5e-06%
pSO4:			0.078%
pSO4 pop-wtd:		0.021%
NOx:			0.31%
NOx pop-wtd:		0.083%
pNO3:			0.29%
pNO3 pop-wtd:		0.12%
2025/08/21 00:10:30 iteration 47217  walltime=  1.09h  Δwalltime=0.071s  timestep=17s  day=9.26
2025/08/21 00:10:32 iteration 47242  walltime=  1.09h  Δwalltime=0.073s  timestep=17s  day=9.26
2025/08/21 00:10:34 iteration 47271  walltime=  1.09h  Δwalltime=0.07s  timestep=17s  day=9.27
2025/08/21 00:10:36 iteration 47297  walltime=  1.09h  Δwalltime=0.083s  timestep=17s  day=9.27
2025/08/21 00:10:38 iteration 47325  walltime=  1.09h  Δwalltime=0.07s  timestep=17s  day=9.28
2025/08/21 00:10:40 iteration 47352  walltime=  1.09h  Δwalltime=0.08s  timestep=17s  day=9.29
2025/08/21 00:10:42 iteration 47379  walltime=  1.09h  Δwalltime=0.069s  timestep=17s  day=9.29
2025/08/21 00:10:44 iteration 47407  walltime=  1.09h  Δwalltime=0.072s  timestep=17s  day=9.3
2025/08/21 00:10:46 iteration 47434  walltime=  1.09h  Δwalltime=0.07s  timestep=17s  day=9.3
2025/08/21 00:10:48 iteration 47459  walltime=  1.09h  Δwalltime=0.071s  timestep=17s  day=9.31
2025/08/21 00:10:50 iteration 47487  walltime=  1.09h  Δwalltime=0.074s  timestep=17s  day=9.31
2025/08/21 00:10:52 iteration 47515  walltime=  1.09h  Δwalltime=0.083s  timestep=17s  day=9.32
2025/08/21 00:10:54 iteration 47542  walltime=  1.09h  Δwalltime=0.074s  timestep=17s  day=9.32
2025/08/21 00:10:56 iteration 47568  walltime=  1.09h  Δwalltime=0.08s  timestep=17s  day=9.33
2025/08/21 00:10:58 iteration 47594  walltime=  1.09h  Δwalltime=0.086s  timestep=17s  day=9.33
2025/08/21 00:11:00 iteration 47622  walltime=  1.09h  Δwalltime=0.068s  timestep=17s  day=9.34
2025/08/21 00:11:02 iteration 47649  walltime=  1.09h  Δwalltime=0.068s  timestep=17s  day=9.34
2025/08/21 00:11:04 iteration 47675  walltime=  1.09h  Δwalltime=0.07s  timestep=17s  day=9.35
2025/08/21 00:11:06 iteration 47702  walltime=   1.1h  Δwalltime=0.078s  timestep=17s  day=9.35
2025/08/21 00:11:08 iteration 47729  walltime=   1.1h  Δwalltime=0.08s  timestep=17s  day=9.36
2025/08/21 00:11:10 iteration 47755  walltime=   1.1h  Δwalltime=0.073s  timestep=17s  day=9.36
2025/08/21 00:11:12 iteration 47783  walltime=   1.1h  Δwalltime=0.069s  timestep=17s  day=9.37
2025/08/21 00:11:14 iteration 47810  walltime=   1.1h  Δwalltime=0.071s  timestep=17s  day=9.38
2025/08/21 00:11:16 iteration 47836  walltime=   1.1h  Δwalltime=0.078s  timestep=17s  day=9.38
2025/08/21 00:11:17 Percent change since last convergence check:
VOC:			0.096%
VOC pop-wtd:		0.011%
SOA:			0.15%
SOA pop-wtd:		0.016%
PrimaryPM25:		0.059%
PrimaryPM25 pop-wtd:	0.0055%
NH3:			0.059%
NH3 pop-wtd:		0.03%
pNH4:			0.12%
pNH4 pop-wtd:		0.035%
SOx:			0.00024%
SOx pop-wtd:		4.3e-06%
pSO4:			0.073%
pSO4 pop-wtd:		0.019%
NOx:			0.3%
NOx pop-wtd:		0.08%
pNO3:			0.28%
pNO3 pop-wtd:		0.12%
2025/08/21 00:11:18 iteration 47863  walltime=   1.1h  Δwalltime=0.07s  timestep=17s  day=9.39
2025/08/21 00:11:20 iteration 47891  walltime=   1.1h  Δwalltime=0.084s  timestep=17s  day=9.39
2025/08/21 00:11:22 iteration 47918  walltime=   1.1h  Δwalltime=0.069s  timestep=17s  day=9.4
2025/08/21 00:11:24 iteration 47945  walltime=   1.1h  Δwalltime=0.072s  timestep=17s  day=9.4
2025/08/21 00:11:26 iteration 47971  walltime=   1.1h  Δwalltime=0.088s  timestep=17s  day=9.41
2025/08/21 00:11:28 iteration 47999  walltime=   1.1h  Δwalltime=0.069s  timestep=17s  day=9.41
2025/08/21 00:11:30 iteration 48027  walltime=   1.1h  Δwalltime=0.077s  timestep=17s  day=9.42
2025/08/21 00:11:32 iteration 48054  walltime=   1.1h  Δwalltime=0.076s  timestep=17s  day=9.42
2025/08/21 00:11:34 iteration 48081  walltime=   1.1h  Δwalltime=0.072s  timestep=17s  day=9.43
2025/08/21 00:11:36 iteration 48109  walltime=   1.1h  Δwalltime=0.071s  timestep=17s  day=9.43
2025/08/21 00:11:38 iteration 48136  walltime=   1.1h  Δwalltime=0.071s  timestep=17s  day=9.44
2025/08/21 00:11:40 iteration 48163  walltime=   1.1h  Δwalltime=0.088s  timestep=17s  day=9.44
2025/08/21 00:11:42 iteration 48191  walltime=  1.11h  Δwalltime=0.069s  timestep=17s  day=9.45
2025/08/21 00:11:44 iteration 48217  walltime=  1.11h  Δwalltime=0.068s  timestep=17s  day=9.46
2025/08/21 00:11:46 iteration 48243  walltime=  1.11h  Δwalltime=0.087s  timestep=17s  day=9.46
2025/08/21 00:11:48 iteration 48270  walltime=  1.11h  Δwalltime=0.071s  timestep=17s  day=9.47
2025/08/21 00:11:50 iteration 48294  walltime=  1.11h  Δwalltime=0.069s  timestep=17s  day=9.47
2025/08/21 00:11:52 iteration 48321  walltime=  1.11h  Δwalltime=0.068s  timestep=17s  day=9.48
2025/08/21 00:11:54 iteration 48347  walltime=  1.11h  Δwalltime=0.083s  timestep=17s  day=9.48
2025/08/21 00:11:56 iteration 48373  walltime=  1.11h  Δwalltime=0.072s  timestep=17s  day=9.49
2025/08/21 00:11:58 iteration 48401  walltime=  1.11h  Δwalltime=0.078s  timestep=17s  day=9.49
2025/08/21 00:12:00 iteration 48428  walltime=  1.11h  Δwalltime= 0.1s  timestep=17s  day=9.5
2025/08/21 00:12:02 iteration 48455  walltime=  1.11h  Δwalltime=0.071s  timestep=17s  day=9.5
2025/08/21 00:12:04 iteration 48482  walltime=  1.11h  Δwalltime=0.071s  timestep=17s  day=9.51
2025/08/21 00:12:05 Percent change since last convergence check:
VOC:			0.09%
VOC pop-wtd:		0.01%
SOA:			0.15%
SOA pop-wtd:		0.015%
PrimaryPM25:		0.055%
PrimaryPM25 pop-wtd:	0.0051%
NH3:			0.056%
NH3 pop-wtd:		0.028%
pNH4:			0.11%
pNH4 pop-wtd:		0.033%
SOx:			0.00021%
SOx pop-wtd:		3.7e-06%
pSO4:			0.069%
pSO4 pop-wtd:		0.018%
NOx:			0.29%
NOx pop-wtd:		0.077%
pNO3:			0.27%
pNO3 pop-wtd:		0.11%
2025/08/21 00:12:06 iteration 48506  walltime=  1.11h  Δwalltime=0.069s  timestep=17s  day=9.51
2025/08/21 00:12:08 iteration 48534  walltime=  1.11h  Δwalltime=0.071s  timestep=17s  day=9.52
2025/08/21 00:12:10 iteration 48562  walltime=  1.11h  Δwalltime=0.089s  timestep=17s  day=9.52
2025/08/21 00:12:12 iteration 48587  walltime=  1.11h  Δwalltime=0.07s  timestep=17s  day=9.53
2025/08/21 00:12:14 iteration 48615  walltime=  1.11h  Δwalltime=0.092s  timestep=17s  day=9.53
2025/08/21 00:12:16 iteration 48641  walltime=  1.11h  Δwalltime=0.071s  timestep=17s  day=9.54
2025/08/21 00:12:18 iteration 48668  walltime=  1.12h  Δwalltime=0.071s  timestep=17s  day=9.54
2025/08/21 00:12:20 iteration 48696  walltime=  1.12h  Δwalltime=0.069s  timestep=17s  day=9.55
2025/08/21 00:12:22 iteration 48723  walltime=  1.12h  Δwalltime=0.07s  timestep=17s  day=9.55
2025/08/21 00:12:24 iteration 48750  walltime=  1.12h  Δwalltime=0.082s  timestep=17s  day=9.56
2025/08/21 00:12:26 iteration 48777  walltime=  1.12h  Δwalltime=0.07s  timestep=17s  day=9.57
2025/08/21 00:12:28 iteration 48805  walltime=  1.12h  Δwalltime=0.089s  timestep=17s  day=9.57
2025/08/21 00:12:30 iteration 48830  walltime=  1.12h  Δwalltime=0.084s  timestep=17s  day=9.58
2025/08/21 00:12:32 iteration 48857  walltime=  1.12h  Δwalltime=0.071s  timestep=17s  day=9.58
2025/08/21 00:12:34 iteration 48884  walltime=  1.12h  Δwalltime=0.089s  timestep=17s  day=9.59
2025/08/21 00:12:36 iteration 48910  walltime=  1.12h  Δwalltime=0.086s  timestep=17s  day=9.59
2025/08/21 00:12:38 iteration 48937  walltime=  1.12h  Δwalltime=0.069s  timestep=17s  day=9.6
2025/08/21 00:12:40 iteration 48963  walltime=  1.12h  Δwalltime=0.077s  timestep=17s  day=9.6
2025/08/21 00:12:42 iteration 48990  walltime=  1.12h  Δwalltime=0.068s  timestep=17s  day=9.61
2025/08/21 00:12:44 iteration 49017  walltime=  1.12h  Δwalltime=0.09s  timestep=17s  day=9.61
2025/08/21 00:12:46 iteration 49043  walltime=  1.12h  Δwalltime=0.075s  timestep=17s  day=9.62
2025/08/21 00:12:48 iteration 49070  walltime=  1.12h  Δwalltime=0.069s  timestep=17s  day=9.62
2025/08/21 00:12:50 iteration 49097  walltime=  1.12h  Δwalltime=0.07s  timestep=17s  day=9.63
2025/08/21 00:12:52 iteration 49124  walltime=  1.12h  Δwalltime=0.072s  timestep=17s  day=9.63
2025/08/21 00:12:53 Percent change since last convergence check:
VOC:			0.085%
VOC pop-wtd:		0.0096%
SOA:			0.14%
SOA pop-wtd:		0.014%
PrimaryPM25:		0.052%
PrimaryPM25 pop-wtd:	0.0048%
NH3:			0.052%
NH3 pop-wtd:		0.027%
pNH4:			0.11%
pNH4 pop-wtd:		0.031%
SOx:			0.00019%
SOx pop-wtd:		3.2e-06%
pSO4:			0.065%
pSO4 pop-wtd:		0.017%
NOx:			0.27%
NOx pop-wtd:		0.074%
pNO3:			0.26%
pNO3 pop-wtd:		0.11%
2025/08/21 00:12:54 iteration 49149  walltime=  1.13h  Δwalltime=0.07s  timestep=17s  day=9.64
2025/08/21 00:12:56 iteration 49176  walltime=  1.13h  Δwalltime=0.07s  timestep=17s  day=9.64
2025/08/21 00:12:58 iteration 49203  walltime=  1.13h  Δwalltime=0.077s  timestep=17s  day=9.65
2025/08/21 00:13:00 iteration 49231  walltime=  1.13h  Δwalltime=0.068s  timestep=17s  day=9.65
2025/08/21 00:13:02 iteration 49257  walltime=  1.13h  Δwalltime=0.086s  timestep=17s  day=9.66
2025/08/21 00:13:04 iteration 49284  walltime=  1.13h  Δwalltime=0.068s  timestep=17s  day=9.66
2025/08/21 00:13:06 iteration 49312  walltime=  1.13h  Δwalltime=0.07s  timestep=17s  day=9.67
2025/08/21 00:13:08 iteration 49338  walltime=  1.13h  Δwalltime=0.079s  timestep=17s  day=9.68
2025/08/21 00:13:10 iteration 49365  walltime=  1.13h  Δwalltime=0.07s  timestep=17s  day=9.68
2025/08/21 00:13:12 iteration 49392  walltime=  1.13h  Δwalltime=0.087s  timestep=17s  day=9.69
2025/08/21 00:13:14 iteration 49418  walltime=  1.13h  Δwalltime=0.082s  timestep=17s  day=9.69
2025/08/21 00:13:16 iteration 49446  walltime=  1.13h  Δwalltime=0.081s  timestep=17s  day=9.7
2025/08/21 00:13:18 iteration 49473  walltime=  1.13h  Δwalltime=0.087s  timestep=17s  day=9.7
2025/08/21 00:13:20 iteration 49498  walltime=  1.13h  Δwalltime=0.074s  timestep=17s  day=9.71
2025/08/21 00:13:22 iteration 49526  walltime=  1.13h  Δwalltime=0.07s  timestep=17s  day=9.71
2025/08/21 00:13:24 iteration 49553  walltime=  1.13h  Δwalltime=0.073s  timestep=17s  day=9.72
2025/08/21 00:13:26 iteration 49580  walltime=  1.13h  Δwalltime=0.068s  timestep=17s  day=9.72
2025/08/21 00:13:28 iteration 49607  walltime=  1.13h  Δwalltime=0.081s  timestep=17s  day=9.73
2025/08/21 00:13:30 iteration 49634  walltime=  1.14h  Δwalltime=0.072s  timestep=17s  day=9.73
2025/08/21 00:13:32 iteration 49660  walltime=  1.14h  Δwalltime=0.07s  timestep=17s  day=9.74
2025/08/21 00:13:34 iteration 49686  walltime=  1.14h  Δwalltime=0.069s  timestep=17s  day=9.74
2025/08/21 00:13:36 iteration 49713  walltime=  1.14h  Δwalltime=0.082s  timestep=17s  day=9.75
2025/08/21 00:13:38 iteration 49740  walltime=  1.14h  Δwalltime=0.078s  timestep=17s  day=9.75
2025/08/21 00:13:40 Percent change since last convergence check:
VOC:			0.081%
VOC pop-wtd:		0.009%
SOA:			0.13%
SOA pop-wtd:		0.013%
PrimaryPM25:		0.049%
PrimaryPM25 pop-wtd:	0.0045%
NH3:			0.05%
NH3 pop-wtd:		0.025%
pNH4:			0.1%
pNH4 pop-wtd:		0.03%
SOx:			0.00017%
SOx pop-wtd:		2.7e-06%
pSO4:			0.061%
pSO4 pop-wtd:		0.016%
NOx:			0.26%
NOx pop-wtd:		0.071%
pNO3:			0.25%
pNO3 pop-wtd:		0.1%
2025/08/21 00:13:40 iteration 49765  walltime=  1.14h  Δwalltime=0.23s  timestep=17s  day=9.76
2025/08/21 00:13:42 iteration 49791  walltime=  1.14h  Δwalltime=0.074s  timestep=17s  day=9.76
2025/08/21 00:13:44 iteration 49819  walltime=  1.14h  Δwalltime=0.07s  timestep=17s  day=9.77
2025/08/21 00:13:46 iteration 49847  walltime=  1.14h  Δwalltime=0.082s  timestep=17s  day=9.78
2025/08/21 00:13:48 iteration 49873  walltime=  1.14h  Δwalltime=0.077s  timestep=17s  day=9.78
2025/08/21 00:13:50 iteration 49900  walltime=  1.14h  Δwalltime=0.073s  timestep=17s  day=9.79
2025/08/21 00:13:52 iteration 49926  walltime=  1.14h  Δwalltime=0.069s  timestep=17s  day=9.79
2025/08/21 00:13:54 iteration 49953  walltime=  1.14h  Δwalltime=0.072s  timestep=17s  day=9.8
2025/08/21 00:13:56 iteration 49980  walltime=  1.14h  Δwalltime=0.069s  timestep=17s  day=9.8
2025/08/21 00:13:58 iteration 50009  walltime=  1.14h  Δwalltime=0.087s  timestep=17s  day=9.81
2025/08/21 00:14:00 iteration 50035  walltime=  1.14h  Δwalltime=0.078s  timestep=17s  day=9.81
2025/08/21 00:14:02 iteration 50061  walltime=  1.14h  Δwalltime=0.09s  timestep=17s  day=9.82
2025/08/21 00:14:04 iteration 50089  walltime=  1.14h  Δwalltime=0.073s  timestep=17s  day=9.82
2025/08/21 00:14:06 iteration 50115  walltime=  1.15h  Δwalltime=0.07s  timestep=17s  day=9.83
2025/08/21 00:14:08 iteration 50143  walltime=  1.15h  Δwalltime=0.069s  timestep=17s  day=9.83
2025/08/21 00:14:10 iteration 50170  walltime=  1.15h  Δwalltime=0.099s  timestep=17s  day=9.84
2025/08/21 00:14:12 iteration 50196  walltime=  1.15h  Δwalltime=0.07s  timestep=17s  day=9.84
2025/08/21 00:14:14 iteration 50224  walltime=  1.15h  Δwalltime=0.069s  timestep=17s  day=9.85
2025/08/21 00:14:16 iteration 50251  walltime=  1.15h  Δwalltime=0.081s  timestep=17s  day=9.85
2025/08/21 00:14:18 iteration 50278  walltime=  1.15h  Δwalltime=0.068s  timestep=17s  day=9.86
2025/08/21 00:14:20 iteration 50305  walltime=  1.15h  Δwalltime=0.073s  timestep=17s  day=9.86
2025/08/21 00:14:22 iteration 50331  walltime=  1.15h  Δwalltime=0.071s  timestep=17s  day=9.87
2025/08/21 00:14:24 iteration 50358  walltime=  1.15h  Δwalltime=0.094s  timestep=17s  day=9.88
2025/08/21 00:14:26 iteration 50385  walltime=  1.15h  Δwalltime=0.069s  timestep=17s  day=9.88
2025/08/21 00:14:28 Percent change since last convergence check:
VOC:			0.076%
VOC pop-wtd:		0.0085%
SOA:			0.12%
SOA pop-wtd:		0.013%
PrimaryPM25:		0.046%
PrimaryPM25 pop-wtd:	0.0042%
NH3:			0.047%
NH3 pop-wtd:		0.024%
pNH4:			0.097%
pNH4 pop-wtd:		0.028%
SOx:			0.00015%
SOx pop-wtd:		2.4e-06%
pSO4:			0.057%
pSO4 pop-wtd:		0.015%
NOx:			0.25%
NOx pop-wtd:		0.068%
pNO3:			0.24%
pNO3 pop-wtd:		0.1%
2025/08/21 00:14:28 iteration 50410  walltime=  1.15h  Δwalltime=0.092s  timestep=17s  day=9.89
2025/08/21 00:14:30 iteration 50438  walltime=  1.15h  Δwalltime=0.07s  timestep=17s  day=9.89
2025/08/21 00:14:32 iteration 50465  walltime=  1.15h  Δwalltime=0.084s  timestep=17s  day=9.9
2025/08/21 00:14:34 iteration 50491  walltime=  1.15h  Δwalltime=0.08s  timestep=17s  day=9.9
2025/08/21 00:14:36 iteration 50518  walltime=  1.15h  Δwalltime=0.072s  timestep=17s  day=9.91
2025/08/21 00:14:38 iteration 50546  walltime=  1.15h  Δwalltime=0.086s  timestep=17s  day=9.91
2025/08/21 00:14:40 iteration 50571  walltime=  1.15h  Δwalltime=0.073s  timestep=17s  day=9.92
2025/08/21 00:14:42 iteration 50598  walltime=  1.16h  Δwalltime=0.074s  timestep=17s  day=9.92
2025/08/21 00:14:44 iteration 50624  walltime=  1.16h  Δwalltime=0.08s  timestep=17s  day=9.93
2025/08/21 00:14:46 iteration 50651  walltime=  1.16h  Δwalltime=0.069s  timestep=17s  day=9.93
2025/08/21 00:14:48 iteration 50679  walltime=  1.16h  Δwalltime=0.07s  timestep=17s  day=9.94
2025/08/21 00:14:50 iteration 50705  walltime=  1.16h  Δwalltime=0.082s  timestep=17s  day=9.94
2025/08/21 00:14:52 iteration 50733  walltime=  1.16h  Δwalltime=0.072s  timestep=17s  day=9.95
2025/08/21 00:14:54 iteration 50760  walltime=  1.16h  Δwalltime=0.079s  timestep=17s  day=9.95
2025/08/21 00:14:56 iteration 50786  walltime=  1.16h  Δwalltime=0.079s  timestep=17s  day=9.96
2025/08/21 00:14:58 iteration 50814  walltime=  1.16h  Δwalltime=0.07s  timestep=17s  day=9.96
2025/08/21 00:15:00 iteration 50841  walltime=  1.16h  Δwalltime=0.071s  timestep=17s  day=9.97
2025/08/21 00:15:02 iteration 50867  walltime=  1.16h  Δwalltime=0.07s  timestep=17s  day=9.98
2025/08/21 00:15:04 iteration 50894  walltime=  1.16h  Δwalltime=0.069s  timestep=17s  day=9.98
2025/08/21 00:15:06 iteration 50919  walltime=  1.16h  Δwalltime=0.069s  timestep=17s  day=9.99
2025/08/21 00:15:08 iteration 50945  walltime=  1.16h  Δwalltime=0.093s  timestep=17s  day=9.99
2025/08/21 00:15:10 iteration 50971  walltime=  1.16h  Δwalltime=0.067s  timestep=17s  day=10
2025/08/21 00:15:12 iteration 50999  walltime=  1.16h  Δwalltime=0.086s  timestep=17s  day=10
2025/08/21 00:15:14 iteration 51025  walltime=  1.16h  Δwalltime=0.082s  timestep=17s  day=10
2025/08/21 00:15:16 Percent change since last convergence check:
VOC:			0.072%
VOC pop-wtd:		0.008%
SOA:			0.12%
SOA pop-wtd:		0.012%
PrimaryPM25:		0.043%
PrimaryPM25 pop-wtd:	0.004%
NH3:			0.044%
NH3 pop-wtd:		0.022%
pNH4:			0.092%
pNH4 pop-wtd:		0.026%
SOx:			0.00013%
SOx pop-wtd:		2e-06%
pSO4:			0.054%
pSO4 pop-wtd:		0.014%
NOx:			0.24%
NOx pop-wtd:		0.066%
pNO3:			0.23%
pNO3 pop-wtd:		0.096%
2025/08/21 00:15:16 iteration 51049  walltime=  1.16h  Δwalltime=0.068s  timestep=17s  day=10
2025/08/21 00:15:18 iteration 51076  walltime=  1.17h  Δwalltime=0.083s  timestep=17s  day=10
2025/08/21 00:15:20 iteration 51103  walltime=  1.17h  Δwalltime=0.068s  timestep=17s  day=10
2025/08/21 00:15:22 iteration 51131  walltime=  1.17h  Δwalltime=0.085s  timestep=17s  day=10
2025/08/21 00:15:24 iteration 51157  walltime=  1.17h  Δwalltime=0.071s  timestep=17s  day=10
2025/08/21 00:15:26 iteration 51186  walltime=  1.17h  Δwalltime=0.069s  timestep=17s  day=10
2025/08/21 00:15:28 iteration 51214  walltime=  1.17h  Δwalltime=0.07s  timestep=17s  day=10
2025/08/21 00:15:30 iteration 51240  walltime=  1.17h  Δwalltime=0.071s  timestep=17s  day=10
2025/08/21 00:15:32 iteration 51267  walltime=  1.17h  Δwalltime=0.07s  timestep=17s  day=10.1
2025/08/21 00:15:34 iteration 51293  walltime=  1.17h  Δwalltime=0.069s  timestep=17s  day=10.1
2025/08/21 00:15:36 iteration 51319  walltime=  1.17h  Δwalltime=0.074s  timestep=17s  day=10.1
2025/08/21 00:15:38 iteration 51347  walltime=  1.17h  Δwalltime=0.076s  timestep=17s  day=10.1
2025/08/21 00:15:40 iteration 51374  walltime=  1.17h  Δwalltime=0.077s  timestep=17s  day=10.1
2025/08/21 00:15:42 iteration 51399  walltime=  1.17h  Δwalltime=0.07s  timestep=17s  day=10.1
2025/08/21 00:15:44 iteration 51426  walltime=  1.17h  Δwalltime=0.07s  timestep=17s  day=10.1
2025/08/21 00:15:46 iteration 51453  walltime=  1.17h  Δwalltime=0.078s  timestep=17s  day=10.1
2025/08/21 00:15:48 iteration 51480  walltime=  1.17h  Δwalltime=0.071s  timestep=17s  day=10.1
2025/08/21 00:15:50 iteration 51506  walltime=  1.17h  Δwalltime=0.12s  timestep=17s  day=10.1
2025/08/21 00:15:52 iteration 51533  walltime=  1.17h  Δwalltime=0.072s  timestep=17s  day=10.1
2025/08/21 00:15:54 iteration 51560  walltime=  1.18h  Δwalltime=0.069s  timestep=17s  day=10.1
2025/08/21 00:15:56 iteration 51587  walltime=  1.18h  Δwalltime=0.07s  timestep=17s  day=10.1
2025/08/21 00:15:58 iteration 51614  walltime=  1.18h  Δwalltime=0.069s  timestep=17s  day=10.1
2025/08/21 00:16:00 iteration 51641  walltime=  1.18h  Δwalltime=0.07s  timestep=17s  day=10.1
2025/08/21 00:16:02 iteration 51669  walltime=  1.18h  Δwalltime=0.07s  timestep=17s  day=10.1
2025/08/21 00:16:03 Percent change since last convergence check:
VOC:			0.068%
VOC pop-wtd:		0.0076%
SOA:			0.11%
SOA pop-wtd:		0.011%
PrimaryPM25:		0.041%
PrimaryPM25 pop-wtd:	0.0037%
NH3:			0.042%
NH3 pop-wtd:		0.021%
pNH4:			0.087%
pNH4 pop-wtd:		0.025%
SOx:			0.00012%
SOx pop-wtd:		1.8e-06%
pSO4:			0.051%
pSO4 pop-wtd:		0.013%
NOx:			0.23%
NOx pop-wtd:		0.063%
pNO3:			0.22%
pNO3 pop-wtd:		0.092%
2025/08/21 00:16:04 iteration 51693  walltime=  1.18h  Δwalltime=0.069s  timestep=17s  day=10.1
2025/08/21 00:16:06 iteration 51720  walltime=  1.18h  Δwalltime=0.093s  timestep=17s  day=10.1
2025/08/21 00:16:08 iteration 51748  walltime=  1.18h  Δwalltime=0.07s  timestep=17s  day=10.1
2025/08/21 00:16:10 iteration 51774  walltime=  1.18h  Δwalltime=0.07s  timestep=17s  day=10.2
2025/08/21 00:16:12 iteration 51802  walltime=  1.18h  Δwalltime=0.07s  timestep=17s  day=10.2
2025/08/21 00:16:14 iteration 51828  walltime=  1.18h  Δwalltime=0.07s  timestep=17s  day=10.2
2025/08/21 00:16:16 iteration 51855  walltime=  1.18h  Δwalltime=0.069s  timestep=17s  day=10.2
2025/08/21 00:16:18 iteration 51883  walltime=  1.18h  Δwalltime=0.069s  timestep=17s  day=10.2
2025/08/21 00:16:20 iteration 51909  walltime=  1.18h  Δwalltime=0.08s  timestep=17s  day=10.2
2025/08/21 00:16:22 iteration 51936  walltime=  1.18h  Δwalltime=0.069s  timestep=17s  day=10.2
2025/08/21 00:16:24 iteration 51961  walltime=  1.18h  Δwalltime=0.071s  timestep=17s  day=10.2
2025/08/21 00:16:26 iteration 51987  walltime=  1.18h  Δwalltime=0.086s  timestep=17s  day=10.2
2025/08/21 00:16:28 iteration 52015  walltime=  1.18h  Δwalltime=0.074s  timestep=17s  day=10.2
2025/08/21 00:16:30 iteration 52042  walltime=  1.19h  Δwalltime=0.069s  timestep=17s  day=10.2
2025/08/21 00:16:32 iteration 52068  walltime=  1.19h  Δwalltime=0.079s  timestep=17s  day=10.2
2025/08/21 00:16:34 iteration 52095  walltime=  1.19h  Δwalltime=0.077s  timestep=17s  day=10.2
2025/08/21 00:16:36 iteration 52122  walltime=  1.19h  Δwalltime=0.08s  timestep=17s  day=10.2
2025/08/21 00:16:38 iteration 52149  walltime=  1.19h  Δwalltime=0.07s  timestep=17s  day=10.2
2025/08/21 00:16:40 iteration 52176  walltime=  1.19h  Δwalltime=0.086s  timestep=17s  day=10.2
2025/08/21 00:16:42 iteration 52200  walltime=  1.19h  Δwalltime=0.08s  timestep=17s  day=10.2
2025/08/21 00:16:44 iteration 52227  walltime=  1.19h  Δwalltime=0.073s  timestep=17s  day=10.2
2025/08/21 00:16:46 iteration 52254  walltime=  1.19h  Δwalltime=0.076s  timestep=17s  day=10.2
2025/08/21 00:16:48 iteration 52281  walltime=  1.19h  Δwalltime=0.092s  timestep=17s  day=10.3
2025/08/21 00:16:50 iteration 52307  walltime=  1.19h  Δwalltime=0.071s  timestep=17s  day=10.3
2025/08/21 00:16:51 Percent change since last convergence check:
VOC:			0.065%
VOC pop-wtd:		0.0071%
SOA:			0.11%
SOA pop-wtd:		0.011%
PrimaryPM25:		0.038%
PrimaryPM25 pop-wtd:	0.0035%
NH3:			0.039%
NH3 pop-wtd:		0.02%
pNH4:			0.082%
pNH4 pop-wtd:		0.023%
SOx:			0.0001%
SOx pop-wtd:		1.5e-06%
pSO4:			0.048%
pSO4 pop-wtd:		0.012%
NOx:			0.23%
NOx pop-wtd:		0.061%
pNO3:			0.21%
pNO3 pop-wtd:		0.088%
2025/08/21 00:16:52 iteration 52332  walltime=  1.19h  Δwalltime=0.077s  timestep=17s  day=10.3
2025/08/21 00:16:54 iteration 52360  walltime=  1.19h  Δwalltime=0.079s  timestep=17s  day=10.3
2025/08/21 00:16:56 iteration 52387  walltime=  1.19h  Δwalltime=0.07s  timestep=17s  day=10.3
2025/08/21 00:16:58 iteration 52414  walltime=  1.19h  Δwalltime=0.074s  timestep=17s  day=10.3
2025/08/21 00:17:00 iteration 52441  walltime=  1.19h  Δwalltime=0.085s  timestep=17s  day=10.3
2025/08/21 00:17:02 iteration 52467  walltime=  1.19h  Δwalltime=0.084s  timestep=17s  day=10.3
2025/08/21 00:17:04 iteration 52495  walltime=  1.19h  Δwalltime=0.09s  timestep=17s  day=10.3
2025/08/21 00:17:06 iteration 52520  walltime=   1.2h  Δwalltime=0.076s  timestep=17s  day=10.3
2025/08/21 00:17:08 iteration 52547  walltime=   1.2h  Δwalltime=0.069s  timestep=17s  day=10.3
2025/08/21 00:17:10 iteration 52574  walltime=   1.2h  Δwalltime=0.076s  timestep=17s  day=10.3
2025/08/21 00:17:12 iteration 52600  walltime=   1.2h  Δwalltime=0.07s  timestep=17s  day=10.3
2025/08/21 00:17:14 iteration 52627  walltime=   1.2h  Δwalltime=0.073s  timestep=17s  day=10.3
2025/08/21 00:17:16 iteration 52656  walltime=   1.2h  Δwalltime=0.071s  timestep=17s  day=10.3
2025/08/21 00:17:18 iteration 52682  walltime=   1.2h  Δwalltime=0.071s  timestep=17s  day=10.3
2025/08/21 00:17:20 iteration 52710  walltime=   1.2h  Δwalltime=0.068s  timestep=17s  day=10.3
2025/08/21 00:17:22 iteration 52736  walltime=   1.2h  Δwalltime=0.072s  timestep=17s  day=10.3
2025/08/21 00:17:24 iteration 52762  walltime=   1.2h  Δwalltime=0.071s  timestep=17s  day=10.3
2025/08/21 00:17:26 iteration 52789  walltime=   1.2h  Δwalltime=0.069s  timestep=17s  day=10.4
2025/08/21 00:17:28 iteration 52816  walltime=   1.2h  Δwalltime=0.081s  timestep=17s  day=10.4
2025/08/21 00:17:30 iteration 52843  walltime=   1.2h  Δwalltime=0.069s  timestep=17s  day=10.4
2025/08/21 00:17:32 iteration 52871  walltime=   1.2h  Δwalltime=0.077s  timestep=17s  day=10.4
2025/08/21 00:17:34 iteration 52897  walltime=   1.2h  Δwalltime=0.089s  timestep=17s  day=10.4
2025/08/21 00:17:36 iteration 52924  walltime=   1.2h  Δwalltime=0.07s  timestep=17s  day=10.4
2025/08/21 00:17:38 iteration 52952  walltime=   1.2h  Δwalltime=0.071s  timestep=17s  day=10.4
2025/08/21 00:17:39 Percent change since last convergence check:
VOC:			0.061%
VOC pop-wtd:		0.0067%
SOA:			0.1%
SOA pop-wtd:		0.0099%
PrimaryPM25:		0.036%
PrimaryPM25 pop-wtd:	0.0033%
NH3:			0.037%
NH3 pop-wtd:		0.019%
pNH4:			0.078%
pNH4 pop-wtd:		0.022%
SOx:			9.2e-05%
SOx pop-wtd:		1.3e-06%
pSO4:			0.045%
pSO4 pop-wtd:		0.011%
NOx:			0.22%
NOx pop-wtd:		0.058%
pNO3:			0.2%
pNO3 pop-wtd:		0.085%
2025/08/21 00:17:40 iteration 52976  walltime=   1.2h  Δwalltime=0.079s  timestep=17s  day=10.4
2025/08/21 00:17:42 iteration 53003  walltime=  1.21h  Δwalltime=0.068s  timestep=17s  day=10.4
2025/08/21 00:17:44 iteration 53031  walltime=  1.21h  Δwalltime=0.069s  timestep=17s  day=10.4
2025/08/21 00:17:46 iteration 53057  walltime=  1.21h  Δwalltime=0.069s  timestep=17s  day=10.4
2025/08/21 00:17:48 iteration 53084  walltime=  1.21h  Δwalltime=0.069s  timestep=17s  day=10.4
2025/08/21 00:17:50 iteration 53111  walltime=  1.21h  Δwalltime=0.076s  timestep=17s  day=10.4
2025/08/21 00:17:52 iteration 53134  walltime=  1.21h  Δwalltime=0.072s  timestep=17s  day=10.4
2025/08/21 00:17:54 iteration 53162  walltime=  1.21h  Δwalltime=0.069s  timestep=17s  day=10.4
2025/08/21 00:17:56 iteration 53189  walltime=  1.21h  Δwalltime=0.078s  timestep=17s  day=10.4
2025/08/21 00:17:58 iteration 53215  walltime=  1.21h  Δwalltime=0.074s  timestep=17s  day=10.4
2025/08/21 00:18:00 iteration 53242  walltime=  1.21h  Δwalltime=0.074s  timestep=17s  day=10.4
2025/08/21 00:18:02 iteration 53269  walltime=  1.21h  Δwalltime=0.084s  timestep=17s  day=10.4
2025/08/21 00:18:04 iteration 53295  walltime=  1.21h  Δwalltime=0.069s  timestep=17s  day=10.5
2025/08/21 00:18:06 iteration 53323  walltime=  1.21h  Δwalltime=0.069s  timestep=17s  day=10.5
2025/08/21 00:18:08 iteration 53349  walltime=  1.21h  Δwalltime= 0.1s  timestep=17s  day=10.5
2025/08/21 00:18:10 iteration 53377  walltime=  1.21h  Δwalltime=0.07s  timestep=17s  day=10.5
2025/08/21 00:18:12 iteration 53405  walltime=  1.21h  Δwalltime=0.088s  timestep=17s  day=10.5
2025/08/21 00:18:14 iteration 53430  walltime=  1.21h  Δwalltime=0.072s  timestep=17s  day=10.5
2025/08/21 00:18:16 iteration 53458  walltime=  1.21h  Δwalltime=0.07s  timestep=17s  day=10.5
2025/08/21 00:18:18 iteration 53486  walltime=  1.22h  Δwalltime=0.088s  timestep=17s  day=10.5
2025/08/21 00:18:20 iteration 53512  walltime=  1.22h  Δwalltime=0.08s  timestep=17s  day=10.5
2025/08/21 00:18:22 iteration 53539  walltime=  1.22h  Δwalltime=0.069s  timestep=17s  day=10.5
2025/08/21 00:18:24 iteration 53566  walltime=  1.22h  Δwalltime=0.069s  timestep=17s  day=10.5
2025/08/21 00:18:26 iteration 53592  walltime=  1.22h  Δwalltime=0.071s  timestep=17s  day=10.5
2025/08/21 00:18:27 Percent change since last convergence check:
VOC:			0.058%
VOC pop-wtd:		0.0063%
SOA:			0.094%
SOA pop-wtd:		0.0094%
PrimaryPM25:		0.034%
PrimaryPM25 pop-wtd:	0.0031%
NH3:			0.035%
NH3 pop-wtd:		0.018%
pNH4:			0.073%
pNH4 pop-wtd:		0.021%
SOx:			8.1e-05%
SOx pop-wtd:		1.1e-06%
pSO4:			0.042%
pSO4 pop-wtd:		0.01%
NOx:			0.21%
NOx pop-wtd:		0.056%
pNO3:			0.19%
pNO3 pop-wtd:		0.082%
2025/08/21 00:18:28 iteration 53617  walltime=  1.22h  Δwalltime=0.071s  timestep=17s  day=10.5
2025/08/21 00:18:30 iteration 53645  walltime=  1.22h  Δwalltime=0.093s  timestep=17s  day=10.5
2025/08/21 00:18:32 iteration 53670  walltime=  1.22h  Δwalltime=0.077s  timestep=17s  day=10.5
2025/08/21 00:18:34 iteration 53697  walltime=  1.22h  Δwalltime=0.068s  timestep=17s  day=10.5
2025/08/21 00:18:36 iteration 53725  walltime=  1.22h  Δwalltime=0.09s  timestep=17s  day=10.5
2025/08/21 00:18:38 iteration 53751  walltime=  1.22h  Δwalltime=0.071s  timestep=17s  day=10.5
2025/08/21 00:18:40 iteration 53779  walltime=  1.22h  Δwalltime=0.075s  timestep=17s  day=10.5
2025/08/21 00:18:42 iteration 53806  walltime=  1.22h  Δwalltime=0.086s  timestep=17s  day=10.6
2025/08/21 00:18:44 iteration 53832  walltime=  1.22h  Δwalltime=0.07s  timestep=17s  day=10.6
2025/08/21 00:18:46 iteration 53859  walltime=  1.22h  Δwalltime=0.083s  timestep=17s  day=10.6
2025/08/21 00:18:48 iteration 53886  walltime=  1.22h  Δwalltime=0.068s  timestep=17s  day=10.6
2025/08/21 00:18:50 iteration 53913  walltime=  1.22h  Δwalltime=0.069s  timestep=17s  day=10.6
2025/08/21 00:18:52 iteration 53941  walltime=  1.22h  Δwalltime=0.068s  timestep=17s  day=10.6
2025/08/21 00:18:54 iteration 53967  walltime=  1.23h  Δwalltime=0.071s  timestep=17s  day=10.6
2025/08/21 00:18:56 iteration 53995  walltime=  1.23h  Δwalltime=0.07s  timestep=17s  day=10.6
2025/08/21 00:18:58 iteration 54022  walltime=  1.23h  Δwalltime=0.069s  timestep=17s  day=10.6
2025/08/21 00:19:00 iteration 54048  walltime=  1.23h  Δwalltime=0.07s  timestep=17s  day=10.6
2025/08/21 00:19:02 iteration 54076  walltime=  1.23h  Δwalltime=0.07s  timestep=17s  day=10.6
2025/08/21 00:19:04 iteration 54103  walltime=  1.23h  Δwalltime=0.075s  timestep=17s  day=10.6
2025/08/21 00:19:06 iteration 54129  walltime=  1.23h  Δwalltime=0.071s  timestep=17s  day=10.6
2025/08/21 00:19:08 iteration 54158  walltime=  1.23h  Δwalltime=0.072s  timestep=17s  day=10.6
2025/08/21 00:19:10 iteration 54185  walltime=  1.23h  Δwalltime=0.081s  timestep=17s  day=10.6
2025/08/21 00:19:12 iteration 54212  walltime=  1.23h  Δwalltime=0.069s  timestep=17s  day=10.6
2025/08/21 00:19:14 Percent change since last convergence check:
VOC:			0.055%
VOC pop-wtd:		0.006%
SOA:			0.089%
SOA pop-wtd:		0.0089%
PrimaryPM25:		0.032%
PrimaryPM25 pop-wtd:	0.0029%
NH3:			0.033%
NH3 pop-wtd:		0.017%
pNH4:			0.07%
pNH4 pop-wtd:		0.02%
SOx:			7.2e-05%
SOx pop-wtd:		9.9e-07%
pSO4:			0.04%
pSO4 pop-wtd:		0.0098%
NOx:			0.2%
NOx pop-wtd:		0.054%
pNO3:			0.18%
pNO3 pop-wtd:		0.078%
2025/08/21 00:19:14 iteration 54237  walltime=  1.23h  Δwalltime=0.069s  timestep=17s  day=10.6
2025/08/21 00:19:16 iteration 54264  walltime=  1.23h  Δwalltime=0.069s  timestep=17s  day=10.6
2025/08/21 00:19:18 iteration 54291  walltime=  1.23h  Δwalltime=0.07s  timestep=17s  day=10.6
2025/08/21 00:19:20 iteration 54319  walltime=  1.23h  Δwalltime=0.074s  timestep=17s  day=10.7
2025/08/21 00:19:22 iteration 54345  walltime=  1.23h  Δwalltime=0.071s  timestep=17s  day=10.7
2025/08/21 00:19:24 iteration 54373  walltime=  1.23h  Δwalltime=0.075s  timestep=17s  day=10.7
2025/08/21 00:19:26 iteration 54399  walltime=  1.23h  Δwalltime=0.069s  timestep=17s  day=10.7
2025/08/21 00:19:28 iteration 54425  walltime=  1.23h  Δwalltime=0.07s  timestep=17s  day=10.7
2025/08/21 00:19:30 iteration 54453  walltime=  1.24h  Δwalltime=0.083s  timestep=17s  day=10.7
2025/08/21 00:19:32 iteration 54480  walltime=  1.24h  Δwalltime=0.081s  timestep=17s  day=10.7
2025/08/21 00:19:34 iteration 54506  walltime=  1.24h  Δwalltime=0.07s  timestep=17s  day=10.7
2025/08/21 00:19:36 iteration 54534  walltime=  1.24h  Δwalltime=0.068s  timestep=17s  day=10.7
2025/08/21 00:19:38 iteration 54561  walltime=  1.24h  Δwalltime=0.07s  timestep=17s  day=10.7
2025/08/21 00:19:40 iteration 54586  walltime=  1.24h  Δwalltime=0.075s  timestep=17s  day=10.7
2025/08/21 00:19:42 iteration 54614  walltime=  1.24h  Δwalltime=0.069s  timestep=17s  day=10.7
2025/08/21 00:19:44 iteration 54640  walltime=  1.24h  Δwalltime=0.076s  timestep=17s  day=10.7
2025/08/21 00:19:46 iteration 54668  walltime=  1.24h  Δwalltime=0.069s  timestep=17s  day=10.7
2025/08/21 00:19:48 iteration 54695  walltime=  1.24h  Δwalltime=0.076s  timestep=17s  day=10.7
2025/08/21 00:19:50 iteration 54722  walltime=  1.24h  Δwalltime=0.072s  timestep=17s  day=10.7
2025/08/21 00:19:52 iteration 54747  walltime=  1.24h  Δwalltime=0.069s  timestep=17s  day=10.7
2025/08/21 00:19:54 iteration 54774  walltime=  1.24h  Δwalltime=0.079s  timestep=17s  day=10.7
2025/08/21 00:19:56 iteration 54800  walltime=  1.24h  Δwalltime=0.07s  timestep=17s  day=10.7
2025/08/21 00:19:58 iteration 54828  walltime=  1.24h  Δwalltime=0.072s  timestep=17s  day=10.8
2025/08/21 00:20:00 iteration 54855  walltime=  1.24h  Δwalltime=0.082s  timestep=17s  day=10.8
2025/08/21 00:20:02 Percent change since last convergence check:
VOC:			0.052%
VOC pop-wtd:		0.0056%
SOA:			0.085%
SOA pop-wtd:		0.0084%
PrimaryPM25:		0.03%
PrimaryPM25 pop-wtd:	0.0027%
NH3:			0.031%
NH3 pop-wtd:		0.016%
pNH4:			0.066%
pNH4 pop-wtd:		0.018%
SOx:			6.4e-05%
SOx pop-wtd:		8.5e-07%
pSO4:			0.038%
pSO4 pop-wtd:		0.0092%
NOx:			0.19%
NOx pop-wtd:		0.052%
pNO3:			0.18%
pNO3 pop-wtd:		0.075%
2025/08/21 00:20:02 iteration 54880  walltime=  1.24h  Δwalltime=0.077s  timestep=17s  day=10.8
2025/08/21 00:20:04 iteration 54907  walltime=  1.24h  Δwalltime=0.07s  timestep=17s  day=10.8
2025/08/21 00:20:06 iteration 54934  walltime=  1.25h  Δwalltime=0.084s  timestep=17s  day=10.8
2025/08/21 00:20:08 iteration 54959  walltime=  1.25h  Δwalltime=0.075s  timestep=17s  day=10.8
2025/08/21 00:20:10 iteration 54986  walltime=  1.25h  Δwalltime=0.068s  timestep=17s  day=10.8
2025/08/21 00:20:12 iteration 55012  walltime=  1.25h  Δwalltime=0.079s  timestep=17s  day=10.8
2025/08/21 00:20:14 iteration 55039  walltime=  1.25h  Δwalltime=0.085s  timestep=17s  day=10.8
2025/08/21 00:20:16 iteration 55066  walltime=  1.25h  Δwalltime=0.084s  timestep=17s  day=10.8
2025/08/21 00:20:18 iteration 55092  walltime=  1.25h  Δwalltime=0.091s  timestep=17s  day=10.8
2025/08/21 00:20:20 iteration 55119  walltime=  1.25h  Δwalltime=0.069s  timestep=17s  day=10.8
2025/08/21 00:20:22 iteration 55146  walltime=  1.25h  Δwalltime=0.068s  timestep=17s  day=10.8
2025/08/21 00:20:24 iteration 55172  walltime=  1.25h  Δwalltime=0.076s  timestep=17s  day=10.8
2025/08/21 00:20:26 iteration 55199  walltime=  1.25h  Δwalltime=0.074s  timestep=17s  day=10.8
2025/08/21 00:20:28 iteration 55227  walltime=  1.25h  Δwalltime=0.071s  timestep=17s  day=10.8
2025/08/21 00:20:30 iteration 55254  walltime=  1.25h  Δwalltime=0.07s  timestep=17s  day=10.8
2025/08/21 00:20:32 iteration 55282  walltime=  1.25h  Δwalltime=0.086s  timestep=17s  day=10.8
2025/08/21 00:20:34 iteration 55309  walltime=  1.25h  Δwalltime=0.072s  timestep=17s  day=10.8
2025/08/21 00:20:36 iteration 55334  walltime=  1.25h  Δwalltime=0.069s  timestep=17s  day=10.9
2025/08/21 00:20:38 iteration 55361  walltime=  1.25h  Δwalltime=0.07s  timestep=17s  day=10.9
2025/08/21 00:20:40 iteration 55387  walltime=  1.25h  Δwalltime=0.071s  timestep=17s  day=10.9
2025/08/21 00:20:42 iteration 55414  walltime=  1.26h  Δwalltime=0.069s  timestep=17s  day=10.9
2025/08/21 00:20:44 iteration 55441  walltime=  1.26h  Δwalltime=0.07s  timestep=17s  day=10.9
2025/08/21 00:20:46 iteration 55469  walltime=  1.26h  Δwalltime=0.082s  timestep=17s  day=10.9
2025/08/21 00:20:48 iteration 55492  walltime=  1.26h  Δwalltime=0.078s  timestep=17s  day=10.9
2025/08/21 00:20:50 Percent change since last convergence check:
VOC:			0.049%
VOC pop-wtd:		0.0053%
SOA:			0.08%
SOA pop-wtd:		0.0079%
PrimaryPM25:		0.028%
PrimaryPM25 pop-wtd:	0.0025%
NH3:			0.03%
NH3 pop-wtd:		0.015%
pNH4:			0.062%
pNH4 pop-wtd:		0.017%
SOx:			5.7e-05%
SOx pop-wtd:		7.4e-07%
pSO4:			0.035%
pSO4 pop-wtd:		0.0086%
NOx:			0.19%
NOx pop-wtd:		0.05%
pNO3:			0.17%
pNO3 pop-wtd:		0.072%
2025/08/21 00:20:50 iteration 55516  walltime=  1.26h  Δwalltime=0.07s  timestep=17s  day=10.9
2025/08/21 00:20:52 iteration 55543  walltime=  1.26h  Δwalltime=0.083s  timestep=17s  day=10.9
2025/08/21 00:20:54 iteration 55571  walltime=  1.26h  Δwalltime=0.068s  timestep=17s  day=10.9
2025/08/21 00:20:56 iteration 55597  walltime=  1.26h  Δwalltime=0.069s  timestep=17s  day=10.9
2025/08/21 00:20:58 iteration 55624  walltime=  1.26h  Δwalltime=0.071s  timestep=17s  day=10.9
2025/08/21 00:21:00 iteration 55651  walltime=  1.26h  Δwalltime=0.099s  timestep=17s  day=10.9
2025/08/21 00:21:02 iteration 55679  walltime=  1.26h  Δwalltime=0.074s  timestep=17s  day=10.9
2025/08/21 00:21:04 iteration 55705  walltime=  1.26h  Δwalltime=0.07s  timestep=17s  day=10.9
2025/08/21 00:21:06 iteration 55733  walltime=  1.26h  Δwalltime=0.071s  timestep=17s  day=10.9
2025/08/21 00:21:08 iteration 55760  walltime=  1.26h  Δwalltime=0.068s  timestep=17s  day=10.9
2025/08/21 00:21:10 iteration 55787  walltime=  1.26h  Δwalltime=0.069s  timestep=17s  day=10.9
2025/08/21 00:21:12 iteration 55815  walltime=  1.26h  Δwalltime=0.069s  timestep=17s  day=10.9
2025/08/21 00:21:14 iteration 55843  walltime=  1.26h  Δwalltime=0.076s  timestep=17s  day=11
2025/08/21 00:21:16 iteration 55869  walltime=  1.26h  Δwalltime=0.07s  timestep=17s  day=11
2025/08/21 00:21:18 iteration 55897  walltime=  1.27h  Δwalltime=0.07s  timestep=17s  day=11
2025/08/21 00:21:20 iteration 55924  walltime=  1.27h  Δwalltime=0.079s  timestep=17s  day=11
2025/08/21 00:21:22 iteration 55951  walltime=  1.27h  Δwalltime=0.074s  timestep=17s  day=11
2025/08/21 00:21:24 iteration 55977  walltime=  1.27h  Δwalltime=0.069s  timestep=17s  day=11
2025/08/21 00:21:26 iteration 56004  walltime=  1.27h  Δwalltime=0.079s  timestep=17s  day=11
2025/08/21 00:21:28 iteration 56031  walltime=  1.27h  Δwalltime=0.069s  timestep=17s  day=11
2025/08/21 00:21:30 iteration 56058  walltime=  1.27h  Δwalltime=0.071s  timestep=17s  day=11
2025/08/21 00:21:32 iteration 56083  walltime=  1.27h  Δwalltime=0.071s  timestep=17s  day=11
2025/08/21 00:21:34 iteration 56111  walltime=  1.27h  Δwalltime=0.078s  timestep=17s  day=11
2025/08/21 00:21:36 iteration 56138  walltime=  1.27h  Δwalltime=0.069s  timestep=17s  day=11
2025/08/21 00:21:37 Percent change since last convergence check:
VOC:			0.046%
VOC pop-wtd:		0.005%
SOA:			0.076%
SOA pop-wtd:		0.0075%
PrimaryPM25:		0.027%
PrimaryPM25 pop-wtd:	0.0024%
NH3:			0.028%
NH3 pop-wtd:		0.014%
pNH4:			0.059%
pNH4 pop-wtd:		0.016%
SOx:			5e-05%
SOx pop-wtd:		6.4e-07%
pSO4:			0.033%
pSO4 pop-wtd:		0.0081%
NOx:			0.18%
NOx pop-wtd:		0.048%
pNO3:			0.16%
pNO3 pop-wtd:		0.07%
2025/08/21 00:21:38 iteration 56161  walltime=  1.27h  Δwalltime=0.086s  timestep=17s  day=11
2025/08/21 00:21:40 iteration 56187  walltime=  1.27h  Δwalltime=0.07s  timestep=17s  day=11
2025/08/21 00:21:42 iteration 56216  walltime=  1.27h  Δwalltime=0.068s  timestep=17s  day=11
2025/08/21 00:21:44 iteration 56243  walltime=  1.27h  Δwalltime=0.07s  timestep=17s  day=11
2025/08/21 00:21:46 iteration 56271  walltime=  1.27h  Δwalltime=0.068s  timestep=17s  day=11
2025/08/21 00:21:48 iteration 56298  walltime=  1.27h  Δwalltime=0.074s  timestep=17s  day=11
2025/08/21 00:21:50 iteration 56324  walltime=  1.27h  Δwalltime=0.069s  timestep=17s  day=11
2025/08/21 00:21:52 iteration 56349  walltime=  1.27h  Δwalltime=0.078s  timestep=17s  day=11.1
2025/08/21 00:21:54 iteration 56375  walltime=  1.28h  Δwalltime=0.079s  timestep=17s  day=11.1
2025/08/21 00:21:56 iteration 56400  walltime=  1.28h  Δwalltime=0.07s  timestep=17s  day=11.1
2025/08/21 00:21:58 iteration 56427  walltime=  1.28h  Δwalltime=0.069s  timestep=17s  day=11.1
2025/08/21 00:22:00 iteration 56454  walltime=  1.28h  Δwalltime=0.087s  timestep=17s  day=11.1
2025/08/21 00:22:02 iteration 56481  walltime=  1.28h  Δwalltime=0.07s  timestep=17s  day=11.1
2025/08/21 00:22:04 iteration 56508  walltime=  1.28h  Δwalltime=0.068s  timestep=17s  day=11.1
2025/08/21 00:22:06 iteration 56536  walltime=  1.28h  Δwalltime=0.078s  timestep=17s  day=11.1
2025/08/21 00:22:08 iteration 56563  walltime=  1.28h  Δwalltime=0.071s  timestep=17s  day=11.1
2025/08/21 00:22:10 iteration 56590  walltime=  1.28h  Δwalltime=0.069s  timestep=17s  day=11.1
2025/08/21 00:22:12 iteration 56616  walltime=  1.28h  Δwalltime=0.069s  timestep=17s  day=11.1
2025/08/21 00:22:14 iteration 56643  walltime=  1.28h  Δwalltime=0.068s  timestep=17s  day=11.1
2025/08/21 00:22:16 iteration 56670  walltime=  1.28h  Δwalltime=0.07s  timestep=17s  day=11.1
2025/08/21 00:22:18 iteration 56697  walltime=  1.28h  Δwalltime=0.069s  timestep=17s  day=11.1
2025/08/21 00:22:20 iteration 56724  walltime=  1.28h  Δwalltime=0.069s  timestep=17s  day=11.1
2025/08/21 00:22:22 iteration 56751  walltime=  1.28h  Δwalltime=0.071s  timestep=17s  day=11.1
2025/08/21 00:22:24 iteration 56777  walltime=  1.28h  Δwalltime=0.078s  timestep=17s  day=11.1
2025/08/21 00:22:25 Percent change since last convergence check:
VOC:			0.044%
VOC pop-wtd:		0.0047%
SOA:			0.072%
SOA pop-wtd:		0.007%
PrimaryPM25:		0.025%
PrimaryPM25 pop-wtd:	0.0022%
NH3:			0.027%
NH3 pop-wtd:		0.013%
pNH4:			0.056%
pNH4 pop-wtd:		0.015%
SOx:			4.5e-05%
SOx pop-wtd:		5.6e-07%
pSO4:			0.031%
pSO4 pop-wtd:		0.0076%
NOx:			0.17%
NOx pop-wtd:		0.046%
pNO3:			0.16%
pNO3 pop-wtd:		0.067%
2025/08/21 00:22:26 iteration 56802  walltime=  1.28h  Δwalltime=0.071s  timestep=17s  day=11.1
2025/08/21 00:22:28 iteration 56829  walltime=  1.28h  Δwalltime=0.094s  timestep=17s  day=11.1
2025/08/21 00:22:30 iteration 56856  walltime=  1.29h  Δwalltime=0.068s  timestep=17s  day=11.1
2025/08/21 00:22:32 iteration 56884  walltime=  1.29h  Δwalltime=0.073s  timestep=17s  day=11.2
2025/08/21 00:22:34 iteration 56909  walltime=  1.29h  Δwalltime=0.085s  timestep=17s  day=11.2
2025/08/21 00:22:36 iteration 56936  walltime=  1.29h  Δwalltime=0.07s  timestep=17s  day=11.2
2025/08/21 00:22:38 iteration 56964  walltime=  1.29h  Δwalltime=0.076s  timestep=17s  day=11.2
2025/08/21 00:22:40 iteration 56989  walltime=  1.29h  Δwalltime=0.073s  timestep=17s  day=11.2
2025/08/21 00:22:42 iteration 57016  walltime=  1.29h  Δwalltime=0.069s  timestep=17s  day=11.2
2025/08/21 00:22:44 iteration 57044  walltime=  1.29h  Δwalltime=0.07s  timestep=17s  day=11.2
2025/08/21 00:22:46 iteration 57070  walltime=  1.29h  Δwalltime=0.07s  timestep=17s  day=11.2
2025/08/21 00:22:48 iteration 57097  walltime=  1.29h  Δwalltime=0.069s  timestep=17s  day=11.2
2025/08/21 00:22:50 iteration 57124  walltime=  1.29h  Δwalltime=0.068s  timestep=17s  day=11.2
2025/08/21 00:22:52 iteration 57151  walltime=  1.29h  Δwalltime=0.072s  timestep=17s  day=11.2
2025/08/21 00:22:54 iteration 57179  walltime=  1.29h  Δwalltime=0.075s  timestep=17s  day=11.2
2025/08/21 00:22:56 iteration 57206  walltime=  1.29h  Δwalltime=0.083s  timestep=17s  day=11.2
2025/08/21 00:22:58 iteration 57233  walltime=  1.29h  Δwalltime=0.081s  timestep=17s  day=11.2
2025/08/21 00:23:00 iteration 57259  walltime=  1.29h  Δwalltime=0.071s  timestep=17s  day=11.2
2025/08/21 00:23:02 iteration 57286  walltime=  1.29h  Δwalltime=0.075s  timestep=17s  day=11.2
2025/08/21 00:23:04 iteration 57312  walltime=  1.29h  Δwalltime=0.069s  timestep=17s  day=11.2
2025/08/21 00:23:06 iteration 57340  walltime=   1.3h  Δwalltime=0.071s  timestep=17s  day=11.2
2025/08/21 00:23:08 iteration 57367  walltime=   1.3h  Δwalltime=0.084s  timestep=17s  day=11.2
2025/08/21 00:23:10 iteration 57395  walltime=   1.3h  Δwalltime=0.068s  timestep=17s  day=11.3
2025/08/21 00:23:12 iteration 57421  walltime=   1.3h  Δwalltime=0.21s  timestep=17s  day=11.3
2025/08/21 00:23:12 Percent change since last convergence check:
VOC:			0.042%
VOC pop-wtd:		0.0045%
SOA:			0.068%
SOA pop-wtd:		0.0066%
PrimaryPM25:		0.024%
PrimaryPM25 pop-wtd:	0.0021%
NH3:			0.025%
NH3 pop-wtd:		0.012%
pNH4:			0.053%
pNH4 pop-wtd:		0.015%
SOx:			4e-05%
SOx pop-wtd:		4.8e-07%
pSO4:			0.03%
pSO4 pop-wtd:		0.0071%
NOx:			0.17%
NOx pop-wtd:		0.044%
pNO3:			0.15%
pNO3 pop-wtd:		0.064%
2025/08/21 00:23:14 iteration 57446  walltime=   1.3h  Δwalltime=0.073s  timestep=17s  day=11.3
2025/08/21 00:23:16 iteration 57473  walltime=   1.3h  Δwalltime=0.077s  timestep=17s  day=11.3
2025/08/21 00:23:18 iteration 57501  walltime=   1.3h  Δwalltime=0.069s  timestep=17s  day=11.3
2025/08/21 00:23:20 iteration 57527  walltime=   1.3h  Δwalltime=0.069s  timestep=17s  day=11.3
2025/08/21 00:23:22 iteration 57555  walltime=   1.3h  Δwalltime=0.069s  timestep=17s  day=11.3
2025/08/21 00:23:24 iteration 57583  walltime=   1.3h  Δwalltime=0.069s  timestep=17s  day=11.3
2025/08/21 00:23:26 iteration 57608  walltime=   1.3h  Δwalltime=0.083s  timestep=17s  day=11.3
2025/08/21 00:23:28 iteration 57636  walltime=   1.3h  Δwalltime=0.07s  timestep=17s  day=11.3
2025/08/21 00:23:30 iteration 57663  walltime=   1.3h  Δwalltime=0.07s  timestep=17s  day=11.3
2025/08/21 00:23:32 iteration 57689  walltime=   1.3h  Δwalltime=0.068s  timestep=17s  day=11.3
2025/08/21 00:23:34 iteration 57717  walltime=   1.3h  Δwalltime=0.068s  timestep=17s  day=11.3
2025/08/21 00:23:36 iteration 57744  walltime=   1.3h  Δwalltime=0.079s  timestep=17s  day=11.3
2025/08/21 00:23:38 iteration 57771  walltime=   1.3h  Δwalltime=0.086s  timestep=17s  day=11.3
2025/08/21 00:23:40 iteration 57798  walltime=   1.3h  Δwalltime=0.081s  timestep=17s  day=11.3
2025/08/21 00:23:42 iteration 57824  walltime=  1.31h  Δwalltime=0.08s  timestep=17s  day=11.3
2025/08/21 00:23:44 iteration 57851  walltime=  1.31h  Δwalltime=0.071s  timestep=17s  day=11.3
2025/08/21 00:23:46 iteration 57879  walltime=  1.31h  Δwalltime=0.068s  timestep=17s  day=11.4
2025/08/21 00:23:48 iteration 57906  walltime=  1.31h  Δwalltime=0.07s  timestep=17s  day=11.4
2025/08/21 00:23:50 iteration 57933  walltime=  1.31h  Δwalltime=0.07s  timestep=17s  day=11.4
2025/08/21 00:23:52 iteration 57959  walltime=  1.31h  Δwalltime=0.081s  timestep=17s  day=11.4
2025/08/21 00:23:54 iteration 57984  walltime=  1.31h  Δwalltime=0.069s  timestep=17s  day=11.4
2025/08/21 00:23:56 iteration 58011  walltime=  1.31h  Δwalltime=0.07s  timestep=17s  day=11.4
2025/08/21 00:23:58 iteration 58039  walltime=  1.31h  Δwalltime=0.07s  timestep=17s  day=11.4
2025/08/21 00:24:00 Percent change since last convergence check:
VOC:			0.039%
VOC pop-wtd:		0.0042%
SOA:			0.065%
SOA pop-wtd:		0.0063%
PrimaryPM25:		0.022%
PrimaryPM25 pop-wtd:	0.002%
NH3:			0.024%
NH3 pop-wtd:		0.012%
pNH4:			0.05%
pNH4 pop-wtd:		0.014%
SOx:			3.5e-05%
SOx pop-wtd:		4.2e-07%
pSO4:			0.028%
pSO4 pop-wtd:		0.0067%
NOx:			0.16%
NOx pop-wtd:		0.043%
pNO3:			0.14%
pNO3 pop-wtd:		0.062%
2025/08/21 00:24:00 iteration 58063  walltime=  1.31h  Δwalltime=0.087s  timestep=17s  day=11.4
2025/08/21 00:24:02 iteration 58090  walltime=  1.31h  Δwalltime=0.077s  timestep=17s  day=11.4
2025/08/21 00:24:04 iteration 58118  walltime=  1.31h  Δwalltime=0.07s  timestep=17s  day=11.4
2025/08/21 00:24:06 iteration 58144  walltime=  1.31h  Δwalltime=0.069s  timestep=17s  day=11.4
2025/08/21 00:24:08 iteration 58172  walltime=  1.31h  Δwalltime=0.07s  timestep=17s  day=11.4
2025/08/21 00:24:10 iteration 58199  walltime=  1.31h  Δwalltime=0.076s  timestep=17s  day=11.4
2025/08/21 00:24:12 iteration 58226  walltime=  1.31h  Δwalltime=0.069s  timestep=17s  day=11.4
2025/08/21 00:24:14 iteration 58253  walltime=  1.31h  Δwalltime=0.076s  timestep=17s  day=11.4
2025/08/21 00:24:16 iteration 58279  walltime=  1.31h  Δwalltime=0.094s  timestep=17s  day=11.4
2025/08/21 00:24:18 iteration 58306  walltime=  1.32h  Δwalltime=0.079s  timestep=17s  day=11.4
2025/08/21 00:24:20 iteration 58334  walltime=  1.32h  Δwalltime=0.068s  timestep=17s  day=11.4
2025/08/21 00:24:22 iteration 58361  walltime=  1.32h  Δwalltime=0.069s  timestep=17s  day=11.4
2025/08/21 00:24:24 iteration 58388  walltime=  1.32h  Δwalltime=0.068s  timestep=17s  day=11.4
2025/08/21 00:24:26 iteration 58416  walltime=  1.32h  Δwalltime=0.068s  timestep=17s  day=11.5
2025/08/21 00:24:28 iteration 58442  walltime=  1.32h  Δwalltime=0.069s  timestep=17s  day=11.5
2025/08/21 00:24:30 iteration 58469  walltime=  1.32h  Δwalltime=0.088s  timestep=17s  day=11.5
2025/08/21 00:24:32 iteration 58497  walltime=  1.32h  Δwalltime=0.07s  timestep=17s  day=11.5
2025/08/21 00:24:34 iteration 58524  walltime=  1.32h  Δwalltime=0.075s  timestep=17s  day=11.5
2025/08/21 00:24:36 iteration 58550  walltime=  1.32h  Δwalltime=0.07s  timestep=17s  day=11.5
2025/08/21 00:24:38 iteration 58578  walltime=  1.32h  Δwalltime=0.073s  timestep=17s  day=11.5
2025/08/21 00:24:40 iteration 58604  walltime=  1.32h  Δwalltime=0.082s  timestep=17s  day=11.5
2025/08/21 00:24:42 iteration 58629  walltime=  1.32h  Δwalltime=0.07s  timestep=17s  day=11.5
2025/08/21 00:24:44 iteration 58655  walltime=  1.32h  Δwalltime=0.085s  timestep=17s  day=11.5
2025/08/21 00:24:46 iteration 58682  walltime=  1.32h  Δwalltime=0.076s  timestep=17s  day=11.5
2025/08/21 00:24:47 Percent change since last convergence check:
VOC:			0.037%
VOC pop-wtd:		0.004%
SOA:			0.061%
SOA pop-wtd:		0.0059%
PrimaryPM25:		0.021%
PrimaryPM25 pop-wtd:	0.0018%
NH3:			0.022%
NH3 pop-wtd:		0.011%
pNH4:			0.048%
pNH4 pop-wtd:		0.013%
SOx:			3.1e-05%
SOx pop-wtd:		3.7e-07%
pSO4:			0.026%
pSO4 pop-wtd:		0.0062%
NOx:			0.15%
NOx pop-wtd:		0.041%
pNO3:			0.14%
pNO3 pop-wtd:		0.059%
2025/08/21 00:24:48 iteration 58708  walltime=  1.32h  Δwalltime=0.069s  timestep=17s  day=11.5
2025/08/21 00:24:50 iteration 58734  walltime=  1.32h  Δwalltime=0.084s  timestep=17s  day=11.5
2025/08/21 00:24:52 iteration 58761  walltime=  1.32h  Δwalltime=0.089s  timestep=17s  day=11.5
2025/08/21 00:24:54 iteration 58787  walltime=  1.33h  Δwalltime=0.073s  timestep=17s  day=11.5
2025/08/21 00:24:56 iteration 58814  walltime=  1.33h  Δwalltime=0.072s  timestep=17s  day=11.5
2025/08/21 00:24:58 iteration 58842  walltime=  1.33h  Δwalltime=0.076s  timestep=17s  day=11.5
2025/08/21 00:25:00 iteration 58869  walltime=  1.33h  Δwalltime=0.07s  timestep=17s  day=11.5
2025/08/21 00:25:02 iteration 58896  walltime=  1.33h  Δwalltime=0.069s  timestep=17s  day=11.5
2025/08/21 00:25:04 iteration 58924  walltime=  1.33h  Δwalltime=0.082s  timestep=17s  day=11.6
2025/08/21 00:25:06 iteration 58948  walltime=  1.33h  Δwalltime=0.07s  timestep=17s  day=11.6
2025/08/21 00:25:08 iteration 58974  walltime=  1.33h  Δwalltime=0.081s  timestep=17s  day=11.6
2025/08/21 00:25:10 iteration 59001  walltime=  1.33h  Δwalltime=0.071s  timestep=17s  day=11.6
2025/08/21 00:25:12 iteration 59028  walltime=  1.33h  Δwalltime=0.087s  timestep=17s  day=11.6
2025/08/21 00:25:14 iteration 59055  walltime=  1.33h  Δwalltime=0.071s  timestep=17s  day=11.6
2025/08/21 00:25:16 iteration 59083  walltime=  1.33h  Δwalltime=0.07s  timestep=17s  day=11.6
2025/08/21 00:25:18 iteration 59110  walltime=  1.33h  Δwalltime=0.081s  timestep=17s  day=11.6
2025/08/21 00:25:20 iteration 59137  walltime=  1.33h  Δwalltime=0.077s  timestep=17s  day=11.6
2025/08/21 00:25:22 iteration 59165  walltime=  1.33h  Δwalltime=0.07s  timestep=17s  day=11.6
2025/08/21 00:25:24 iteration 59192  walltime=  1.33h  Δwalltime=0.08s  timestep=17s  day=11.6
2025/08/21 00:25:26 iteration 59219  walltime=  1.33h  Δwalltime=0.077s  timestep=17s  day=11.6
2025/08/21 00:25:28 iteration 59247  walltime=  1.33h  Δwalltime=0.07s  timestep=17s  day=11.6
2025/08/21 00:25:30 iteration 59273  walltime=  1.34h  Δwalltime=0.074s  timestep=17s  day=11.6
2025/08/21 00:25:32 iteration 59300  walltime=  1.34h  Δwalltime=0.071s  timestep=17s  day=11.6
2025/08/21 00:25:34 iteration 59326  walltime=  1.34h  Δwalltime=0.075s  timestep=17s  day=11.6
2025/08/21 00:25:35 Percent change since last convergence check:
VOC:			0.035%
VOC pop-wtd:		0.0037%
SOA:			0.058%
SOA pop-wtd:		0.0056%
PrimaryPM25:		0.02%
PrimaryPM25 pop-wtd:	0.0017%
NH3:			0.021%
NH3 pop-wtd:		0.01%
pNH4:			0.045%
pNH4 pop-wtd:		0.012%
SOx:			2.8e-05%
SOx pop-wtd:		3.2e-07%
pSO4:			0.025%
pSO4 pop-wtd:		0.0058%
NOx:			0.15%
NOx pop-wtd:		0.04%
pNO3:			0.13%
pNO3 pop-wtd:		0.057%
2025/08/21 00:25:36 iteration 59351  walltime=  1.34h  Δwalltime=0.071s  timestep=17s  day=11.6
2025/08/21 00:25:38 iteration 59379  walltime=  1.34h  Δwalltime=0.088s  timestep=17s  day=11.6
2025/08/21 00:25:40 iteration 59405  walltime=  1.34h  Δwalltime=0.08s  timestep=17s  day=11.6
2025/08/21 00:25:42 iteration 59431  walltime=  1.34h  Δwalltime=0.081s  timestep=17s  day=11.7
2025/08/21 00:25:44 iteration 59458  walltime=  1.34h  Δwalltime=0.078s  timestep=17s  day=11.7
2025/08/21 00:25:46 iteration 59484  walltime=  1.34h  Δwalltime=0.095s  timestep=17s  day=11.7
2025/08/21 00:25:48 iteration 59511  walltime=  1.34h  Δwalltime=0.072s  timestep=17s  day=11.7
2025/08/21 00:25:50 iteration 59538  walltime=  1.34h  Δwalltime=0.07s  timestep=17s  day=11.7
2025/08/21 00:25:52 iteration 59562  walltime=  1.34h  Δwalltime=0.074s  timestep=17s  day=11.7
2025/08/21 00:25:54 iteration 59590  walltime=  1.34h  Δwalltime=0.07s  timestep=17s  day=11.7
2025/08/21 00:25:56 iteration 59616  walltime=  1.34h  Δwalltime=0.081s  timestep=17s  day=11.7
2025/08/21 00:25:58 iteration 59643  walltime=  1.34h  Δwalltime=0.069s  timestep=17s  day=11.7
2025/08/21 00:26:00 iteration 59670  walltime=  1.34h  Δwalltime=0.08s  timestep=17s  day=11.7
2025/08/21 00:26:02 iteration 59698  walltime=  1.34h  Δwalltime=0.07s  timestep=17s  day=11.7
2025/08/21 00:26:04 iteration 59723  walltime=  1.34h  Δwalltime=0.087s  timestep=17s  day=11.7
2025/08/21 00:26:06 iteration 59752  walltime=  1.35h  Δwalltime=0.07s  timestep=17s  day=11.7
2025/08/21 00:26:08 iteration 59779  walltime=  1.35h  Δwalltime=0.069s  timestep=17s  day=11.7
2025/08/21 00:26:10 iteration 59806  walltime=  1.35h  Δwalltime=0.091s  timestep=17s  day=11.7
2025/08/21 00:26:12 iteration 59833  walltime=  1.35h  Δwalltime=0.069s  timestep=17s  day=11.7
2025/08/21 00:26:14 iteration 59859  walltime=  1.35h  Δwalltime=0.081s  timestep=17s  day=11.7
2025/08/21 00:26:16 iteration 59885  walltime=  1.35h  Δwalltime=0.087s  timestep=17s  day=11.7
2025/08/21 00:26:18 iteration 59912  walltime=  1.35h  Δwalltime=0.07s  timestep=17s  day=11.7
2025/08/21 00:26:20 iteration 59939  walltime=  1.35h  Δwalltime=0.077s  timestep=17s  day=11.8
2025/08/21 00:26:22 iteration 59966  walltime=  1.35h  Δwalltime=0.088s  timestep=17s  day=11.8
2025/08/21 00:26:23 Percent change since last convergence check:
VOC:			0.033%
VOC pop-wtd:		0.0035%
SOA:			0.055%
SOA pop-wtd:		0.0053%
PrimaryPM25:		0.019%
PrimaryPM25 pop-wtd:	0.0016%
NH3:			0.02%
NH3 pop-wtd:		0.0098%
pNH4:			0.043%
pNH4 pop-wtd:		0.012%
SOx:			2.5e-05%
SOx pop-wtd:		2.8e-07%
pSO4:			0.023%
pSO4 pop-wtd:		0.0055%
NOx:			0.14%
NOx pop-wtd:		0.038%
pNO3:			0.13%
pNO3 pop-wtd:		0.055%
2025/08/21 00:26:24 iteration 59991  walltime=  1.35h  Δwalltime=0.083s  timestep=17s  day=11.8
2025/08/21 00:26:26 iteration 60017  walltime=  1.35h  Δwalltime=0.069s  timestep=17s  day=11.8
2025/08/21 00:26:28 iteration 60045  walltime=  1.35h  Δwalltime=0.072s  timestep=17s  day=11.8
2025/08/21 00:26:30 iteration 60073  walltime=  1.35h  Δwalltime=0.069s  timestep=17s  day=11.8
2025/08/21 00:26:32 iteration 60098  walltime=  1.35h  Δwalltime=0.067s  timestep=17s  day=11.8
2025/08/21 00:26:34 iteration 60125  walltime=  1.35h  Δwalltime=0.086s  timestep=17s  day=11.8
2025/08/21 00:26:36 iteration 60152  walltime=  1.35h  Δwalltime=0.068s  timestep=17s  day=11.8
2025/08/21 00:26:38 iteration 60179  walltime=  1.35h  Δwalltime=0.075s  timestep=17s  day=11.8
2025/08/21 00:26:40 iteration 60205  walltime=  1.35h  Δwalltime=0.078s  timestep=17s  day=11.8
2025/08/21 00:26:42 iteration 60233  walltime=  1.36h  Δwalltime=0.069s  timestep=17s  day=11.8
2025/08/21 00:26:44 iteration 60260  walltime=  1.36h  Δwalltime=0.069s  timestep=17s  day=11.8
2025/08/21 00:26:46 iteration 60288  walltime=  1.36h  Δwalltime=0.07s  timestep=17s  day=11.8
2025/08/21 00:26:48 iteration 60315  walltime=  1.36h  Δwalltime=0.091s  timestep=17s  day=11.8
2025/08/21 00:26:50 iteration 60341  walltime=  1.36h  Δwalltime=0.07s  timestep=17s  day=11.8
2025/08/21 00:26:52 iteration 60369  walltime=  1.36h  Δwalltime=0.071s  timestep=17s  day=11.8
2025/08/21 00:26:54 iteration 60396  walltime=  1.36h  Δwalltime=0.083s  timestep=17s  day=11.8
2025/08/21 00:26:56 iteration 60423  walltime=  1.36h  Δwalltime=0.078s  timestep=17s  day=11.8
2025/08/21 00:26:58 iteration 60450  walltime=  1.36h  Δwalltime=0.081s  timestep=17s  day=11.9
2025/08/21 00:27:00 iteration 60476  walltime=  1.36h  Δwalltime=0.073s  timestep=17s  day=11.9
2025/08/21 00:27:02 iteration 60504  walltime=  1.36h  Δwalltime=0.076s  timestep=17s  day=11.9
2025/08/21 00:27:04 iteration 60531  walltime=  1.36h  Δwalltime=0.07s  timestep=17s  day=11.9
2025/08/21 00:27:06 iteration 60558  walltime=  1.36h  Δwalltime=0.071s  timestep=17s  day=11.9
2025/08/21 00:27:08 iteration 60585  walltime=  1.36h  Δwalltime=0.07s  timestep=17s  day=11.9
2025/08/21 00:27:10 iteration 60611  walltime=  1.36h  Δwalltime=0.22s  timestep=17s  day=11.9
2025/08/21 00:27:10 Percent change since last convergence check:
VOC:			0.032%
VOC pop-wtd:		0.0033%
SOA:			0.052%
SOA pop-wtd:		0.005%
PrimaryPM25:		0.018%
PrimaryPM25 pop-wtd:	0.0015%
NH3:			0.019%
NH3 pop-wtd:		0.0093%
pNH4:			0.04%
pNH4 pop-wtd:		0.011%
SOx:			2.2e-05%
SOx pop-wtd:		2.4e-07%
pSO4:			0.022%
pSO4 pop-wtd:		0.0051%
NOx:			0.14%
NOx pop-wtd:		0.036%
pNO3:			0.12%
pNO3 pop-wtd:		0.053%
2025/08/21 00:27:12 iteration 60637  walltime=  1.36h  Δwalltime=0.068s  timestep=17s  day=11.9
2025/08/21 00:27:14 iteration 60665  walltime=  1.36h  Δwalltime=0.07s  timestep=17s  day=11.9
2025/08/21 00:27:16 iteration 60693  walltime=  1.36h  Δwalltime=0.068s  timestep=17s  day=11.9
2025/08/21 00:27:18 iteration 60719  walltime=  1.37h  Δwalltime=0.07s  timestep=17s  day=11.9
2025/08/21 00:27:20 iteration 60747  walltime=  1.37h  Δwalltime=0.076s  timestep=17s  day=11.9
2025/08/21 00:27:22 iteration 60774  walltime=  1.37h  Δwalltime=0.078s  timestep=17s  day=11.9
2025/08/21 00:27:24 iteration 60801  walltime=  1.37h  Δwalltime=0.084s  timestep=17s  day=11.9
2025/08/21 00:27:26 iteration 60828  walltime=  1.37h  Δwalltime=0.069s  timestep=17s  day=11.9
2025/08/21 00:27:28 iteration 60854  walltime=  1.37h  Δwalltime=0.082s  timestep=17s  day=11.9
2025/08/21 00:27:30 iteration 60881  walltime=  1.37h  Δwalltime=0.071s  timestep=17s  day=11.9
2025/08/21 00:27:32 iteration 60908  walltime=  1.37h  Δwalltime=0.07s  timestep=17s  day=11.9
2025/08/21 00:27:34 iteration 60935  walltime=  1.37h  Δwalltime=0.085s  timestep=17s  day=11.9
2025/08/21 00:27:36 iteration 60962  walltime=  1.37h  Δwalltime=0.07s  timestep=17s  day=12
2025/08/21 00:27:38 iteration 60990  walltime=  1.37h  Δwalltime=0.071s  timestep=17s  day=12
2025/08/21 00:27:40 iteration 61015  walltime=  1.37h  Δwalltime=0.079s  timestep=17s  day=12
2025/08/21 00:27:42 iteration 61042  walltime=  1.37h  Δwalltime=0.069s  timestep=17s  day=12
2025/08/21 00:27:44 iteration 61070  walltime=  1.37h  Δwalltime=0.081s  timestep=17s  day=12
2025/08/21 00:27:46 iteration 61096  walltime=  1.37h  Δwalltime=0.07s  timestep=17s  day=12
2025/08/21 00:27:48 iteration 61124  walltime=  1.37h  Δwalltime=0.071s  timestep=17s  day=12
2025/08/21 00:27:50 iteration 61152  walltime=  1.37h  Δwalltime=0.092s  timestep=17s  day=12
2025/08/21 00:27:52 iteration 61177  walltime=  1.37h  Δwalltime=0.12s  timestep=17s  day=12
2025/08/21 00:27:54 iteration 61204  walltime=  1.38h  Δwalltime=0.07s  timestep=17s  day=12
2025/08/21 00:27:56 iteration 61231  walltime=  1.38h  Δwalltime=0.08s  timestep=17s  day=12
2025/08/21 00:27:58 Percent change since last convergence check:
VOC:			0.03%
VOC pop-wtd:		0.0031%
SOA:			0.049%
SOA pop-wtd:		0.0047%
PrimaryPM25:		0.017%
PrimaryPM25 pop-wtd:	0.0014%
NH3:			0.018%
NH3 pop-wtd:		0.0088%
pNH4:			0.038%
pNH4 pop-wtd:		0.01%
SOx:			1.9e-05%
SOx pop-wtd:		2.1e-07%
pSO4:			0.021%
pSO4 pop-wtd:		0.0048%
NOx:			0.13%
NOx pop-wtd:		0.035%
pNO3:			0.12%
pNO3 pop-wtd:		0.051%
2025/08/21 00:27:58 iteration 61256  walltime=  1.38h  Δwalltime=0.069s  timestep=17s  day=12
2025/08/21 00:28:00 iteration 61283  walltime=  1.38h  Δwalltime=0.069s  timestep=17s  day=12
2025/08/21 00:28:02 iteration 61310  walltime=  1.38h  Δwalltime=0.069s  timestep=17s  day=12
2025/08/21 00:28:04 iteration 61337  walltime=  1.38h  Δwalltime=0.068s  timestep=17s  day=12
2025/08/21 00:28:06 iteration 61364  walltime=  1.38h  Δwalltime=0.071s  timestep=17s  day=12
2025/08/21 00:28:08 iteration 61391  walltime=  1.38h  Δwalltime=0.071s  timestep=17s  day=12
2025/08/21 00:28:10 iteration 61418  walltime=  1.38h  Δwalltime=0.085s  timestep=17s  day=12
2025/08/21 00:28:12 iteration 61443  walltime=  1.38h  Δwalltime=0.069s  timestep=17s  day=12
2025/08/21 00:28:14 iteration 61469  walltime=  1.38h  Δwalltime=0.073s  timestep=17s  day=12.1
2025/08/21 00:28:16 iteration 61497  walltime=  1.38h  Δwalltime=0.069s  timestep=17s  day=12.1
2025/08/21 00:28:18 iteration 61525  walltime=  1.38h  Δwalltime=0.074s  timestep=17s  day=12.1
2025/08/21 00:28:20 iteration 61551  walltime=  1.38h  Δwalltime=0.068s  timestep=17s  day=12.1
2025/08/21 00:28:22 iteration 61578  walltime=  1.38h  Δwalltime=0.08s  timestep=17s  day=12.1
2025/08/21 00:28:24 iteration 61606  walltime=  1.38h  Δwalltime=0.069s  timestep=17s  day=12.1
2025/08/21 00:28:26 iteration 61633  walltime=  1.38h  Δwalltime=0.071s  timestep=17s  day=12.1
2025/08/21 00:28:28 iteration 61660  walltime=  1.38h  Δwalltime=0.07s  timestep=17s  day=12.1
2025/08/21 00:28:30 iteration 61688  walltime=  1.39h  Δwalltime=0.078s  timestep=17s  day=12.1
2025/08/21 00:28:32 iteration 61715  walltime=  1.39h  Δwalltime=0.075s  timestep=17s  day=12.1
2025/08/21 00:28:34 iteration 61742  walltime=  1.39h  Δwalltime=0.068s  timestep=17s  day=12.1
2025/08/21 00:28:36 iteration 61769  walltime=  1.39h  Δwalltime=0.072s  timestep=17s  day=12.1
2025/08/21 00:28:38 iteration 61796  walltime=  1.39h  Δwalltime=0.071s  timestep=17s  day=12.1
2025/08/21 00:28:40 iteration 61824  walltime=  1.39h  Δwalltime=0.085s  timestep=17s  day=12.1
2025/08/21 00:28:42 iteration 61849  walltime=  1.39h  Δwalltime=0.07s  timestep=17s  day=12.1
2025/08/21 00:28:44 iteration 61875  walltime=  1.39h  Δwalltime=0.071s  timestep=17s  day=12.1
2025/08/21 00:28:45 Percent change since last convergence check:
VOC:			0.028%
VOC pop-wtd:		0.003%
SOA:			0.047%
SOA pop-wtd:		0.0045%
PrimaryPM25:		0.016%
PrimaryPM25 pop-wtd:	0.0013%
NH3:			0.017%
NH3 pop-wtd:		0.0083%
pNH4:			0.036%
pNH4 pop-wtd:		0.0097%
SOx:			1.7e-05%
SOx pop-wtd:		1.8e-07%
pSO4:			0.019%
pSO4 pop-wtd:		0.0045%
NOx:			0.13%
NOx pop-wtd:		0.034%
pNO3:			0.11%
pNO3 pop-wtd:		0.049%
2025/08/21 00:28:46 iteration 61900  walltime=  1.39h  Δwalltime=0.069s  timestep=17s  day=12.1
2025/08/21 00:28:48 iteration 61926  walltime=  1.39h  Δwalltime=0.068s  timestep=17s  day=12.1
2025/08/21 00:28:50 iteration 61953  walltime=  1.39h  Δwalltime=0.074s  timestep=17s  day=12.1
2025/08/21 00:28:52 iteration 61979  walltime=  1.39h  Δwalltime=0.069s  timestep=17s  day=12.2
2025/08/21 00:28:54 iteration 62006  walltime=  1.39h  Δwalltime=0.073s  timestep=17s  day=12.2
2025/08/21 00:28:56 iteration 62034  walltime=  1.39h  Δwalltime=0.075s  timestep=17s  day=12.2
2025/08/21 00:28:58 iteration 62061  walltime=  1.39h  Δwalltime=0.072s  timestep=17s  day=12.2
2025/08/21 00:29:00 iteration 62087  walltime=  1.39h  Δwalltime=0.07s  timestep=17s  day=12.2
2025/08/21 00:29:02 iteration 62115  walltime=  1.39h  Δwalltime=0.071s  timestep=17s  day=12.2
2025/08/21 00:29:04 iteration 62142  walltime=  1.39h  Δwalltime=0.074s  timestep=17s  day=12.2
2025/08/21 00:29:06 iteration 62169  walltime=   1.4h  Δwalltime=0.075s  timestep=17s  day=12.2
2025/08/21 00:29:08 iteration 62195  walltime=   1.4h  Δwalltime=0.085s  timestep=17s  day=12.2
2025/08/21 00:29:10 iteration 62221  walltime=   1.4h  Δwalltime=0.09s  timestep=17s  day=12.2
2025/08/21 00:29:12 iteration 62247  walltime=   1.4h  Δwalltime=0.07s  timestep=17s  day=12.2
2025/08/21 00:29:14 iteration 62275  walltime=   1.4h  Δwalltime=0.085s  timestep=17s  day=12.2
2025/08/21 00:29:16 iteration 62302  walltime=   1.4h  Δwalltime=0.069s  timestep=17s  day=12.2
2025/08/21 00:29:18 iteration 62330  walltime=   1.4h  Δwalltime=0.09s  timestep=17s  day=12.2
2025/08/21 00:29:20 iteration 62357  walltime=   1.4h  Δwalltime=0.073s  timestep=17s  day=12.2
2025/08/21 00:29:22 iteration 62384  walltime=   1.4h  Δwalltime=0.069s  timestep=17s  day=12.2
2025/08/21 00:29:24 iteration 62411  walltime=   1.4h  Δwalltime=0.071s  timestep=17s  day=12.2
2025/08/21 00:29:26 iteration 62438  walltime=   1.4h  Δwalltime=0.07s  timestep=17s  day=12.2
2025/08/21 00:29:28 iteration 62465  walltime=   1.4h  Δwalltime=0.075s  timestep=17s  day=12.2
2025/08/21 00:29:30 iteration 62493  walltime=   1.4h  Δwalltime=0.073s  timestep=17s  day=12.3
2025/08/21 00:29:32 iteration 62520  walltime=   1.4h  Δwalltime=0.074s  timestep=17s  day=12.3
2025/08/21 00:29:33 Percent change since last convergence check:
VOC:			0.027%
VOC pop-wtd:		0.0028%
SOA:			0.044%
SOA pop-wtd:		0.0042%
PrimaryPM25:		0.015%
PrimaryPM25 pop-wtd:	0.0013%
NH3:			0.016%
NH3 pop-wtd:		0.0078%
pNH4:			0.034%
pNH4 pop-wtd:		0.0092%
SOx:			1.5e-05%
SOx pop-wtd:		1.6e-07%
pSO4:			0.018%
pSO4 pop-wtd:		0.0043%
NOx:			0.12%
NOx pop-wtd:		0.032%
pNO3:			0.11%
pNO3 pop-wtd:		0.047%
2025/08/21 00:29:34 iteration 62545  walltime=   1.4h  Δwalltime=0.072s  timestep=17s  day=12.3
2025/08/21 00:29:36 iteration 62572  walltime=   1.4h  Δwalltime=0.069s  timestep=17s  day=12.3
2025/08/21 00:29:38 iteration 62599  walltime=   1.4h  Δwalltime=0.08s  timestep=17s  day=12.3
2025/08/21 00:29:40 iteration 62626  walltime=   1.4h  Δwalltime=0.074s  timestep=17s  day=12.3
2025/08/21 00:29:42 iteration 62652  walltime=  1.41h  Δwalltime=0.088s  timestep=17s  day=12.3
2025/08/21 00:29:44 iteration 62679  walltime=  1.41h  Δwalltime=0.077s  timestep=17s  day=12.3
2025/08/21 00:29:46 iteration 62706  walltime=  1.41h  Δwalltime=0.069s  timestep=17s  day=12.3
2025/08/21 00:29:48 iteration 62733  walltime=  1.41h  Δwalltime=0.088s  timestep=17s  day=12.3
2025/08/21 00:29:50 iteration 62759  walltime=  1.41h  Δwalltime=0.072s  timestep=17s  day=12.3
2025/08/21 00:29:52 iteration 62787  walltime=  1.41h  Δwalltime=0.068s  timestep=17s  day=12.3
2025/08/21 00:29:54 iteration 62812  walltime=  1.41h  Δwalltime=0.07s  timestep=17s  day=12.3
2025/08/21 00:29:56 iteration 62839  walltime=  1.41h  Δwalltime=0.07s  timestep=17s  day=12.3
2025/08/21 00:29:58 iteration 62866  walltime=  1.41h  Δwalltime=0.082s  timestep=17s  day=12.3
2025/08/21 00:30:00 iteration 62893  walltime=  1.41h  Δwalltime=0.07s  timestep=17s  day=12.3
2025/08/21 00:30:02 iteration 62919  walltime=  1.41h  Δwalltime=0.07s  timestep=17s  day=12.3
2025/08/21 00:30:04 iteration 62946  walltime=  1.41h  Δwalltime=0.07s  timestep=17s  day=12.3
2025/08/21 00:30:06 iteration 62973  walltime=  1.41h  Δwalltime=0.069s  timestep=17s  day=12.3
2025/08/21 00:30:08 iteration 63000  walltime=  1.41h  Δwalltime=0.074s  timestep=17s  day=12.4
2025/08/21 00:30:10 iteration 63028  walltime=  1.41h  Δwalltime=0.083s  timestep=17s  day=12.4
2025/08/21 00:30:12 iteration 63055  walltime=  1.41h  Δwalltime=0.092s  timestep=17s  day=12.4
2025/08/21 00:30:14 iteration 63082  walltime=  1.41h  Δwalltime=0.075s  timestep=17s  day=12.4
2025/08/21 00:30:16 iteration 63109  walltime=  1.41h  Δwalltime=0.071s  timestep=17s  day=12.4
2025/08/21 00:30:18 iteration 63135  walltime=  1.42h  Δwalltime=0.074s  timestep=17s  day=12.4
2025/08/21 00:30:20 iteration 63161  walltime=  1.42h  Δwalltime=0.069s  timestep=17s  day=12.4
2025/08/21 00:30:21 Percent change since last convergence check:
VOC:			0.025%
VOC pop-wtd:		0.0026%
SOA:			0.042%
SOA pop-wtd:		0.004%
PrimaryPM25:		0.014%
PrimaryPM25 pop-wtd:	0.0012%
NH3:			0.015%
NH3 pop-wtd:		0.0074%
pNH4:			0.033%
pNH4 pop-wtd:		0.0086%
SOx:			1.4e-05%
SOx pop-wtd:		1.4e-07%
pSO4:			0.017%
pSO4 pop-wtd:		0.004%
NOx:			0.12%
NOx pop-wtd:		0.031%
pNO3:			0.1%
pNO3 pop-wtd:		0.045%
2025/08/21 00:30:22 iteration 63188  walltime=  1.42h  Δwalltime=0.07s  timestep=17s  day=12.4
2025/08/21 00:30:24 iteration 63214  walltime=  1.42h  Δwalltime=0.071s  timestep=17s  day=12.4
2025/08/21 00:30:26 iteration 63241  walltime=  1.42h  Δwalltime=0.074s  timestep=17s  day=12.4
2025/08/21 00:30:28 iteration 63269  walltime=  1.42h  Δwalltime=0.08s  timestep=17s  day=12.4
2025/08/21 00:30:30 iteration 63295  walltime=  1.42h  Δwalltime=0.07s  timestep=17s  day=12.4
2025/08/21 00:30:32 iteration 63323  walltime=  1.42h  Δwalltime=0.069s  timestep=17s  day=12.4
2025/08/21 00:30:34 iteration 63350  walltime=  1.42h  Δwalltime=0.068s  timestep=17s  day=12.4
2025/08/21 00:30:36 iteration 63376  walltime=  1.42h  Δwalltime=0.067s  timestep=17s  day=12.4
2025/08/21 00:30:38 iteration 63403  walltime=  1.42h  Δwalltime=0.078s  timestep=17s  day=12.4
2025/08/21 00:30:40 iteration 63430  walltime=  1.42h  Δwalltime=0.085s  timestep=17s  day=12.4
2025/08/21 00:30:42 iteration 63456  walltime=  1.42h  Δwalltime=0.09s  timestep=17s  day=12.4
2025/08/21 00:30:44 iteration 63482  walltime=  1.42h  Δwalltime=0.073s  timestep=17s  day=12.4
2025/08/21 00:30:46 iteration 63510  walltime=  1.42h  Δwalltime=0.074s  timestep=17s  day=12.5
2025/08/21 00:30:48 iteration 63536  walltime=  1.42h  Δwalltime=0.071s  timestep=17s  day=12.5
2025/08/21 00:30:50 iteration 63562  walltime=  1.42h  Δwalltime=0.07s  timestep=17s  day=12.5
2025/08/21 00:30:52 iteration 63589  walltime=  1.42h  Δwalltime=0.088s  timestep=17s  day=12.5
2025/08/21 00:30:54 iteration 63616  walltime=  1.43h  Δwalltime=0.073s  timestep=17s  day=12.5
2025/08/21 00:30:56 iteration 63643  walltime=  1.43h  Δwalltime=0.067s  timestep=17s  day=12.5
2025/08/21 00:30:58 iteration 63670  walltime=  1.43h  Δwalltime=0.068s  timestep=17s  day=12.5
2025/08/21 00:31:00 iteration 63697  walltime=  1.43h  Δwalltime=0.079s  timestep=17s  day=12.5
2025/08/21 00:31:02 iteration 63724  walltime=  1.43h  Δwalltime=0.085s  timestep=17s  day=12.5
2025/08/21 00:31:04 iteration 63749  walltime=  1.43h  Δwalltime=0.071s  timestep=17s  day=12.5
2025/08/21 00:31:06 iteration 63777  walltime=  1.43h  Δwalltime=0.071s  timestep=17s  day=12.5
2025/08/21 00:31:08 Percent change since last convergence check:
VOC:			0.024%
VOC pop-wtd:		0.0025%
SOA:			0.04%
SOA pop-wtd:		0.0038%
PrimaryPM25:		0.013%
PrimaryPM25 pop-wtd:	0.0011%
NH3:			0.014%
NH3 pop-wtd:		0.007%
pNH4:			0.031%
pNH4 pop-wtd:		0.0082%
SOx:			1.2e-05%
SOx pop-wtd:		1.2e-07%
pSO4:			0.016%
pSO4 pop-wtd:		0.0038%
NOx:			0.11%
NOx pop-wtd:		0.03%
pNO3:			0.1%
pNO3 pop-wtd:		0.043%
2025/08/21 00:31:08 iteration 63803  walltime=  1.43h  Δwalltime=0.081s  timestep=17s  day=12.5
2025/08/21 00:31:10 iteration 63828  walltime=  1.43h  Δwalltime=0.069s  timestep=17s  day=12.5
2025/08/21 00:31:12 iteration 63856  walltime=  1.43h  Δwalltime=0.068s  timestep=17s  day=12.5
2025/08/21 00:31:14 iteration 63884  walltime=  1.43h  Δwalltime=0.092s  timestep=17s  day=12.5
2025/08/21 00:31:16 iteration 63911  walltime=  1.43h  Δwalltime=0.071s  timestep=17s  day=12.5
2025/08/21 00:31:18 iteration 63938  walltime=  1.43h  Δwalltime=0.077s  timestep=17s  day=12.5
2025/08/21 00:31:20 iteration 63965  walltime=  1.43h  Δwalltime=0.091s  timestep=17s  day=12.5
2025/08/21 00:31:22 iteration 63992  walltime=  1.43h  Δwalltime=0.069s  timestep=17s  day=12.5
2025/08/21 00:31:24 iteration 64020  walltime=  1.43h  Δwalltime=0.071s  timestep=17s  day=12.6
2025/08/21 00:31:26 iteration 64045  walltime=  1.43h  Δwalltime=0.072s  timestep=17s  day=12.6
2025/08/21 00:31:28 iteration 64073  walltime=  1.43h  Δwalltime=0.073s  timestep=17s  day=12.6
2025/08/21 00:31:30 iteration 64101  walltime=  1.44h  Δwalltime=0.089s  timestep=17s  day=12.6
2025/08/21 00:31:32 iteration 64127  walltime=  1.44h  Δwalltime=0.072s  timestep=17s  day=12.6
2025/08/21 00:31:34 iteration 64155  walltime=  1.44h  Δwalltime=0.07s  timestep=17s  day=12.6
2025/08/21 00:31:36 iteration 64181  walltime=  1.44h  Δwalltime=0.08s  timestep=17s  day=12.6
2025/08/21 00:31:38 iteration 64207  walltime=  1.44h  Δwalltime=0.071s  timestep=17s  day=12.6
2025/08/21 00:31:40 iteration 64234  walltime=  1.44h  Δwalltime=0.07s  timestep=17s  day=12.6
2025/08/21 00:31:42 iteration 64261  walltime=  1.44h  Δwalltime=0.076s  timestep=17s  day=12.6
2025/08/21 00:31:44 iteration 64287  walltime=  1.44h  Δwalltime=0.069s  timestep=17s  day=12.6
2025/08/21 00:31:46 iteration 64313  walltime=  1.44h  Δwalltime=0.076s  timestep=17s  day=12.6
2025/08/21 00:31:48 iteration 64341  walltime=  1.44h  Δwalltime=0.078s  timestep=17s  day=12.6
2025/08/21 00:31:50 iteration 64367  walltime=  1.44h  Δwalltime=0.074s  timestep=17s  day=12.6
2025/08/21 00:31:52 iteration 64395  walltime=  1.44h  Δwalltime=0.069s  timestep=17s  day=12.6
2025/08/21 00:31:54 iteration 64419  walltime=  1.44h  Δwalltime=0.092s  timestep=17s  day=12.6
2025/08/21 00:31:56 Percent change since last convergence check:
VOC:			0.023%
VOC pop-wtd:		0.0023%
SOA:			0.038%
SOA pop-wtd:		0.0036%
PrimaryPM25:		0.012%
PrimaryPM25 pop-wtd:	0.001%
NH3:			0.014%
NH3 pop-wtd:		0.0066%
pNH4:			0.029%
pNH4 pop-wtd:		0.0077%
SOx:			1.1e-05%
SOx pop-wtd:		1.1e-07%
pSO4:			0.015%
pSO4 pop-wtd:		0.0035%
NOx:			0.11%
NOx pop-wtd:		0.029%
pNO3:			0.096%
pNO3 pop-wtd:		0.041%
2025/08/21 00:31:56 iteration 64443  walltime=  1.44h  Δwalltime=0.08s  timestep=17s  day=12.6
2025/08/21 00:31:58 iteration 64470  walltime=  1.44h  Δwalltime=0.076s  timestep=17s  day=12.6
2025/08/21 00:32:00 iteration 64496  walltime=  1.44h  Δwalltime=0.072s  timestep=17s  day=12.6
2025/08/21 00:32:02 iteration 64524  walltime=  1.44h  Δwalltime=0.074s  timestep=17s  day=12.7
2025/08/21 00:32:04 iteration 64551  walltime=  1.44h  Δwalltime=0.074s  timestep=17s  day=12.7
2025/08/21 00:32:06 iteration 64578  walltime=  1.45h  Δwalltime=0.07s  timestep=17s  day=12.7
2025/08/21 00:32:08 iteration 64606  walltime=  1.45h  Δwalltime=0.069s  timestep=17s  day=12.7
2025/08/21 00:32:10 iteration 64633  walltime=  1.45h  Δwalltime=0.073s  timestep=17s  day=12.7
2025/08/21 00:32:12 iteration 64660  walltime=  1.45h  Δwalltime=0.07s  timestep=17s  day=12.7
2025/08/21 00:32:14 iteration 64687  walltime=  1.45h  Δwalltime=0.069s  timestep=17s  day=12.7
2025/08/21 00:32:16 iteration 64715  walltime=  1.45h  Δwalltime=0.069s  timestep=17s  day=12.7
2025/08/21 00:32:18 iteration 64741  walltime=  1.45h  Δwalltime=0.07s  timestep=17s  day=12.7
2025/08/21 00:32:20 iteration 64767  walltime=  1.45h  Δwalltime=0.069s  timestep=17s  day=12.7
2025/08/21 00:32:22 iteration 64795  walltime=  1.45h  Δwalltime=0.089s  timestep=17s  day=12.7
2025/08/21 00:32:24 iteration 64821  walltime=  1.45h  Δwalltime=0.09s  timestep=17s  day=12.7
2025/08/21 00:32:26 iteration 64847  walltime=  1.45h  Δwalltime=0.079s  timestep=17s  day=12.7
2025/08/21 00:32:28 iteration 64875  walltime=  1.45h  Δwalltime=0.11s  timestep=17s  day=12.7
2025/08/21 00:32:30 iteration 64902  walltime=  1.45h  Δwalltime=0.073s  timestep=17s  day=12.7
2025/08/21 00:32:32 iteration 64929  walltime=  1.45h  Δwalltime=0.073s  timestep=17s  day=12.7
2025/08/21 00:32:34 iteration 64955  walltime=  1.45h  Δwalltime=0.071s  timestep=17s  day=12.7
2025/08/21 00:32:36 iteration 64982  walltime=  1.45h  Δwalltime=0.07s  timestep=17s  day=12.7
2025/08/21 00:32:38 iteration 65009  walltime=  1.45h  Δwalltime=0.075s  timestep=17s  day=12.7
2025/08/21 00:32:40 iteration 65036  walltime=  1.45h  Δwalltime=0.072s  timestep=17s  day=12.8
2025/08/21 00:32:42 iteration 65063  walltime=  1.46h  Δwalltime=0.076s  timestep=17s  day=12.8
2025/08/21 00:32:43 Percent change since last convergence check:
VOC:			0.022%
VOC pop-wtd:		0.0022%
SOA:			0.036%
SOA pop-wtd:		0.0034%
PrimaryPM25:		0.012%
PrimaryPM25 pop-wtd:	0.00098%
NH3:			0.013%
NH3 pop-wtd:		0.0062%
pNH4:			0.028%
pNH4 pop-wtd:		0.0073%
SOx:			9.5e-06%
SOx pop-wtd:		9.3e-08%
pSO4:			0.014%
pSO4 pop-wtd:		0.0033%
NOx:			0.1%
NOx pop-wtd:		0.028%
pNO3:			0.092%
pNO3 pop-wtd:		0.04%
2025/08/21 00:32:44 iteration 65088  walltime=  1.46h  Δwalltime=0.081s  timestep=17s  day=12.8
2025/08/21 00:32:46 iteration 65114  walltime=  1.46h  Δwalltime=0.07s  timestep=17s  day=12.8
2025/08/21 00:32:48 iteration 65141  walltime=  1.46h  Δwalltime=0.069s  timestep=17s  day=12.8
2025/08/21 00:32:50 iteration 65168  walltime=  1.46h  Δwalltime=0.07s  timestep=17s  day=12.8
2025/08/21 00:32:52 iteration 65195  walltime=  1.46h  Δwalltime=0.071s  timestep=17s  day=12.8
2025/08/21 00:32:54 iteration 65223  walltime=  1.46h  Δwalltime=0.08s  timestep=17s  day=12.8
2025/08/21 00:32:56 iteration 65250  walltime=  1.46h  Δwalltime=0.082s  timestep=17s  day=12.8
2025/08/21 00:32:58 iteration 65275  walltime=  1.46h  Δwalltime=0.071s  timestep=17s  day=12.8
2025/08/21 00:33:00 iteration 65303  walltime=  1.46h  Δwalltime=0.076s  timestep=17s  day=12.8
2025/08/21 00:33:02 iteration 65329  walltime=  1.46h  Δwalltime=0.084s  timestep=17s  day=12.8
2025/08/21 00:33:04 iteration 65357  walltime=  1.46h  Δwalltime=0.079s  timestep=17s  day=12.8
2025/08/21 00:33:06 iteration 65384  walltime=  1.46h  Δwalltime=0.091s  timestep=17s  day=12.8
2025/08/21 00:33:08 iteration 65410  walltime=  1.46h  Δwalltime=0.068s  timestep=17s  day=12.8
2025/08/21 00:33:10 iteration 65438  walltime=  1.46h  Δwalltime=0.077s  timestep=17s  day=12.8
2025/08/21 00:33:12 iteration 65466  walltime=  1.46h  Δwalltime=0.07s  timestep=17s  day=12.8
2025/08/21 00:33:14 iteration 65492  walltime=  1.46h  Δwalltime=0.067s  timestep=17s  day=12.8
2025/08/21 00:33:16 iteration 65519  walltime=  1.46h  Δwalltime=0.071s  timestep=17s  day=12.8
2025/08/21 00:33:18 iteration 65546  walltime=  1.47h  Δwalltime=0.083s  timestep=17s  day=12.9
2025/08/21 00:33:20 iteration 65572  walltime=  1.47h  Δwalltime=0.069s  timestep=17s  day=12.9
2025/08/21 00:33:22 iteration 65599  walltime=  1.47h  Δwalltime=0.07s  timestep=17s  day=12.9
2025/08/21 00:33:24 iteration 65626  walltime=  1.47h  Δwalltime=0.072s  timestep=17s  day=12.9
2025/08/21 00:33:26 iteration 65651  walltime=  1.47h  Δwalltime=0.07s  timestep=17s  day=12.9
2025/08/21 00:33:28 iteration 65679  walltime=  1.47h  Δwalltime=0.069s  timestep=17s  day=12.9
2025/08/21 00:33:30 iteration 65706  walltime=  1.47h  Δwalltime=0.084s  timestep=17s  day=12.9
2025/08/21 00:33:31 Percent change since last convergence check:
VOC:			0.02%
VOC pop-wtd:		0.0021%
SOA:			0.034%
SOA pop-wtd:		0.0032%
PrimaryPM25:		0.011%
PrimaryPM25 pop-wtd:	0.00092%
NH3:			0.012%
NH3 pop-wtd:		0.0059%
pNH4:			0.026%
pNH4 pop-wtd:		0.0069%
SOx:			8.4e-06%
SOx pop-wtd:		8.1e-08%
pSO4:			0.014%
pSO4 pop-wtd:		0.0031%
NOx:			0.1%
NOx pop-wtd:		0.027%
pNO3:			0.089%
pNO3 pop-wtd:		0.038%
2025/08/21 00:33:32 iteration 65731  walltime=  1.47h  Δwalltime=0.071s  timestep=17s  day=12.9
2025/08/21 00:33:34 iteration 65759  walltime=  1.47h  Δwalltime=0.09s  timestep=17s  day=12.9
2025/08/21 00:33:36 iteration 65785  walltime=  1.47h  Δwalltime=0.085s  timestep=17s  day=12.9
2025/08/21 00:33:38 iteration 65812  walltime=  1.47h  Δwalltime=0.07s  timestep=17s  day=12.9
2025/08/21 00:33:40 iteration 65839  walltime=  1.47h  Δwalltime=0.074s  timestep=17s  day=12.9
2025/08/21 00:33:42 iteration 65866  walltime=  1.47h  Δwalltime=0.078s  timestep=17s  day=12.9
2025/08/21 00:33:44 iteration 65892  walltime=  1.47h  Δwalltime=0.069s  timestep=17s  day=12.9
2025/08/21 00:33:46 iteration 65919  walltime=  1.47h  Δwalltime=0.074s  timestep=17s  day=12.9
2025/08/21 00:33:48 iteration 65945  walltime=  1.47h  Δwalltime=0.07s  timestep=17s  day=12.9
2025/08/21 00:33:50 iteration 65972  walltime=  1.47h  Δwalltime=0.069s  timestep=17s  day=12.9
2025/08/21 00:33:52 iteration 66000  walltime=  1.47h  Δwalltime=0.07s  timestep=17s  day=12.9
2025/08/21 00:33:54 iteration 66024  walltime=  1.48h  Δwalltime=0.069s  timestep=17s  day=12.9
2025/08/21 00:33:56 iteration 66052  walltime=  1.48h  Δwalltime=0.087s  timestep=17s  day=13
2025/08/21 00:33:58 iteration 66080  walltime=  1.48h  Δwalltime=0.079s  timestep=17s  day=13
2025/08/21 00:34:00 iteration 66106  walltime=  1.48h  Δwalltime=0.069s  timestep=17s  day=13
2025/08/21 00:34:02 iteration 66133  walltime=  1.48h  Δwalltime=0.072s  timestep=17s  day=13
2025/08/21 00:34:04 iteration 66160  walltime=  1.48h  Δwalltime=0.091s  timestep=17s  day=13
2025/08/21 00:34:06 iteration 66187  walltime=  1.48h  Δwalltime=0.085s  timestep=17s  day=13
2025/08/21 00:34:08 iteration 66214  walltime=  1.48h  Δwalltime=0.079s  timestep=17s  day=13
2025/08/21 00:34:10 iteration 66240  walltime=  1.48h  Δwalltime=0.078s  timestep=17s  day=13
2025/08/21 00:34:12 iteration 66267  walltime=  1.48h  Δwalltime=0.069s  timestep=17s  day=13
2025/08/21 00:34:14 iteration 66295  walltime=  1.48h  Δwalltime=0.07s  timestep=17s  day=13
2025/08/21 00:34:16 iteration 66322  walltime=  1.48h  Δwalltime=0.069s  timestep=17s  day=13
2025/08/21 00:34:18 iteration 66349  walltime=  1.48h  Δwalltime=0.069s  timestep=17s  day=13
2025/08/21 00:34:19 Percent change since last convergence check:
VOC:			0.019%
VOC pop-wtd:		0.002%
SOA:			0.032%
SOA pop-wtd:		0.003%
PrimaryPM25:		0.01%
PrimaryPM25 pop-wtd:	0.00087%
NH3:			0.012%
NH3 pop-wtd:		0.0056%
pNH4:			0.025%
pNH4 pop-wtd:		0.0065%
SOx:			7.5e-06%
SOx pop-wtd:		7.1e-08%
pSO4:			0.013%
pSO4 pop-wtd:		0.0029%
NOx:			0.096%
NOx pop-wtd:		0.026%
pNO3:			0.085%
pNO3 pop-wtd:		0.037%
2025/08/21 00:34:21 Elapsed time: 1.520336 hours
=== Finished run: current_easyhard_FoodAgr ===
=== Starting run: current_easyhard_FoodAgr_base ===
2025/08/21 00:34:22 Parsing output variable expressions...
2025/08/21 00:34:22 Loading emissions shapefile: /Users/yunhalee/Documents/LOCAETA/RCM/INMAP/evaldata_v1.6.1/2020_nei_emissions/airports_1.shp.
2025/08/21 00:34:22 Loading emissions shapefile: /Users/yunhalee/Documents/LOCAETA/RCM/INMAP/evaldata_v1.6.1/2020_nei_emissions/ptagfire_1.shp.
2025/08/21 00:34:23 Loading emissions shapefile: /Users/yunhalee/Documents/LOCAETA/RCM/INMAP/evaldata_v1.6.1/2020_nei_emissions/rwc_1.shp.
2025/08/21 00:34:33 Loading emissions shapefile: /Users/yunhalee/Documents/LOCAETA/RCM/INMAP/evaldata_v1.6.1/2020_nei_emissions/nonpt_1.shp.
2025/08/21 00:35:15 Loading emissions shapefile: /Users/yunhalee/Documents/LOCAETA/RCM/INMAP/evaldata_v1.6.1/2020_nei_emissions/cmv_c3_1.shp.
2025/08/21 00:35:16 Loading emissions shapefile: /Users/yunhalee/Documents/LOCAETA/RCM/INMAP/evaldata_v1.6.1/2020_nei_emissions/np_oilgas_1.shp.
2025/08/21 00:35:22 Loading emissions shapefile: /Users/yunhalee/Documents/LOCAETA/RCM/INMAP/evaldata_v1.6.1/2020_nei_emissions/ptfire-wild_1.shp.
2025/08/21 00:35:22 Loading emissions shapefile: /Users/yunhalee/Documents/LOCAETA/RCM/INMAP/evaldata_v1.6.1/2020_nei_emissions/ptfire-rx_1.shp.
2025/08/21 00:35:26 Loading emissions shapefile: /Users/yunhalee/Documents/LOCAETA/RCM/INMAP/evaldata_v1.6.1/2020_nei_emissions/cmv_c1c2_1.shp.
2025/08/21 00:35:26 Loading emissions shapefile: /Users/yunhalee/Documents/LOCAETA/Electrification/Food&Agr/current_easyhard_FoodAgr_base.shp.
2025/08/21 00:35:26 Loading emissions shapefile: /Users/yunhalee/Documents/LOCAETA/Electrification/Food&Agr/current_easyhard_FoodAgr_pp_base.shp.
2025/08/21 00:35:27 Loading emissions shapefile: /Users/yunhalee/Documents/LOCAETA/Electrification/Food&Agr/current_easyhard_FoodAgr_rest_NEI.shp.
2025/08/21 00:35:34 Loading emissions shapefile: /Users/yunhalee/Documents/LOCAETA/RCM/INMAP/evaldata_v1.6.1/2020_nei_emissions/livestock_1.shp.
2025/08/21 00:35:39 Loading emissions shapefile: /Users/yunhalee/Documents/LOCAETA/RCM/INMAP/evaldata_v1.6.1/2020_nei_emissions/np_solvents_1.shp.
2025/08/21 00:35:58 Loading emissions shapefile: /Users/yunhalee/Documents/LOCAETA/RCM/INMAP/evaldata_v1.6.1/2020_nei_emissions/fertilizer_1.shp.
2025/08/21 00:35:58 Loading emissions shapefile: /Users/yunhalee/Documents/LOCAETA/RCM/INMAP/evaldata_v1.6.1/2020_nei_emissions/2020ha2_cb6_20k_afdust_adj_12US1_annual.shp.
2025/08/21 00:35:59 Loading emissions shapefile: /Users/yunhalee/Documents/LOCAETA/RCM/INMAP/evaldata_v1.6.1/2020_nei_emissions/nonroad_1.shp.
2025/08/21 00:36:00 Loading emissions shapefile: /Users/yunhalee/Documents/LOCAETA/RCM/INMAP/evaldata_v1.6.1/2020_nei_emissions/nonroad_2.shp.
2025/08/21 00:36:33 Loading emissions shapefile: /Users/yunhalee/Documents/LOCAETA/RCM/INMAP/evaldata_v1.6.1/2020_nei_emissions/2020ha_cb6_20k_rail_12US1_annual.shp.
2025/08/21 00:36:33 Loading emissions shapefile: /Users/yunhalee/Documents/LOCAETA/RCM/INMAP/evaldata_v1.6.1/2020_nei_emissions/2020ha2_cb6_20k_onroad_ca_adj_diesel_12US1_annual.shp.
2025/08/21 00:36:33 Loading emissions shapefile: /Users/yunhalee/Documents/LOCAETA/RCM/INMAP/evaldata_v1.6.1/2020_nei_emissions/2020ha2_cb6_20k_onroad_ca_adj_gas_12US1_annual.shp.
2025/08/21 00:36:33 Loading emissions shapefile: /Users/yunhalee/Documents/LOCAETA/RCM/INMAP/evaldata_v1.6.1/2020_nei_emissions/2020ha2_cb6_20k_onroad_diesel_12US1_annual.shp.
2025/08/21 00:36:34 Loading emissions shapefile: /Users/yunhalee/Documents/LOCAETA/RCM/INMAP/evaldata_v1.6.1/2020_nei_emissions/2020ha2_cb6_20k_onroad_gas_12US1_annual.shp.
2025/08/21 00:36:34 Initializing model...
2025/08/21 00:42:46 Emission totals:
2025/08/21 00:42:46 gOrg, 5.148119384593668e+11 μg/s
2025/08/21 00:42:46 pOrg, 0 μg/s
2025/08/21 00:42:46 PM2_5, 1.371493867908057e+11 μg/s
2025/08/21 00:42:46 gNH, 1.2903965116180032e+11 μg/s
2025/08/21 00:42:46 pNH, 0 μg/s
2025/08/21 00:42:46 gS, 3.3795983359988087e+10 μg/s
2025/08/21 00:42:46 pS, 0 μg/s
2025/08/21 00:42:46 gNO, 9.893142019741452e+10 μg/s
2025/08/21 00:42:46 pNO, 0 μg/s
2025/08/21 00:42:46 iteration 1     walltime= 0.103h  Δwalltime=3.7e+02s  timestep=17s  day=0.000196
2025/08/21 00:42:48 iteration 21    walltime= 0.104h  Δwalltime=0.074s  timestep=17s  day=0.00412
2025/08/21 00:42:50 iteration 48    walltime= 0.104h  Δwalltime=0.07s  timestep=17s  day=0.00941
2025/08/21 00:42:52 iteration 74    walltime= 0.105h  Δwalltime=0.069s  timestep=17s  day=0.0145
2025/08/21 00:42:54 iteration 102   walltime= 0.105h  Δwalltime=0.07s  timestep=17s  day=0.02
2025/08/21 00:42:56 iteration 130   walltime= 0.106h  Δwalltime=0.069s  timestep=17s  day=0.0255
2025/08/21 00:42:58 iteration 156   walltime= 0.106h  Δwalltime=0.069s  timestep=17s  day=0.0306
2025/08/21 00:43:00 iteration 184   walltime= 0.107h  Δwalltime=0.076s  timestep=17s  day=0.0361
2025/08/21 00:43:02 iteration 211   walltime= 0.108h  Δwalltime=0.086s  timestep=17s  day=0.0414
2025/08/21 00:43:04 iteration 237   walltime= 0.108h  Δwalltime=0.069s  timestep=17s  day=0.0465
2025/08/21 00:43:06 iteration 264   walltime= 0.109h  Δwalltime=0.069s  timestep=17s  day=0.0518
2025/08/21 00:43:08 iteration 291   walltime= 0.109h  Δwalltime=0.092s  timestep=17s  day=0.0571
2025/08/21 00:43:10 iteration 318   walltime=  0.11h  Δwalltime=0.069s  timestep=17s  day=0.0624
2025/08/21 00:43:12 iteration 346   walltime=  0.11h  Δwalltime=0.07s  timestep=17s  day=0.0679
2025/08/21 00:43:14 iteration 373   walltime= 0.111h  Δwalltime=0.083s  timestep=17s  day=0.0731
2025/08/21 00:43:16 iteration 400   walltime= 0.111h  Δwalltime=0.069s  timestep=17s  day=0.0784
2025/08/21 00:43:18 iteration 429   walltime= 0.112h  Δwalltime=0.073s  timestep=17s  day=0.0841
2025/08/21 00:43:20 iteration 455   walltime= 0.113h  Δwalltime=0.078s  timestep=17s  day=0.0892
2025/08/21 00:43:22 iteration 482   walltime= 0.113h  Δwalltime=0.078s  timestep=17s  day=0.0945
2025/08/21 00:43:24 iteration 509   walltime= 0.114h  Δwalltime=0.073s  timestep=17s  day=0.0998
2025/08/21 00:43:26 iteration 535   walltime= 0.114h  Δwalltime=0.07s  timestep=17s  day=0.105
2025/08/21 00:43:28 iteration 562   walltime= 0.115h  Δwalltime=0.084s  timestep=17s  day=0.11
2025/08/21 00:43:30 iteration 589   walltime= 0.115h  Δwalltime=0.076s  timestep=17s  day=0.116
2025/08/21 00:43:32 iteration 616   walltime= 0.116h  Δwalltime=0.071s  timestep=17s  day=0.121
2025/08/21 00:43:34 Percent change since last convergence check:
VOC:			+Inf%
VOC pop-wtd:		+Inf%
SOA:			+Inf%
SOA pop-wtd:		+Inf%
PrimaryPM25:		+Inf%
PrimaryPM25 pop-wtd:	+Inf%
NH3:			+Inf%
NH3 pop-wtd:		+Inf%
pNH4:			+Inf%
pNH4 pop-wtd:		+Inf%
SOx:			+Inf%
SOx pop-wtd:		+Inf%
pSO4:			+Inf%
pSO4 pop-wtd:		+Inf%
NOx:			+Inf%
NOx pop-wtd:		+Inf%
pNO3:			+Inf%
pNO3 pop-wtd:		+Inf%
2025/08/21 00:43:34 iteration 641   walltime= 0.116h  Δwalltime=0.079s  timestep=17s  day=0.126
2025/08/21 00:43:36 iteration 668   walltime= 0.117h  Δwalltime=0.088s  timestep=17s  day=0.131
2025/08/21 00:43:38 iteration 695   walltime= 0.118h  Δwalltime=0.07s  timestep=17s  day=0.136
2025/08/21 00:43:40 iteration 723   walltime= 0.118h  Δwalltime=0.073s  timestep=17s  day=0.142
2025/08/21 00:43:42 iteration 750   walltime= 0.119h  Δwalltime=0.081s  timestep=17s  day=0.147
2025/08/21 00:43:44 iteration 776   walltime= 0.119h  Δwalltime=0.069s  timestep=17s  day=0.152
2025/08/21 00:43:46 iteration 803   walltime=  0.12h  Δwalltime=0.069s  timestep=17s  day=0.157
2025/08/21 00:43:48 iteration 830   walltime=  0.12h  Δwalltime=0.071s  timestep=17s  day=0.163
2025/08/21 00:43:50 iteration 857   walltime= 0.121h  Δwalltime=0.07s  timestep=17s  day=0.168
2025/08/21 00:43:52 iteration 885   walltime= 0.121h  Δwalltime=0.08s  timestep=17s  day=0.174
2025/08/21 00:43:54 iteration 911   walltime= 0.122h  Δwalltime=0.069s  timestep=17s  day=0.179
2025/08/21 00:43:56 iteration 939   walltime= 0.123h  Δwalltime=0.074s  timestep=17s  day=0.184
2025/08/21 00:43:58 iteration 967   walltime= 0.123h  Δwalltime=0.073s  timestep=17s  day=0.19
2025/08/21 00:44:00 iteration 993   walltime= 0.124h  Δwalltime=0.068s  timestep=17s  day=0.195
2025/08/21 00:44:02 iteration 1021  walltime= 0.124h  Δwalltime=0.077s  timestep=17s  day=0.2
2025/08/21 00:44:04 iteration 1048  walltime= 0.125h  Δwalltime=0.077s  timestep=17s  day=0.206
2025/08/21 00:44:06 iteration 1074  walltime= 0.125h  Δwalltime=0.068s  timestep=17s  day=0.211
2025/08/21 00:44:08 iteration 1101  walltime= 0.126h  Δwalltime=0.071s  timestep=17s  day=0.216
2025/08/21 00:44:10 iteration 1129  walltime= 0.126h  Δwalltime=0.078s  timestep=17s  day=0.221
2025/08/21 00:44:12 iteration 1155  walltime= 0.127h  Δwalltime=0.07s  timestep=17s  day=0.226
2025/08/21 00:44:14 iteration 1182  walltime= 0.128h  Δwalltime=0.079s  timestep=17s  day=0.232
2025/08/21 00:44:16 iteration 1208  walltime= 0.128h  Δwalltime=0.091s  timestep=17s  day=0.237
2025/08/21 00:44:18 iteration 1234  walltime= 0.129h  Δwalltime=0.076s  timestep=17s  day=0.242
2025/08/21 00:44:20 iteration 1260  walltime= 0.129h  Δwalltime=0.071s  timestep=17s  day=0.247
2025/08/21 00:44:21 Percent change since last convergence check:
VOC:			83%
VOC pop-wtd:		19%
SOA:			99%
SOA pop-wtd:		21%
PrimaryPM25:		84%
PrimaryPM25 pop-wtd:	21%
NH3:			83%
NH3 pop-wtd:		33%
pNH4:			1e+02%
pNH4 pop-wtd:		31%
SOx:			72%
SOx pop-wtd:		31%
pSO4:			2.6e+02%
pSO4 pop-wtd:		1.7e+02%
NOx:			95%
NOx pop-wtd:		24%
pNO3:			1.1e+02%
pNO3 pop-wtd:		28%
2025/08/21 00:44:22 iteration 1285  walltime=  0.13h  Δwalltime=0.068s  timestep=17s  day=0.252
2025/08/21 00:44:24 iteration 1313  walltime=  0.13h  Δwalltime=0.07s  timestep=17s  day=0.257
2025/08/21 00:44:26 iteration 1341  walltime= 0.131h  Δwalltime=0.082s  timestep=17s  day=0.263
2025/08/21 00:44:28 iteration 1367  walltime= 0.131h  Δwalltime=0.092s  timestep=17s  day=0.268
2025/08/21 00:44:30 iteration 1394  walltime= 0.132h  Δwalltime=0.076s  timestep=17s  day=0.273
2025/08/21 00:44:32 iteration 1422  walltime= 0.133h  Δwalltime=0.069s  timestep=17s  day=0.279
2025/08/21 00:44:34 iteration 1448  walltime= 0.133h  Δwalltime=0.069s  timestep=17s  day=0.284
2025/08/21 00:44:36 iteration 1475  walltime= 0.134h  Δwalltime=0.082s  timestep=17s  day=0.289
2025/08/21 00:44:38 iteration 1503  walltime= 0.134h  Δwalltime=0.077s  timestep=17s  day=0.295
2025/08/21 00:44:40 iteration 1529  walltime= 0.135h  Δwalltime=0.072s  timestep=17s  day=0.3
2025/08/21 00:44:42 iteration 1557  walltime= 0.135h  Δwalltime=0.068s  timestep=17s  day=0.305
2025/08/21 00:44:44 iteration 1585  walltime= 0.136h  Δwalltime=0.076s  timestep=17s  day=0.311
2025/08/21 00:44:46 iteration 1612  walltime= 0.136h  Δwalltime=0.071s  timestep=17s  day=0.316
2025/08/21 00:44:48 iteration 1638  walltime= 0.137h  Δwalltime=0.069s  timestep=17s  day=0.321
2025/08/21 00:44:50 iteration 1664  walltime= 0.138h  Δwalltime=0.083s  timestep=17s  day=0.326
2025/08/21 00:44:52 iteration 1691  walltime= 0.138h  Δwalltime=0.071s  timestep=17s  day=0.332
2025/08/21 00:44:54 iteration 1718  walltime= 0.139h  Δwalltime=0.08s  timestep=17s  day=0.337
2025/08/21 00:44:56 iteration 1743  walltime= 0.139h  Δwalltime=0.084s  timestep=17s  day=0.342
2025/08/21 00:44:58 iteration 1770  walltime=  0.14h  Δwalltime=0.082s  timestep=17s  day=0.347
2025/08/21 00:45:00 iteration 1798  walltime=  0.14h  Δwalltime=0.071s  timestep=17s  day=0.353
2025/08/21 00:45:02 iteration 1824  walltime= 0.141h  Δwalltime=0.069s  timestep=17s  day=0.358
2025/08/21 00:45:04 iteration 1851  walltime= 0.141h  Δwalltime=0.071s  timestep=17s  day=0.363
2025/08/21 00:45:06 iteration 1874  walltime= 0.142h  Δwalltime=0.069s  timestep=17s  day=0.367
2025/08/21 00:45:08 iteration 1900  walltime= 0.143h  Δwalltime=0.07s  timestep=17s  day=0.373
2025/08/21 00:45:09 Percent change since last convergence check:
VOC:			40%
VOC pop-wtd:		8%
SOA:			48%
SOA pop-wtd:		9.9%
PrimaryPM25:		40%
PrimaryPM25 pop-wtd:	9%
NH3:			40%
NH3 pop-wtd:		17%
pNH4:			49%
pNH4 pop-wtd:		17%
SOx:			31%
SOx pop-wtd:		12%
pSO4:			99%
pSO4 pop-wtd:		63%
NOx:			47%
NOx pop-wtd:		11%
pNO3:			55%
pNO3 pop-wtd:		14%
2025/08/21 00:45:10 iteration 1927  walltime= 0.143h  Δwalltime=0.071s  timestep=17s  day=0.378
2025/08/21 00:45:12 iteration 1954  walltime= 0.144h  Δwalltime=0.069s  timestep=17s  day=0.383
2025/08/21 00:45:14 iteration 1980  walltime= 0.144h  Δwalltime=0.069s  timestep=17s  day=0.388
2025/08/21 00:45:16 iteration 2007  walltime= 0.145h  Δwalltime=0.079s  timestep=17s  day=0.394
2025/08/21 00:45:18 iteration 2034  walltime= 0.145h  Δwalltime=0.08s  timestep=17s  day=0.399
2025/08/21 00:45:20 iteration 2059  walltime= 0.146h  Δwalltime=0.074s  timestep=17s  day=0.404
2025/08/21 00:45:22 iteration 2086  walltime= 0.146h  Δwalltime=0.071s  timestep=17s  day=0.409
2025/08/21 00:45:24 iteration 2113  walltime= 0.147h  Δwalltime=0.08s  timestep=17s  day=0.414
2025/08/21 00:45:26 iteration 2141  walltime= 0.148h  Δwalltime=0.07s  timestep=17s  day=0.42
2025/08/21 00:45:28 iteration 2168  walltime= 0.148h  Δwalltime=0.071s  timestep=17s  day=0.425
2025/08/21 00:45:30 iteration 2194  walltime= 0.149h  Δwalltime=0.07s  timestep=17s  day=0.43
2025/08/21 00:45:32 iteration 2221  walltime= 0.149h  Δwalltime=0.08s  timestep=17s  day=0.436
2025/08/21 00:45:34 iteration 2248  walltime=  0.15h  Δwalltime=0.088s  timestep=17s  day=0.441
2025/08/21 00:45:36 iteration 2274  walltime=  0.15h  Δwalltime=0.069s  timestep=17s  day=0.446
2025/08/21 00:45:38 iteration 2302  walltime= 0.151h  Δwalltime=0.079s  timestep=17s  day=0.451
2025/08/21 00:45:40 iteration 2329  walltime= 0.151h  Δwalltime=0.069s  timestep=17s  day=0.457
2025/08/21 00:45:42 iteration 2356  walltime= 0.152h  Δwalltime=0.07s  timestep=17s  day=0.462
2025/08/21 00:45:44 iteration 2383  walltime= 0.153h  Δwalltime=0.07s  timestep=17s  day=0.467
2025/08/21 00:45:46 iteration 2410  walltime= 0.153h  Δwalltime=0.075s  timestep=17s  day=0.473
2025/08/21 00:45:48 iteration 2436  walltime= 0.154h  Δwalltime=0.068s  timestep=17s  day=0.478
2025/08/21 00:45:50 iteration 2463  walltime= 0.154h  Δwalltime=0.083s  timestep=17s  day=0.483
2025/08/21 00:45:52 iteration 2490  walltime= 0.155h  Δwalltime=0.088s  timestep=17s  day=0.488
2025/08/21 00:45:54 iteration 2517  walltime= 0.155h  Δwalltime=0.077s  timestep=17s  day=0.494
2025/08/21 00:45:56 iteration 2543  walltime= 0.156h  Δwalltime=0.078s  timestep=17s  day=0.499
2025/08/21 00:45:57 Percent change since last convergence check:
VOC:			26%
VOC pop-wtd:		4.6%
SOA:			32%
SOA pop-wtd:		6.1%
PrimaryPM25:		26%
PrimaryPM25 pop-wtd:	5.3%
NH3:			26%
NH3 pop-wtd:		11%
pNH4:			32%
pNH4 pop-wtd:		11%
SOx:			18%
SOx pop-wtd:		6.3%
pSO4:			57%
pSO4 pop-wtd:		37%
NOx:			31%
NOx pop-wtd:		6.7%
pNO3:			36%
pNO3 pop-wtd:		9.5%
2025/08/21 00:45:58 iteration 2567  walltime= 0.156h  Δwalltime=0.085s  timestep=17s  day=0.503
2025/08/21 00:46:00 iteration 2593  walltime= 0.157h  Δwalltime=0.088s  timestep=17s  day=0.508
2025/08/21 00:46:02 iteration 2621  walltime= 0.158h  Δwalltime=0.069s  timestep=17s  day=0.514
2025/08/21 00:46:04 iteration 2647  walltime= 0.158h  Δwalltime=0.07s  timestep=17s  day=0.519
2025/08/21 00:46:06 iteration 2673  walltime= 0.159h  Δwalltime=0.084s  timestep=17s  day=0.524
2025/08/21 00:46:08 iteration 2700  walltime= 0.159h  Δwalltime=0.081s  timestep=17s  day=0.529
2025/08/21 00:46:10 iteration 2726  walltime=  0.16h  Δwalltime=0.07s  timestep=17s  day=0.535
2025/08/21 00:46:12 iteration 2754  walltime=  0.16h  Δwalltime=0.071s  timestep=17s  day=0.54
2025/08/21 00:46:14 iteration 2781  walltime= 0.161h  Δwalltime=0.068s  timestep=17s  day=0.545
2025/08/21 00:46:16 iteration 2807  walltime= 0.161h  Δwalltime=0.07s  timestep=17s  day=0.55
2025/08/21 00:46:18 iteration 2834  walltime= 0.162h  Δwalltime=0.076s  timestep=17s  day=0.556
2025/08/21 00:46:20 iteration 2862  walltime= 0.163h  Δwalltime=0.069s  timestep=17s  day=0.561
2025/08/21 00:46:22 iteration 2889  walltime= 0.163h  Δwalltime=0.078s  timestep=17s  day=0.567
2025/08/21 00:46:24 iteration 2916  walltime= 0.164h  Δwalltime=0.076s  timestep=17s  day=0.572
2025/08/21 00:46:26 iteration 2942  walltime= 0.164h  Δwalltime=0.076s  timestep=17s  day=0.577
2025/08/21 00:46:28 iteration 2968  walltime= 0.165h  Δwalltime=0.069s  timestep=17s  day=0.582
2025/08/21 00:46:30 iteration 2996  walltime= 0.165h  Δwalltime=0.07s  timestep=17s  day=0.588
2025/08/21 00:46:32 iteration 3023  walltime= 0.166h  Δwalltime=0.089s  timestep=17s  day=0.593
2025/08/21 00:46:34 iteration 3050  walltime= 0.166h  Δwalltime=0.075s  timestep=17s  day=0.598
2025/08/21 00:46:36 iteration 3078  walltime= 0.167h  Δwalltime=0.087s  timestep=17s  day=0.604
2025/08/21 00:46:38 iteration 3104  walltime= 0.168h  Δwalltime=0.069s  timestep=17s  day=0.609
2025/08/21 00:46:40 iteration 3132  walltime= 0.168h  Δwalltime=0.069s  timestep=17s  day=0.614
2025/08/21 00:46:42 iteration 3159  walltime= 0.169h  Δwalltime=0.072s  timestep=17s  day=0.619
2025/08/21 00:46:44 iteration 3186  walltime= 0.169h  Δwalltime=0.082s  timestep=17s  day=0.625
2025/08/21 00:46:44 Percent change since last convergence check:
VOC:			19%
VOC pop-wtd:		3.1%
SOA:			23%
SOA pop-wtd:		4.2%
PrimaryPM25:		19%
PrimaryPM25 pop-wtd:	3.6%
NH3:			18%
NH3 pop-wtd:		8.2%
pNH4:			24%
pNH4 pop-wtd:		8.3%
SOx:			12%
SOx pop-wtd:		3.9%
pSO4:			38%
pSO4 pop-wtd:		25%
NOx:			23%
NOx pop-wtd:		4.8%
pNO3:			26%
pNO3 pop-wtd:		7.1%
2025/08/21 00:46:46 iteration 3211  walltime=  0.17h  Δwalltime=0.074s  timestep=17s  day=0.63
2025/08/21 00:46:48 iteration 3237  walltime=  0.17h  Δwalltime=0.07s  timestep=17s  day=0.635
2025/08/21 00:46:50 iteration 3264  walltime= 0.171h  Δwalltime=0.069s  timestep=17s  day=0.64
2025/08/21 00:46:52 iteration 3291  walltime= 0.171h  Δwalltime=0.076s  timestep=17s  day=0.645
2025/08/21 00:46:54 iteration 3318  walltime= 0.172h  Δwalltime=0.076s  timestep=17s  day=0.651
2025/08/21 00:46:56 iteration 3344  walltime= 0.173h  Δwalltime=0.07s  timestep=17s  day=0.656
2025/08/21 00:46:58 iteration 3372  walltime= 0.173h  Δwalltime=0.075s  timestep=17s  day=0.661
2025/08/21 00:47:00 iteration 3399  walltime= 0.174h  Δwalltime=0.074s  timestep=17s  day=0.667
2025/08/21 00:47:02 iteration 3426  walltime= 0.174h  Δwalltime=0.074s  timestep=17s  day=0.672
2025/08/21 00:47:04 iteration 3454  walltime= 0.175h  Δwalltime=0.069s  timestep=17s  day=0.677
2025/08/21 00:47:06 iteration 3480  walltime= 0.175h  Δwalltime=0.092s  timestep=17s  day=0.682
2025/08/21 00:47:08 iteration 3507  walltime= 0.176h  Δwalltime=0.07s  timestep=17s  day=0.688
2025/08/21 00:47:10 iteration 3534  walltime= 0.176h  Δwalltime=0.069s  timestep=17s  day=0.693
2025/08/21 00:47:12 iteration 3560  walltime= 0.177h  Δwalltime=0.069s  timestep=17s  day=0.698
2025/08/21 00:47:14 iteration 3587  walltime= 0.178h  Δwalltime=0.087s  timestep=17s  day=0.703
2025/08/21 00:47:16 iteration 3615  walltime= 0.178h  Δwalltime=0.072s  timestep=17s  day=0.709
2025/08/21 00:47:18 iteration 3642  walltime= 0.179h  Δwalltime=0.069s  timestep=17s  day=0.714
2025/08/21 00:47:20 iteration 3669  walltime= 0.179h  Δwalltime=0.069s  timestep=17s  day=0.719
2025/08/21 00:47:22 iteration 3697  walltime=  0.18h  Δwalltime=0.07s  timestep=17s  day=0.725
2025/08/21 00:47:24 iteration 3723  walltime=  0.18h  Δwalltime=0.071s  timestep=17s  day=0.73
2025/08/21 00:47:26 iteration 3751  walltime= 0.181h  Δwalltime=0.069s  timestep=17s  day=0.736
2025/08/21 00:47:28 iteration 3778  walltime= 0.181h  Δwalltime=0.077s  timestep=17s  day=0.741
2025/08/21 00:47:30 iteration 3804  walltime= 0.182h  Δwalltime=0.075s  timestep=17s  day=0.746
2025/08/21 00:47:32 iteration 3829  walltime= 0.183h  Δwalltime=0.21s  timestep=17s  day=0.751
2025/08/21 00:47:32 Percent change since last convergence check:
VOC:			15%
VOC pop-wtd:		2.3%
SOA:			18%
SOA pop-wtd:		3.2%
PrimaryPM25:		14%
PrimaryPM25 pop-wtd:	2.6%
NH3:			14%
NH3 pop-wtd:		6.4%
pNH4:			18%
pNH4 pop-wtd:		6.5%
SOx:			8.1%
SOx pop-wtd:		2.6%
pSO4:			28%
pSO4 pop-wtd:		18%
NOx:			18%
NOx pop-wtd:		3.8%
pNO3:			21%
pNO3 pop-wtd:		5.7%
2025/08/21 00:47:34 iteration 3855  walltime= 0.183h  Δwalltime=0.092s  timestep=17s  day=0.756
2025/08/21 00:47:36 iteration 3881  walltime= 0.184h  Δwalltime=0.074s  timestep=17s  day=0.761
2025/08/21 00:47:38 iteration 3909  walltime= 0.184h  Δwalltime=0.074s  timestep=17s  day=0.767
2025/08/21 00:47:40 iteration 3935  walltime= 0.185h  Δwalltime=0.089s  timestep=17s  day=0.772
2025/08/21 00:47:42 iteration 3961  walltime= 0.185h  Δwalltime=0.072s  timestep=17s  day=0.777
2025/08/21 00:47:44 iteration 3988  walltime= 0.186h  Δwalltime=0.074s  timestep=17s  day=0.782
2025/08/21 00:47:46 iteration 4014  walltime= 0.186h  Δwalltime=0.094s  timestep=17s  day=0.787
2025/08/21 00:47:48 iteration 4042  walltime= 0.187h  Δwalltime=0.08s  timestep=17s  day=0.793
2025/08/21 00:47:50 iteration 4069  walltime= 0.188h  Δwalltime=0.071s  timestep=17s  day=0.798
2025/08/21 00:47:52 iteration 4095  walltime= 0.188h  Δwalltime=0.089s  timestep=17s  day=0.803
2025/08/21 00:47:54 iteration 4123  walltime= 0.189h  Δwalltime=0.068s  timestep=17s  day=0.809
2025/08/21 00:47:56 iteration 4150  walltime= 0.189h  Δwalltime=0.069s  timestep=17s  day=0.814
2025/08/21 00:47:58 iteration 4178  walltime=  0.19h  Δwalltime=0.075s  timestep=17s  day=0.819
2025/08/21 00:48:00 iteration 4205  walltime=  0.19h  Δwalltime=0.069s  timestep=17s  day=0.825
2025/08/21 00:48:02 iteration 4232  walltime= 0.191h  Δwalltime=0.073s  timestep=17s  day=0.83
2025/08/21 00:48:04 iteration 4258  walltime= 0.191h  Δwalltime=0.078s  timestep=17s  day=0.835
2025/08/21 00:48:06 iteration 4285  walltime= 0.192h  Δwalltime=0.069s  timestep=17s  day=0.84
2025/08/21 00:48:08 iteration 4312  walltime= 0.193h  Δwalltime=0.081s  timestep=17s  day=0.846
2025/08/21 00:48:10 iteration 4339  walltime= 0.193h  Δwalltime=0.078s  timestep=17s  day=0.851
2025/08/21 00:48:12 iteration 4366  walltime= 0.194h  Δwalltime=0.072s  timestep=17s  day=0.856
2025/08/21 00:48:14 iteration 4393  walltime= 0.194h  Δwalltime=0.078s  timestep=17s  day=0.861
2025/08/21 00:48:16 iteration 4420  walltime= 0.195h  Δwalltime=0.071s  timestep=17s  day=0.867
2025/08/21 00:48:18 iteration 4447  walltime= 0.195h  Δwalltime=0.072s  timestep=17s  day=0.872
2025/08/21 00:48:19 Percent change since last convergence check:
VOC:			12%
VOC pop-wtd:		1.8%
SOA:			15%
SOA pop-wtd:		2.5%
PrimaryPM25:		12%
PrimaryPM25 pop-wtd:	2%
NH3:			11%
NH3 pop-wtd:		5.2%
pNH4:			15%
pNH4 pop-wtd:		5.2%
SOx:			5.9%
SOx pop-wtd:		1.8%
pSO4:			22%
pSO4 pop-wtd:		14%
NOx:			15%
NOx pop-wtd:		3.1%
pNO3:			17%
pNO3 pop-wtd:		4.7%
2025/08/21 00:48:20 iteration 4472  walltime= 0.196h  Δwalltime=0.069s  timestep=17s  day=0.877
2025/08/21 00:48:22 iteration 4498  walltime= 0.196h  Δwalltime=0.084s  timestep=17s  day=0.882
2025/08/21 00:48:24 iteration 4525  walltime= 0.197h  Δwalltime=0.068s  timestep=17s  day=0.887
2025/08/21 00:48:26 iteration 4551  walltime= 0.198h  Δwalltime=0.074s  timestep=17s  day=0.892
2025/08/21 00:48:28 iteration 4578  walltime= 0.198h  Δwalltime=0.084s  timestep=17s  day=0.898
2025/08/21 00:48:30 iteration 4605  walltime= 0.199h  Δwalltime=0.075s  timestep=17s  day=0.903
2025/08/21 00:48:32 iteration 4631  walltime= 0.199h  Δwalltime=0.089s  timestep=17s  day=0.908
2025/08/21 00:48:34 iteration 4659  walltime=   0.2h  Δwalltime=0.078s  timestep=17s  day=0.914
2025/08/21 00:48:36 iteration 4686  walltime=   0.2h  Δwalltime=0.08s  timestep=17s  day=0.919
2025/08/21 00:48:38 iteration 4712  walltime= 0.201h  Δwalltime=0.071s  timestep=17s  day=0.924
2025/08/21 00:48:40 iteration 4740  walltime= 0.201h  Δwalltime=0.071s  timestep=17s  day=0.93
2025/08/21 00:48:42 iteration 4766  walltime= 0.202h  Δwalltime=0.086s  timestep=17s  day=0.935
2025/08/21 00:48:44 iteration 4793  walltime= 0.203h  Δwalltime=0.069s  timestep=17s  day=0.94
2025/08/21 00:48:46 iteration 4821  walltime= 0.203h  Δwalltime=0.068s  timestep=17s  day=0.945
2025/08/21 00:48:48 iteration 4845  walltime= 0.204h  Δwalltime=0.088s  timestep=17s  day=0.95
2025/08/21 00:48:50 iteration 4873  walltime= 0.204h  Δwalltime=0.07s  timestep=17s  day=0.956
2025/08/21 00:48:52 iteration 4900  walltime= 0.205h  Δwalltime=0.075s  timestep=17s  day=0.961
2025/08/21 00:48:54 iteration 4926  walltime= 0.205h  Δwalltime=0.068s  timestep=17s  day=0.966
2025/08/21 00:48:56 iteration 4953  walltime= 0.206h  Δwalltime=0.086s  timestep=17s  day=0.971
2025/08/21 00:48:58 iteration 4980  walltime= 0.206h  Δwalltime=0.068s  timestep=17s  day=0.977
2025/08/21 00:49:00 iteration 5006  walltime= 0.207h  Δwalltime=0.077s  timestep=17s  day=0.982
2025/08/21 00:49:02 iteration 5034  walltime= 0.208h  Δwalltime=0.09s  timestep=17s  day=0.987
2025/08/21 00:49:04 iteration 5060  walltime= 0.208h  Δwalltime=0.07s  timestep=17s  day=0.992
2025/08/21 00:49:06 iteration 5087  walltime= 0.209h  Δwalltime=0.084s  timestep=17s  day=0.998
2025/08/21 00:49:07 Percent change since last convergence check:
VOC:			9.8%
VOC pop-wtd:		1.5%
SOA:			12%
SOA pop-wtd:		2.1%
PrimaryPM25:		9.6%
PrimaryPM25 pop-wtd:	1.6%
NH3:			9.4%
NH3 pop-wtd:		4.3%
pNH4:			13%
pNH4 pop-wtd:		4.3%
SOx:			4.5%
SOx pop-wtd:		1.2%
pSO4:			18%
pSO4 pop-wtd:		11%
NOx:			13%
NOx pop-wtd:		2.7%
pNO3:			14%
pNO3 pop-wtd:		4%
2025/08/21 00:49:08 iteration 5111  walltime= 0.209h  Δwalltime=0.069s  timestep=17s  day=1
2025/08/21 00:49:10 iteration 5139  walltime=  0.21h  Δwalltime=0.078s  timestep=17s  day=1.01
2025/08/21 00:49:12 iteration 5166  walltime=  0.21h  Δwalltime=0.069s  timestep=17s  day=1.01
2025/08/21 00:49:14 iteration 5193  walltime= 0.211h  Δwalltime=0.068s  timestep=17s  day=1.02
2025/08/21 00:49:16 iteration 5219  walltime= 0.211h  Δwalltime=0.092s  timestep=17s  day=1.02
2025/08/21 00:49:18 iteration 5245  walltime= 0.212h  Δwalltime=0.069s  timestep=17s  day=1.03
2025/08/21 00:49:20 iteration 5274  walltime= 0.213h  Δwalltime=0.069s  timestep=17s  day=1.03
2025/08/21 00:49:22 iteration 5299  walltime= 0.213h  Δwalltime=0.069s  timestep=17s  day=1.04
2025/08/21 00:49:24 iteration 5327  walltime= 0.214h  Δwalltime=0.074s  timestep=17s  day=1.04
2025/08/21 00:49:26 iteration 5354  walltime= 0.214h  Δwalltime=0.07s  timestep=17s  day=1.05
2025/08/21 00:49:28 iteration 5380  walltime= 0.215h  Δwalltime=0.077s  timestep=17s  day=1.06
2025/08/21 00:49:30 iteration 5407  walltime= 0.215h  Δwalltime=0.083s  timestep=17s  day=1.06
2025/08/21 00:49:32 iteration 5433  walltime= 0.216h  Δwalltime=0.079s  timestep=17s  day=1.07
2025/08/21 00:49:34 iteration 5459  walltime= 0.216h  Δwalltime=0.082s  timestep=17s  day=1.07
2025/08/21 00:49:36 iteration 5486  walltime= 0.217h  Δwalltime=0.069s  timestep=17s  day=1.08
2025/08/21 00:49:38 iteration 5513  walltime= 0.218h  Δwalltime=0.069s  timestep=17s  day=1.08
2025/08/21 00:49:40 iteration 5539  walltime= 0.218h  Δwalltime=0.069s  timestep=17s  day=1.09
2025/08/21 00:49:42 iteration 5565  walltime= 0.219h  Δwalltime=0.07s  timestep=17s  day=1.09
2025/08/21 00:49:44 iteration 5592  walltime= 0.219h  Δwalltime=0.075s  timestep=17s  day=1.1
2025/08/21 00:49:46 iteration 5619  walltime=  0.22h  Δwalltime=0.078s  timestep=17s  day=1.1
2025/08/21 00:49:48 iteration 5646  walltime=  0.22h  Δwalltime=0.07s  timestep=17s  day=1.11
2025/08/21 00:49:50 iteration 5672  walltime= 0.221h  Δwalltime=0.08s  timestep=17s  day=1.11
2025/08/21 00:49:52 iteration 5699  walltime= 0.221h  Δwalltime=0.077s  timestep=17s  day=1.12
2025/08/21 00:49:54 iteration 5726  walltime= 0.222h  Δwalltime=0.07s  timestep=17s  day=1.12
2025/08/21 00:49:55 Percent change since last convergence check:
VOC:			8.3%
VOC pop-wtd:		1.2%
SOA:			11%
SOA pop-wtd:		1.7%
PrimaryPM25:		8.1%
PrimaryPM25 pop-wtd:	1.3%
NH3:			8%
NH3 pop-wtd:		3.6%
pNH4:			11%
pNH4 pop-wtd:		3.7%
SOx:			3.4%
SOx pop-wtd:		0.9%
pSO4:			14%
pSO4 pop-wtd:		9.3%
NOx:			11%
NOx pop-wtd:		2.3%
pNO3:			12%
pNO3 pop-wtd:		3.5%
2025/08/21 00:49:56 iteration 5752  walltime= 0.223h  Δwalltime=0.076s  timestep=17s  day=1.13
2025/08/21 00:49:58 iteration 5779  walltime= 0.223h  Δwalltime=0.07s  timestep=17s  day=1.13
2025/08/21 00:50:00 iteration 5805  walltime= 0.224h  Δwalltime=0.076s  timestep=17s  day=1.14
2025/08/21 00:50:02 iteration 5831  walltime= 0.224h  Δwalltime=0.068s  timestep=17s  day=1.14
2025/08/21 00:50:04 iteration 5858  walltime= 0.225h  Δwalltime=0.069s  timestep=17s  day=1.15
2025/08/21 00:50:06 iteration 5884  walltime= 0.225h  Δwalltime=0.073s  timestep=17s  day=1.15
2025/08/21 00:50:08 iteration 5910  walltime= 0.226h  Δwalltime=0.07s  timestep=17s  day=1.16
2025/08/21 00:50:10 iteration 5937  walltime= 0.226h  Δwalltime=0.077s  timestep=17s  day=1.16
2025/08/21 00:50:12 iteration 5964  walltime= 0.227h  Δwalltime=0.081s  timestep=17s  day=1.17
2025/08/21 00:50:14 iteration 5990  walltime= 0.228h  Δwalltime=0.069s  timestep=17s  day=1.17
2025/08/21 00:50:16 iteration 6018  walltime= 0.228h  Δwalltime=0.071s  timestep=17s  day=1.18
2025/08/21 00:50:18 iteration 6045  walltime= 0.229h  Δwalltime=0.096s  timestep=17s  day=1.19
2025/08/21 00:50:20 iteration 6071  walltime= 0.229h  Δwalltime=0.069s  timestep=17s  day=1.19
2025/08/21 00:50:22 iteration 6099  walltime=  0.23h  Δwalltime=0.07s  timestep=17s  day=1.2
2025/08/21 00:50:24 iteration 6125  walltime=  0.23h  Δwalltime=0.069s  timestep=17s  day=1.2
2025/08/21 00:50:26 iteration 6153  walltime= 0.231h  Δwalltime=0.068s  timestep=17s  day=1.21
2025/08/21 00:50:28 iteration 6182  walltime= 0.231h  Δwalltime=0.069s  timestep=17s  day=1.21
2025/08/21 00:50:30 iteration 6208  walltime= 0.232h  Δwalltime=0.084s  timestep=17s  day=1.22
2025/08/21 00:50:32 iteration 6235  walltime= 0.233h  Δwalltime=0.069s  timestep=17s  day=1.22
2025/08/21 00:50:34 iteration 6262  walltime= 0.233h  Δwalltime=0.068s  timestep=17s  day=1.23
2025/08/21 00:50:36 iteration 6288  walltime= 0.234h  Δwalltime=0.07s  timestep=17s  day=1.23
2025/08/21 00:50:38 iteration 6315  walltime= 0.234h  Δwalltime=0.069s  timestep=17s  day=1.24
2025/08/21 00:50:40 iteration 6343  walltime= 0.235h  Δwalltime=0.068s  timestep=17s  day=1.24
2025/08/21 00:50:42 iteration 6369  walltime= 0.235h  Δwalltime=0.074s  timestep=17s  day=1.25
2025/08/21 00:50:43 Percent change since last convergence check:
VOC:			7.2%
VOC pop-wtd:		1%
SOA:			9.3%
SOA pop-wtd:		1.5%
PrimaryPM25:		6.9%
PrimaryPM25 pop-wtd:	1.1%
NH3:			6.8%
NH3 pop-wtd:		3.1%
pNH4:			9.4%
pNH4 pop-wtd:		3.2%
SOx:			2.7%
SOx pop-wtd:		0.66%
pSO4:			12%
pSO4 pop-wtd:		7.7%
NOx:			9.5%
NOx pop-wtd:		2.1%
pNO3:			11%
pNO3 pop-wtd:		3.1%
2025/08/21 00:50:44 iteration 6393  walltime= 0.236h  Δwalltime=0.071s  timestep=17s  day=1.25
2025/08/21 00:50:46 iteration 6421  walltime= 0.236h  Δwalltime=0.076s  timestep=17s  day=1.26
2025/08/21 00:50:48 iteration 6446  walltime= 0.237h  Δwalltime=0.094s  timestep=17s  day=1.26
2025/08/21 00:50:50 iteration 6474  walltime= 0.238h  Δwalltime=0.072s  timestep=17s  day=1.27
2025/08/21 00:50:52 iteration 6501  walltime= 0.238h  Δwalltime=0.081s  timestep=17s  day=1.27
2025/08/21 00:50:54 iteration 6527  walltime= 0.239h  Δwalltime=0.07s  timestep=17s  day=1.28
2025/08/21 00:50:56 iteration 6554  walltime= 0.239h  Δwalltime=0.069s  timestep=17s  day=1.29
2025/08/21 00:50:58 iteration 6579  walltime=  0.24h  Δwalltime=0.073s  timestep=17s  day=1.29
2025/08/21 00:51:00 iteration 6606  walltime=  0.24h  Δwalltime=0.071s  timestep=17s  day=1.3
2025/08/21 00:51:02 iteration 6634  walltime= 0.241h  Δwalltime=0.068s  timestep=17s  day=1.3
2025/08/21 00:51:04 iteration 6659  walltime= 0.241h  Δwalltime=0.072s  timestep=17s  day=1.31
2025/08/21 00:51:06 iteration 6686  walltime= 0.242h  Δwalltime=0.068s  timestep=17s  day=1.31
2025/08/21 00:51:08 iteration 6713  walltime= 0.243h  Δwalltime=0.07s  timestep=17s  day=1.32
2025/08/21 00:51:10 iteration 6738  walltime= 0.243h  Δwalltime=0.079s  timestep=17s  day=1.32
2025/08/21 00:51:12 iteration 6765  walltime= 0.244h  Δwalltime=0.081s  timestep=17s  day=1.33
2025/08/21 00:51:14 iteration 6792  walltime= 0.244h  Δwalltime=0.072s  timestep=17s  day=1.33
2025/08/21 00:51:16 iteration 6819  walltime= 0.245h  Δwalltime=0.069s  timestep=17s  day=1.34
2025/08/21 00:51:18 iteration 6847  walltime= 0.245h  Δwalltime=0.069s  timestep=17s  day=1.34
2025/08/21 00:51:20 iteration 6875  walltime= 0.246h  Δwalltime=0.079s  timestep=17s  day=1.35
2025/08/21 00:51:22 iteration 6901  walltime= 0.246h  Δwalltime=0.072s  timestep=17s  day=1.35
2025/08/21 00:51:24 iteration 6928  walltime= 0.247h  Δwalltime=0.069s  timestep=17s  day=1.36
2025/08/21 00:51:26 iteration 6953  walltime= 0.248h  Δwalltime=0.081s  timestep=17s  day=1.36
2025/08/21 00:51:28 iteration 6980  walltime= 0.248h  Δwalltime=0.07s  timestep=17s  day=1.37
2025/08/21 00:51:30 iteration 7007  walltime= 0.249h  Δwalltime=0.078s  timestep=17s  day=1.37
2025/08/21 00:51:31 Percent change since last convergence check:
VOC:			6.3%
VOC pop-wtd:		0.88%
SOA:			8.2%
SOA pop-wtd:		1.2%
PrimaryPM25:		6%
PrimaryPM25 pop-wtd:	0.91%
NH3:			5.9%
NH3 pop-wtd:		2.7%
pNH4:			8.3%
pNH4 pop-wtd:		2.8%
SOx:			2.1%
SOx pop-wtd:		0.49%
pSO4:			10%
pSO4 pop-wtd:		6.4%
NOx:			8.4%
NOx pop-wtd:		1.8%
pNO3:			9.4%
pNO3 pop-wtd:		2.8%
2025/08/21 00:51:32 iteration 7032  walltime= 0.249h  Δwalltime=0.069s  timestep=17s  day=1.38
2025/08/21 00:51:34 iteration 7059  walltime=  0.25h  Δwalltime=0.069s  timestep=17s  day=1.38
2025/08/21 00:51:36 iteration 7086  walltime=  0.25h  Δwalltime=0.074s  timestep=17s  day=1.39
2025/08/21 00:51:38 iteration 7112  walltime= 0.251h  Δwalltime=0.069s  timestep=17s  day=1.39
2025/08/21 00:51:40 iteration 7139  walltime= 0.251h  Δwalltime=0.07s  timestep=17s  day=1.4
2025/08/21 00:51:42 iteration 7167  walltime= 0.252h  Δwalltime=0.084s  timestep=17s  day=1.41
2025/08/21 00:51:44 iteration 7192  walltime= 0.253h  Δwalltime=0.076s  timestep=17s  day=1.41
2025/08/21 00:51:46 iteration 7219  walltime= 0.253h  Δwalltime=0.088s  timestep=17s  day=1.42
2025/08/21 00:51:48 iteration 7247  walltime= 0.254h  Δwalltime=0.069s  timestep=17s  day=1.42
2025/08/21 00:51:50 iteration 7274  walltime= 0.254h  Δwalltime=0.069s  timestep=17s  day=1.43
2025/08/21 00:51:52 iteration 7301  walltime= 0.255h  Δwalltime=0.068s  timestep=17s  day=1.43
2025/08/21 00:51:54 iteration 7329  walltime= 0.255h  Δwalltime=0.069s  timestep=17s  day=1.44
2025/08/21 00:51:56 iteration 7355  walltime= 0.256h  Δwalltime=0.074s  timestep=17s  day=1.44
2025/08/21 00:51:58 iteration 7381  walltime= 0.256h  Δwalltime=0.07s  timestep=17s  day=1.45
2025/08/21 00:52:00 iteration 7407  walltime= 0.257h  Δwalltime=0.077s  timestep=17s  day=1.45
2025/08/21 00:52:02 iteration 7433  walltime= 0.258h  Δwalltime=0.068s  timestep=17s  day=1.46
2025/08/21 00:52:04 iteration 7460  walltime= 0.258h  Δwalltime=0.075s  timestep=17s  day=1.46
2025/08/21 00:52:06 iteration 7487  walltime= 0.259h  Δwalltime=0.07s  timestep=17s  day=1.47
2025/08/21 00:52:08 iteration 7514  walltime= 0.259h  Δwalltime=0.079s  timestep=17s  day=1.47
2025/08/21 00:52:10 iteration 7542  walltime=  0.26h  Δwalltime=0.075s  timestep=17s  day=1.48
2025/08/21 00:52:12 iteration 7568  walltime=  0.26h  Δwalltime=0.088s  timestep=17s  day=1.48
2025/08/21 00:52:14 iteration 7595  walltime= 0.261h  Δwalltime=0.082s  timestep=17s  day=1.49
2025/08/21 00:52:16 iteration 7623  walltime= 0.261h  Δwalltime=0.075s  timestep=17s  day=1.49
2025/08/21 00:52:18 iteration 7650  walltime= 0.262h  Δwalltime=0.07s  timestep=17s  day=1.5
2025/08/21 00:52:18 Percent change since last convergence check:
VOC:			5.6%
VOC pop-wtd:		0.77%
SOA:			7.3%
SOA pop-wtd:		1.1%
PrimaryPM25:		5.3%
PrimaryPM25 pop-wtd:	0.79%
NH3:			5.2%
NH3 pop-wtd:		2.4%
pNH4:			7.3%
pNH4 pop-wtd:		2.5%
SOx:			1.7%
SOx pop-wtd:		0.37%
pSO4:			9%
pSO4 pop-wtd:		5.5%
NOx:			7.5%
NOx pop-wtd:		1.7%
pNO3:			8.4%
pNO3 pop-wtd:		2.5%
2025/08/21 00:52:20 iteration 7676  walltime= 0.263h  Δwalltime=0.069s  timestep=17s  day=1.51
2025/08/21 00:52:22 iteration 7703  walltime= 0.263h  Δwalltime=0.067s  timestep=17s  day=1.51
2025/08/21 00:52:24 iteration 7730  walltime= 0.264h  Δwalltime=0.068s  timestep=17s  day=1.52
2025/08/21 00:52:26 iteration 7757  walltime= 0.264h  Δwalltime=0.07s  timestep=17s  day=1.52
2025/08/21 00:52:28 iteration 7785  walltime= 0.265h  Δwalltime=0.077s  timestep=17s  day=1.53
2025/08/21 00:52:30 iteration 7811  walltime= 0.265h  Δwalltime=0.068s  timestep=17s  day=1.53
2025/08/21 00:52:32 iteration 7838  walltime= 0.266h  Δwalltime=0.069s  timestep=17s  day=1.54
2025/08/21 00:52:34 iteration 7865  walltime= 0.266h  Δwalltime=0.087s  timestep=17s  day=1.54
2025/08/21 00:52:36 iteration 7892  walltime= 0.267h  Δwalltime=0.07s  timestep=17s  day=1.55
2025/08/21 00:52:38 iteration 7919  walltime= 0.268h  Δwalltime=0.069s  timestep=17s  day=1.55
2025/08/21 00:52:40 iteration 7944  walltime= 0.268h  Δwalltime=0.09s  timestep=17s  day=1.56
2025/08/21 00:52:42 iteration 7970  walltime= 0.269h  Δwalltime=0.07s  timestep=17s  day=1.56
2025/08/21 00:52:44 iteration 7998  walltime= 0.269h  Δwalltime=0.086s  timestep=17s  day=1.57
2025/08/21 00:52:46 iteration 8023  walltime=  0.27h  Δwalltime=0.078s  timestep=17s  day=1.57
2025/08/21 00:52:48 iteration 8051  walltime=  0.27h  Δwalltime=0.12s  timestep=17s  day=1.58
2025/08/21 00:52:50 iteration 8077  walltime= 0.271h  Δwalltime=0.07s  timestep=17s  day=1.58
2025/08/21 00:52:52 iteration 8103  walltime= 0.271h  Δwalltime=0.07s  timestep=17s  day=1.59
2025/08/21 00:52:54 iteration 8131  walltime= 0.272h  Δwalltime=0.069s  timestep=17s  day=1.59
2025/08/21 00:52:56 iteration 8158  walltime= 0.273h  Δwalltime=0.082s  timestep=17s  day=1.6
2025/08/21 00:52:58 iteration 8184  walltime= 0.273h  Δwalltime=0.069s  timestep=17s  day=1.6
2025/08/21 00:53:00 iteration 8212  walltime= 0.274h  Δwalltime=0.071s  timestep=17s  day=1.61
2025/08/21 00:53:02 iteration 8238  walltime= 0.274h  Δwalltime=0.079s  timestep=17s  day=1.62
2025/08/21 00:53:04 iteration 8264  walltime= 0.275h  Δwalltime=0.069s  timestep=17s  day=1.62
2025/08/21 00:53:06 iteration 8293  walltime= 0.275h  Δwalltime=0.069s  timestep=17s  day=1.63
2025/08/21 00:53:06 Percent change since last convergence check:
VOC:			4.9%
VOC pop-wtd:		0.67%
SOA:			6.5%
SOA pop-wtd:		0.96%
PrimaryPM25:		4.7%
PrimaryPM25 pop-wtd:	0.68%
NH3:			4.6%
NH3 pop-wtd:		2.1%
pNH4:			6.6%
pNH4 pop-wtd:		2.2%
SOx:			1.4%
SOx pop-wtd:		0.28%
pSO4:			7.8%
pSO4 pop-wtd:		4.7%
NOx:			6.8%
NOx pop-wtd:		1.5%
pNO3:			7.5%
pNO3 pop-wtd:		2.3%
2025/08/21 00:53:08 iteration 8318  walltime= 0.276h  Δwalltime=0.086s  timestep=17s  day=1.63
2025/08/21 00:53:10 iteration 8345  walltime= 0.276h  Δwalltime=0.083s  timestep=17s  day=1.64
2025/08/21 00:53:12 iteration 8373  walltime= 0.277h  Δwalltime=0.07s  timestep=17s  day=1.64
2025/08/21 00:53:14 iteration 8400  walltime= 0.278h  Δwalltime=0.085s  timestep=17s  day=1.65
2025/08/21 00:53:16 iteration 8427  walltime= 0.278h  Δwalltime=0.07s  timestep=17s  day=1.65
2025/08/21 00:53:18 iteration 8455  walltime= 0.279h  Δwalltime=0.07s  timestep=17s  day=1.66
2025/08/21 00:53:20 iteration 8481  walltime= 0.279h  Δwalltime=0.077s  timestep=17s  day=1.66
2025/08/21 00:53:22 iteration 8509  walltime=  0.28h  Δwalltime=0.069s  timestep=17s  day=1.67
2025/08/21 00:53:24 iteration 8535  walltime=  0.28h  Δwalltime=0.084s  timestep=17s  day=1.67
2025/08/21 00:53:26 iteration 8561  walltime= 0.281h  Δwalltime=0.077s  timestep=17s  day=1.68
2025/08/21 00:53:28 iteration 8589  walltime= 0.281h  Δwalltime=0.069s  timestep=17s  day=1.68
2025/08/21 00:53:30 iteration 8616  walltime= 0.282h  Δwalltime=0.08s  timestep=17s  day=1.69
2025/08/21 00:53:32 iteration 8643  walltime= 0.283h  Δwalltime=0.081s  timestep=17s  day=1.69
2025/08/21 00:53:34 iteration 8669  walltime= 0.283h  Δwalltime=0.069s  timestep=17s  day=1.7
2025/08/21 00:53:36 iteration 8696  walltime= 0.284h  Δwalltime=0.079s  timestep=17s  day=1.71
2025/08/21 00:53:38 iteration 8722  walltime= 0.284h  Δwalltime=0.075s  timestep=17s  day=1.71
2025/08/21 00:53:40 iteration 8747  walltime= 0.285h  Δwalltime=0.089s  timestep=17s  day=1.72
2025/08/21 00:53:42 iteration 8774  walltime= 0.285h  Δwalltime=0.08s  timestep=17s  day=1.72
2025/08/21 00:53:44 iteration 8800  walltime= 0.286h  Δwalltime=0.068s  timestep=17s  day=1.73
2025/08/21 00:53:46 iteration 8828  walltime= 0.286h  Δwalltime=0.07s  timestep=17s  day=1.73
2025/08/21 00:53:48 iteration 8855  walltime= 0.287h  Δwalltime=0.069s  timestep=17s  day=1.74
2025/08/21 00:53:50 iteration 8882  walltime= 0.288h  Δwalltime=0.069s  timestep=17s  day=1.74
2025/08/21 00:53:52 iteration 8911  walltime= 0.288h  Δwalltime=0.075s  timestep=17s  day=1.75
2025/08/21 00:53:54 Percent change since last convergence check:
VOC:			4.4%
VOC pop-wtd:		0.59%
SOA:			5.9%
SOA pop-wtd:		0.85%
PrimaryPM25:		4.2%
PrimaryPM25 pop-wtd:	0.6%
NH3:			4.1%
NH3 pop-wtd:		1.9%
pNH4:			5.9%
pNH4 pop-wtd:		2%
SOx:			1.1%
SOx pop-wtd:		0.21%
pSO4:			6.9%
pSO4 pop-wtd:		4%
NOx:			6.2%
NOx pop-wtd:		1.4%
pNO3:			6.8%
pNO3 pop-wtd:		2.1%
2025/08/21 00:53:54 iteration 8935  walltime= 0.289h  Δwalltime=0.083s  timestep=17s  day=1.75
2025/08/21 00:53:56 iteration 8962  walltime= 0.289h  Δwalltime=0.069s  timestep=17s  day=1.76
2025/08/21 00:53:58 iteration 8990  walltime=  0.29h  Δwalltime=0.073s  timestep=17s  day=1.76
2025/08/21 00:54:00 iteration 9016  walltime=  0.29h  Δwalltime=0.071s  timestep=17s  day=1.77
2025/08/21 00:54:02 iteration 9044  walltime= 0.291h  Δwalltime=0.073s  timestep=17s  day=1.77
2025/08/21 00:54:04 iteration 9072  walltime= 0.291h  Δwalltime=0.069s  timestep=17s  day=1.78
2025/08/21 00:54:06 iteration 9098  walltime= 0.292h  Δwalltime=0.071s  timestep=17s  day=1.78
2025/08/21 00:54:08 iteration 9127  walltime= 0.293h  Δwalltime=0.075s  timestep=17s  day=1.79
2025/08/21 00:54:10 iteration 9153  walltime= 0.293h  Δwalltime=0.079s  timestep=17s  day=1.79
2025/08/21 00:54:12 iteration 9181  walltime= 0.294h  Δwalltime=0.074s  timestep=17s  day=1.8
2025/08/21 00:54:14 iteration 9207  walltime= 0.294h  Δwalltime=0.07s  timestep=17s  day=1.81
2025/08/21 00:54:16 iteration 9234  walltime= 0.295h  Δwalltime=0.085s  timestep=17s  day=1.81
2025/08/21 00:54:18 iteration 9260  walltime= 0.295h  Δwalltime=0.071s  timestep=17s  day=1.82
2025/08/21 00:54:20 iteration 9287  walltime= 0.296h  Δwalltime=0.083s  timestep=17s  day=1.82
2025/08/21 00:54:22 iteration 9314  walltime= 0.296h  Δwalltime=0.088s  timestep=17s  day=1.83
2025/08/21 00:54:24 iteration 9341  walltime= 0.297h  Δwalltime=0.076s  timestep=17s  day=1.83
2025/08/21 00:54:26 iteration 9368  walltime= 0.298h  Δwalltime=0.084s  timestep=17s  day=1.84
2025/08/21 00:54:28 iteration 9395  walltime= 0.298h  Δwalltime=0.071s  timestep=17s  day=1.84
2025/08/21 00:54:30 iteration 9422  walltime= 0.299h  Δwalltime=0.069s  timestep=17s  day=1.85
2025/08/21 00:54:32 iteration 9449  walltime= 0.299h  Δwalltime=0.095s  timestep=17s  day=1.85
2025/08/21 00:54:34 iteration 9475  walltime=   0.3h  Δwalltime=0.07s  timestep=17s  day=1.86
2025/08/21 00:54:36 iteration 9503  walltime=   0.3h  Δwalltime=0.07s  timestep=17s  day=1.86
2025/08/21 00:54:38 iteration 9531  walltime= 0.301h  Δwalltime=0.081s  timestep=17s  day=1.87
2025/08/21 00:54:40 iteration 9558  walltime= 0.301h  Δwalltime=0.069s  timestep=17s  day=1.87
2025/08/21 00:54:41 Percent change since last convergence check:
VOC:			4%
VOC pop-wtd:		0.53%
SOA:			5.4%
SOA pop-wtd:		0.76%
PrimaryPM25:		3.7%
PrimaryPM25 pop-wtd:	0.53%
NH3:			3.7%
NH3 pop-wtd:		1.7%
pNH4:			5.4%
pNH4 pop-wtd:		1.8%
SOx:			0.92%
SOx pop-wtd:		0.16%
pSO4:			6.1%
pSO4 pop-wtd:		3.5%
NOx:			5.6%
NOx pop-wtd:		1.3%
pNO3:			6.2%
pNO3 pop-wtd:		1.9%
2025/08/21 00:54:42 iteration 9583  walltime= 0.302h  Δwalltime=0.075s  timestep=17s  day=1.88
2025/08/21 00:54:44 iteration 9610  walltime= 0.303h  Δwalltime=0.11s  timestep=17s  day=1.88
2025/08/21 00:54:46 iteration 9636  walltime= 0.303h  Δwalltime=0.074s  timestep=17s  day=1.89
2025/08/21 00:54:48 iteration 9664  walltime= 0.304h  Δwalltime=0.07s  timestep=17s  day=1.9
2025/08/21 00:54:50 iteration 9688  walltime= 0.304h  Δwalltime=0.073s  timestep=17s  day=1.9
2025/08/21 00:54:52 iteration 9715  walltime= 0.305h  Δwalltime=0.07s  timestep=17s  day=1.91
2025/08/21 00:54:54 iteration 9743  walltime= 0.305h  Δwalltime=0.083s  timestep=17s  day=1.91
2025/08/21 00:54:56 iteration 9769  walltime= 0.306h  Δwalltime=0.079s  timestep=17s  day=1.92
2025/08/21 00:54:58 iteration 9797  walltime= 0.306h  Δwalltime=0.072s  timestep=17s  day=1.92
2025/08/21 00:55:00 iteration 9825  walltime= 0.307h  Δwalltime=0.07s  timestep=17s  day=1.93
2025/08/21 00:55:02 iteration 9850  walltime= 0.308h  Δwalltime=0.068s  timestep=17s  day=1.93
2025/08/21 00:55:04 iteration 9877  walltime= 0.308h  Δwalltime=0.074s  timestep=17s  day=1.94
2025/08/21 00:55:06 iteration 9902  walltime= 0.309h  Δwalltime=0.07s  timestep=17s  day=1.94
2025/08/21 00:55:08 iteration 9928  walltime= 0.309h  Δwalltime=0.07s  timestep=17s  day=1.95
2025/08/21 00:55:10 iteration 9954  walltime=  0.31h  Δwalltime=0.069s  timestep=17s  day=1.95
2025/08/21 00:55:12 iteration 9981  walltime=  0.31h  Δwalltime=0.073s  timestep=17s  day=1.96
2025/08/21 00:55:14 iteration 10007  walltime= 0.311h  Δwalltime=0.069s  timestep=17s  day=1.96
2025/08/21 00:55:16 iteration 10034  walltime= 0.311h  Δwalltime=0.077s  timestep=17s  day=1.97
2025/08/21 00:55:18 iteration 10062  walltime= 0.312h  Δwalltime=0.087s  timestep=17s  day=1.97
2025/08/21 00:55:20 iteration 10087  walltime= 0.313h  Δwalltime=0.071s  timestep=17s  day=1.98
2025/08/21 00:55:22 iteration 10114  walltime= 0.313h  Δwalltime=0.071s  timestep=17s  day=1.98
2025/08/21 00:55:24 iteration 10139  walltime= 0.314h  Δwalltime=0.083s  timestep=17s  day=1.99
2025/08/21 00:55:26 iteration 10166  walltime= 0.314h  Δwalltime=0.07s  timestep=17s  day=1.99
2025/08/21 00:55:28 iteration 10194  walltime= 0.315h  Δwalltime=0.084s  timestep=17s  day=2
2025/08/21 00:55:29 Percent change since last convergence check:
VOC:			3.6%
VOC pop-wtd:		0.47%
SOA:			4.9%
SOA pop-wtd:		0.68%
PrimaryPM25:		3.4%
PrimaryPM25 pop-wtd:	0.47%
NH3:			3.3%
NH3 pop-wtd:		1.6%
pNH4:			4.9%
pNH4 pop-wtd:		1.7%
SOx:			0.76%
SOx pop-wtd:		0.13%
pSO4:			5.4%
pSO4 pop-wtd:		3%
NOx:			5.2%
NOx pop-wtd:		1.2%
pNO3:			5.7%
pNO3 pop-wtd:		1.8%
2025/08/21 00:55:30 iteration 10218  walltime= 0.315h  Δwalltime=0.07s  timestep=17s  day=2
2025/08/21 00:55:32 iteration 10246  walltime= 0.316h  Δwalltime=0.077s  timestep=17s  day=2.01
2025/08/21 00:55:34 iteration 10273  walltime= 0.316h  Δwalltime=0.076s  timestep=17s  day=2.01
2025/08/21 00:55:36 iteration 10299  walltime= 0.317h  Δwalltime=0.07s  timestep=17s  day=2.02
2025/08/21 00:55:38 iteration 10326  walltime= 0.318h  Δwalltime=0.077s  timestep=17s  day=2.02
2025/08/21 00:55:40 iteration 10354  walltime= 0.318h  Δwalltime=0.069s  timestep=17s  day=2.03
2025/08/21 00:55:42 iteration 10380  walltime= 0.319h  Δwalltime=0.069s  timestep=17s  day=2.04
2025/08/21 00:55:44 iteration 10408  walltime= 0.319h  Δwalltime=0.071s  timestep=17s  day=2.04
2025/08/21 00:55:46 iteration 10435  walltime=  0.32h  Δwalltime=0.082s  timestep=17s  day=2.05
2025/08/21 00:55:48 iteration 10461  walltime=  0.32h  Δwalltime=0.077s  timestep=17s  day=2.05
2025/08/21 00:55:50 iteration 10488  walltime= 0.321h  Δwalltime=0.069s  timestep=17s  day=2.06
2025/08/21 00:55:52 iteration 10515  walltime= 0.321h  Δwalltime=0.078s  timestep=17s  day=2.06
2025/08/21 00:55:54 iteration 10542  walltime= 0.322h  Δwalltime=0.068s  timestep=17s  day=2.07
2025/08/21 00:55:56 iteration 10570  walltime= 0.323h  Δwalltime=0.073s  timestep=17s  day=2.07
2025/08/21 00:55:58 iteration 10595  walltime= 0.323h  Δwalltime=0.077s  timestep=17s  day=2.08
2025/08/21 00:56:00 iteration 10623  walltime= 0.324h  Δwalltime=0.07s  timestep=17s  day=2.08
2025/08/21 00:56:02 iteration 10651  walltime= 0.324h  Δwalltime=0.068s  timestep=17s  day=2.09
2025/08/21 00:56:04 iteration 10677  walltime= 0.325h  Δwalltime=0.077s  timestep=17s  day=2.09
2025/08/21 00:56:06 iteration 10704  walltime= 0.325h  Δwalltime=0.07s  timestep=17s  day=2.1
2025/08/21 00:56:08 iteration 10731  walltime= 0.326h  Δwalltime=0.073s  timestep=17s  day=2.1
2025/08/21 00:56:10 iteration 10758  walltime= 0.326h  Δwalltime=0.08s  timestep=17s  day=2.11
2025/08/21 00:56:12 iteration 10785  walltime= 0.327h  Δwalltime=0.071s  timestep=17s  day=2.11
2025/08/21 00:56:14 iteration 10812  walltime= 0.328h  Δwalltime=0.08s  timestep=17s  day=2.12
2025/08/21 00:56:16 iteration 10838  walltime= 0.328h  Δwalltime=0.087s  timestep=17s  day=2.13
2025/08/21 00:56:17 Percent change since last convergence check:
VOC:			3.3%
VOC pop-wtd:		0.43%
SOA:			4.5%
SOA pop-wtd:		0.61%
PrimaryPM25:		3%
PrimaryPM25 pop-wtd:	0.42%
NH3:			3%
NH3 pop-wtd:		1.4%
pNH4:			4.5%
pNH4 pop-wtd:		1.5%
SOx:			0.63%
SOx pop-wtd:		0.099%
pSO4:			4.8%
pSO4 pop-wtd:		2.6%
NOx:			4.8%
NOx pop-wtd:		1.1%
pNO3:			5.2%
pNO3 pop-wtd:		1.6%
2025/08/21 00:56:18 iteration 10863  walltime= 0.329h  Δwalltime=0.084s  timestep=17s  day=2.13
2025/08/21 00:56:20 iteration 10891  walltime= 0.329h  Δwalltime=0.079s  timestep=17s  day=2.14
2025/08/21 00:56:22 iteration 10918  walltime=  0.33h  Δwalltime=0.083s  timestep=17s  day=2.14
2025/08/21 00:56:24 iteration 10944  walltime=  0.33h  Δwalltime=0.086s  timestep=17s  day=2.15
2025/08/21 00:56:26 iteration 10970  walltime= 0.331h  Δwalltime=0.082s  timestep=17s  day=2.15
2025/08/21 00:56:28 iteration 10998  walltime= 0.331h  Δwalltime=0.071s  timestep=17s  day=2.16
2025/08/21 00:56:30 iteration 11025  walltime= 0.332h  Δwalltime=0.074s  timestep=17s  day=2.16
2025/08/21 00:56:32 iteration 11052  walltime= 0.333h  Δwalltime=0.068s  timestep=17s  day=2.17
2025/08/21 00:56:34 iteration 11079  walltime= 0.333h  Δwalltime=0.085s  timestep=17s  day=2.17
2025/08/21 00:56:36 iteration 11106  walltime= 0.334h  Δwalltime=0.084s  timestep=17s  day=2.18
2025/08/21 00:56:38 iteration 11132  walltime= 0.334h  Δwalltime=0.074s  timestep=17s  day=2.18
2025/08/21 00:56:40 iteration 11159  walltime= 0.335h  Δwalltime=0.071s  timestep=17s  day=2.19
2025/08/21 00:56:42 iteration 11186  walltime= 0.335h  Δwalltime=0.07s  timestep=17s  day=2.19
2025/08/21 00:56:44 iteration 11212  walltime= 0.336h  Δwalltime=0.08s  timestep=17s  day=2.2
2025/08/21 00:56:46 iteration 11240  walltime= 0.336h  Δwalltime=0.07s  timestep=17s  day=2.2
2025/08/21 00:56:48 iteration 11268  walltime= 0.337h  Δwalltime=0.068s  timestep=17s  day=2.21
2025/08/21 00:56:50 iteration 11293  walltime= 0.338h  Δwalltime=0.07s  timestep=17s  day=2.21
2025/08/21 00:56:52 iteration 11321  walltime= 0.338h  Δwalltime=0.068s  timestep=17s  day=2.22
2025/08/21 00:56:54 iteration 11348  walltime= 0.339h  Δwalltime=0.079s  timestep=17s  day=2.23
2025/08/21 00:56:56 iteration 11374  walltime= 0.339h  Δwalltime=0.068s  timestep=17s  day=2.23
2025/08/21 00:56:58 iteration 11403  walltime=  0.34h  Δwalltime=0.07s  timestep=17s  day=2.24
2025/08/21 00:57:00 iteration 11430  walltime=  0.34h  Δwalltime=0.081s  timestep=17s  day=2.24
2025/08/21 00:57:02 iteration 11457  walltime= 0.341h  Δwalltime=0.069s  timestep=17s  day=2.25
2025/08/21 00:57:04 Percent change since last convergence check:
VOC:			3%
VOC pop-wtd:		0.39%
SOA:			4.1%
SOA pop-wtd:		0.56%
PrimaryPM25:		2.8%
PrimaryPM25 pop-wtd:	0.38%
NH3:			2.7%
NH3 pop-wtd:		1.3%
pNH4:			4.1%
pNH4 pop-wtd:		1.4%
SOx:			0.53%
SOx pop-wtd:		0.078%
pSO4:			4.3%
pSO4 pop-wtd:		2.3%
NOx:			4.4%
NOx pop-wtd:		1%
pNO3:			4.8%
pNO3 pop-wtd:		1.5%
2025/08/21 00:57:04 iteration 11485  walltime= 0.342h  Δwalltime=0.22s  timestep=17s  day=2.25
2025/08/21 00:57:06 iteration 11508  walltime= 0.342h  Δwalltime=0.069s  timestep=17s  day=2.26
2025/08/21 00:57:08 iteration 11536  walltime= 0.343h  Δwalltime=0.072s  timestep=17s  day=2.26
2025/08/21 00:57:10 iteration 11563  walltime= 0.343h  Δwalltime=0.074s  timestep=17s  day=2.27
2025/08/21 00:57:12 iteration 11589  walltime= 0.344h  Δwalltime=0.07s  timestep=17s  day=2.27
2025/08/21 00:57:14 iteration 11616  walltime= 0.344h  Δwalltime=0.073s  timestep=17s  day=2.28
2025/08/21 00:57:16 iteration 11643  walltime= 0.345h  Δwalltime=0.07s  timestep=17s  day=2.28
2025/08/21 00:57:18 iteration 11669  walltime= 0.345h  Δwalltime=0.068s  timestep=17s  day=2.29
2025/08/21 00:57:20 iteration 11696  walltime= 0.346h  Δwalltime=0.069s  timestep=17s  day=2.29
2025/08/21 00:57:22 iteration 11723  walltime= 0.346h  Δwalltime=0.081s  timestep=17s  day=2.3
2025/08/21 00:57:24 iteration 11750  walltime= 0.347h  Δwalltime=0.093s  timestep=17s  day=2.3
2025/08/21 00:57:26 iteration 11776  walltime= 0.348h  Δwalltime=0.084s  timestep=17s  day=2.31
2025/08/21 00:57:28 iteration 11803  walltime= 0.348h  Δwalltime=0.076s  timestep=17s  day=2.31
2025/08/21 00:57:30 iteration 11830  walltime= 0.349h  Δwalltime=0.071s  timestep=17s  day=2.32
2025/08/21 00:57:32 iteration 11857  walltime= 0.349h  Δwalltime=0.07s  timestep=17s  day=2.33
2025/08/21 00:57:34 iteration 11884  walltime=  0.35h  Δwalltime=0.077s  timestep=17s  day=2.33
2025/08/21 00:57:36 iteration 11911  walltime=  0.35h  Δwalltime=0.078s  timestep=17s  day=2.34
2025/08/21 00:57:38 iteration 11939  walltime= 0.351h  Δwalltime=0.068s  timestep=17s  day=2.34
2025/08/21 00:57:40 iteration 11965  walltime= 0.351h  Δwalltime=0.068s  timestep=17s  day=2.35
2025/08/21 00:57:42 iteration 11992  walltime= 0.352h  Δwalltime=0.069s  timestep=17s  day=2.35
2025/08/21 00:57:44 iteration 12019  walltime= 0.353h  Δwalltime=0.074s  timestep=17s  day=2.36
2025/08/21 00:57:46 iteration 12045  walltime= 0.353h  Δwalltime=0.072s  timestep=17s  day=2.36
2025/08/21 00:57:48 iteration 12073  walltime= 0.354h  Δwalltime=0.083s  timestep=17s  day=2.37
2025/08/21 00:57:50 iteration 12100  walltime= 0.354h  Δwalltime=0.07s  timestep=17s  day=2.37
2025/08/21 00:57:52 Percent change since last convergence check:
VOC:			2.8%
VOC pop-wtd:		0.35%
SOA:			3.8%
SOA pop-wtd:		0.51%
PrimaryPM25:		2.5%
PrimaryPM25 pop-wtd:	0.34%
NH3:			2.5%
NH3 pop-wtd:		1.2%
pNH4:			3.8%
pNH4 pop-wtd:		1.3%
SOx:			0.44%
SOx pop-wtd:		0.061%
pSO4:			3.9%
pSO4 pop-wtd:		2%
NOx:			4.1%
NOx pop-wtd:		0.97%
pNO3:			4.5%
pNO3 pop-wtd:		1.4%
2025/08/21 00:57:52 iteration 12125  walltime= 0.355h  Δwalltime=0.069s  timestep=17s  day=2.38
2025/08/21 00:57:54 iteration 12152  walltime= 0.355h  Δwalltime=0.072s  timestep=17s  day=2.38
2025/08/21 00:57:56 iteration 12178  walltime= 0.356h  Δwalltime=0.077s  timestep=17s  day=2.39
2025/08/21 00:57:58 iteration 12204  walltime= 0.356h  Δwalltime=0.069s  timestep=17s  day=2.39
2025/08/21 00:58:00 iteration 12231  walltime= 0.357h  Δwalltime=0.07s  timestep=17s  day=2.4
2025/08/21 00:58:02 iteration 12258  walltime= 0.358h  Δwalltime=0.078s  timestep=17s  day=2.4
2025/08/21 00:58:04 iteration 12285  walltime= 0.358h  Δwalltime=0.069s  timestep=17s  day=2.41
2025/08/21 00:58:06 iteration 12313  walltime= 0.359h  Δwalltime=0.078s  timestep=17s  day=2.41
2025/08/21 00:58:08 iteration 12338  walltime= 0.359h  Δwalltime=0.09s  timestep=17s  day=2.42
2025/08/21 00:58:10 iteration 12365  walltime=  0.36h  Δwalltime=0.075s  timestep=17s  day=2.42
2025/08/21 00:58:12 iteration 12392  walltime=  0.36h  Δwalltime=0.07s  timestep=17s  day=2.43
2025/08/21 00:58:14 iteration 12417  walltime= 0.361h  Δwalltime=0.073s  timestep=17s  day=2.43
2025/08/21 00:58:16 iteration 12444  walltime= 0.361h  Δwalltime=0.071s  timestep=17s  day=2.44
2025/08/21 00:58:18 iteration 12471  walltime= 0.362h  Δwalltime=0.07s  timestep=17s  day=2.45
2025/08/21 00:58:20 iteration 12498  walltime= 0.363h  Δwalltime=0.079s  timestep=17s  day=2.45
2025/08/21 00:58:22 iteration 12525  walltime= 0.363h  Δwalltime=0.07s  timestep=17s  day=2.46
2025/08/21 00:58:24 iteration 12553  walltime= 0.364h  Δwalltime=0.068s  timestep=17s  day=2.46
2025/08/21 00:58:26 iteration 12579  walltime= 0.364h  Δwalltime=0.069s  timestep=17s  day=2.47
2025/08/21 00:58:28 iteration 12607  walltime= 0.365h  Δwalltime=0.089s  timestep=17s  day=2.47
2025/08/21 00:58:30 iteration 12633  walltime= 0.365h  Δwalltime=0.069s  timestep=17s  day=2.48
2025/08/21 00:58:32 iteration 12660  walltime= 0.366h  Δwalltime=0.07s  timestep=17s  day=2.48
2025/08/21 00:58:34 iteration 12688  walltime= 0.366h  Δwalltime=0.07s  timestep=17s  day=2.49
2025/08/21 00:58:36 iteration 12714  walltime= 0.367h  Δwalltime=0.093s  timestep=17s  day=2.49
2025/08/21 00:58:38 iteration 12741  walltime= 0.368h  Δwalltime=0.082s  timestep=17s  day=2.5
2025/08/21 00:58:39 Percent change since last convergence check:
VOC:			2.6%
VOC pop-wtd:		0.32%
SOA:			3.5%
SOA pop-wtd:		0.46%
PrimaryPM25:		2.3%
PrimaryPM25 pop-wtd:	0.31%
NH3:			2.3%
NH3 pop-wtd:		1.1%
pNH4:			3.5%
pNH4 pop-wtd:		1.2%
SOx:			0.37%
SOx pop-wtd:		0.049%
pSO4:			3.5%
pSO4 pop-wtd:		1.8%
NOx:			3.8%
NOx pop-wtd:		0.91%
pNO3:			4.2%
pNO3 pop-wtd:		1.3%
2025/08/21 00:58:40 iteration 12766  walltime= 0.368h  Δwalltime=0.074s  timestep=17s  day=2.5
2025/08/21 00:58:42 iteration 12791  walltime= 0.369h  Δwalltime=0.081s  timestep=17s  day=2.51
2025/08/21 00:58:44 iteration 12819  walltime= 0.369h  Δwalltime=0.07s  timestep=17s  day=2.51
2025/08/21 00:58:46 iteration 12846  walltime=  0.37h  Δwalltime=0.07s  timestep=17s  day=2.52
2025/08/21 00:58:48 iteration 12872  walltime=  0.37h  Δwalltime=0.075s  timestep=17s  day=2.52
2025/08/21 00:58:50 iteration 12898  walltime= 0.371h  Δwalltime=0.071s  timestep=17s  day=2.53
2025/08/21 00:58:52 iteration 12926  walltime= 0.371h  Δwalltime=0.068s  timestep=17s  day=2.53
2025/08/21 00:58:54 iteration 12953  walltime= 0.372h  Δwalltime=0.069s  timestep=17s  day=2.54
2025/08/21 00:58:56 iteration 12980  walltime= 0.373h  Δwalltime=0.077s  timestep=17s  day=2.55
2025/08/21 00:58:58 iteration 13008  walltime= 0.373h  Δwalltime=0.07s  timestep=17s  day=2.55
2025/08/21 00:59:00 iteration 13034  walltime= 0.374h  Δwalltime=0.078s  timestep=17s  day=2.56
2025/08/21 00:59:02 iteration 13060  walltime= 0.374h  Δwalltime=0.069s  timestep=17s  day=2.56
2025/08/21 00:59:04 iteration 13087  walltime= 0.375h  Δwalltime=0.077s  timestep=17s  day=2.57
2025/08/21 00:59:06 iteration 13113  walltime= 0.375h  Δwalltime=0.09s  timestep=17s  day=2.57
2025/08/21 00:59:08 iteration 13140  walltime= 0.376h  Δwalltime=0.07s  timestep=17s  day=2.58
2025/08/21 00:59:10 iteration 13166  walltime= 0.376h  Δwalltime=0.079s  timestep=17s  day=2.58
2025/08/21 00:59:12 iteration 13193  walltime= 0.377h  Δwalltime=0.075s  timestep=17s  day=2.59
2025/08/21 00:59:14 iteration 13220  walltime= 0.378h  Δwalltime=0.075s  timestep=17s  day=2.59
2025/08/21 00:59:16 iteration 13247  walltime= 0.378h  Δwalltime=0.07s  timestep=17s  day=2.6
2025/08/21 00:59:18 iteration 13275  walltime= 0.379h  Δwalltime=0.079s  timestep=17s  day=2.6
2025/08/21 00:59:20 iteration 13302  walltime= 0.379h  Δwalltime=0.076s  timestep=17s  day=2.61
2025/08/21 00:59:22 iteration 13328  walltime=  0.38h  Δwalltime=0.071s  timestep=17s  day=2.61
2025/08/21 00:59:24 iteration 13355  walltime=  0.38h  Δwalltime=0.076s  timestep=17s  day=2.62
2025/08/21 00:59:26 iteration 13383  walltime= 0.381h  Δwalltime=0.068s  timestep=17s  day=2.62
2025/08/21 00:59:27 Percent change since last convergence check:
VOC:			2.4%
VOC pop-wtd:		0.29%
SOA:			3.3%
SOA pop-wtd:		0.42%
PrimaryPM25:		2.1%
PrimaryPM25 pop-wtd:	0.28%
NH3:			2.1%
NH3 pop-wtd:		1%
pNH4:			3.2%
pNH4 pop-wtd:		1.1%
SOx:			0.32%
SOx pop-wtd:		0.039%
pSO4:			3.2%
pSO4 pop-wtd:		1.6%
NOx:			3.6%
NOx pop-wtd:		0.85%
pNO3:			3.9%
pNO3 pop-wtd:		1.2%
2025/08/21 00:59:28 iteration 13408  walltime= 0.381h  Δwalltime=0.079s  timestep=17s  day=2.63
2025/08/21 00:59:30 iteration 13436  walltime= 0.382h  Δwalltime=0.077s  timestep=17s  day=2.63
2025/08/21 00:59:32 iteration 13462  walltime= 0.383h  Δwalltime=0.069s  timestep=17s  day=2.64
2025/08/21 00:59:34 iteration 13489  walltime= 0.383h  Δwalltime=0.069s  timestep=17s  day=2.65
2025/08/21 00:59:36 iteration 13517  walltime= 0.384h  Δwalltime=0.076s  timestep=17s  day=2.65
2025/08/21 00:59:38 iteration 13544  walltime= 0.384h  Δwalltime=0.091s  timestep=17s  day=2.66
2025/08/21 00:59:40 iteration 13570  walltime= 0.385h  Δwalltime=0.074s  timestep=17s  day=2.66
2025/08/21 00:59:42 iteration 13597  walltime= 0.385h  Δwalltime=0.072s  timestep=17s  day=2.67
2025/08/21 00:59:44 iteration 13624  walltime= 0.386h  Δwalltime=0.085s  timestep=17s  day=2.67
2025/08/21 00:59:46 iteration 13650  walltime= 0.386h  Δwalltime=0.07s  timestep=17s  day=2.68
2025/08/21 00:59:48 iteration 13677  walltime= 0.387h  Δwalltime=0.069s  timestep=17s  day=2.68
2025/08/21 00:59:50 iteration 13704  walltime= 0.388h  Δwalltime=0.074s  timestep=17s  day=2.69
2025/08/21 00:59:52 iteration 13731  walltime= 0.388h  Δwalltime=0.078s  timestep=17s  day=2.69
2025/08/21 00:59:54 iteration 13758  walltime= 0.389h  Δwalltime=0.074s  timestep=17s  day=2.7
2025/08/21 00:59:56 iteration 13784  walltime= 0.389h  Δwalltime=0.069s  timestep=17s  day=2.7
2025/08/21 00:59:58 iteration 13811  walltime=  0.39h  Δwalltime=0.075s  timestep=17s  day=2.71
2025/08/21 01:00:00 iteration 13838  walltime=  0.39h  Δwalltime=0.096s  timestep=17s  day=2.71
2025/08/21 01:00:02 iteration 13864  walltime= 0.391h  Δwalltime=0.075s  timestep=17s  day=2.72
2025/08/21 01:00:04 iteration 13891  walltime= 0.391h  Δwalltime=0.072s  timestep=17s  day=2.72
2025/08/21 01:00:06 iteration 13918  walltime= 0.392h  Δwalltime=0.073s  timestep=17s  day=2.73
2025/08/21 01:00:08 iteration 13944  walltime= 0.393h  Δwalltime=0.075s  timestep=17s  day=2.73
2025/08/21 01:00:10 iteration 13972  walltime= 0.393h  Δwalltime=0.069s  timestep=17s  day=2.74
2025/08/21 01:00:12 iteration 13999  walltime= 0.394h  Δwalltime=0.089s  timestep=17s  day=2.75
2025/08/21 01:00:14 iteration 14025  walltime= 0.394h  Δwalltime=0.084s  timestep=17s  day=2.75
2025/08/21 01:00:15 Percent change since last convergence check:
VOC:			2.2%
VOC pop-wtd:		0.27%
SOA:			3.1%
SOA pop-wtd:		0.39%
PrimaryPM25:		1.9%
PrimaryPM25 pop-wtd:	0.25%
NH3:			1.9%
NH3 pop-wtd:		0.92%
pNH4:			3%
pNH4 pop-wtd:		1%
SOx:			0.27%
SOx pop-wtd:		0.032%
pSO4:			2.9%
pSO4 pop-wtd:		1.4%
NOx:			3.3%
NOx pop-wtd:		0.8%
pNO3:			3.6%
pNO3 pop-wtd:		1.2%
2025/08/21 01:00:16 iteration 14051  walltime= 0.395h  Δwalltime=0.069s  timestep=17s  day=2.76
2025/08/21 01:00:18 iteration 14078  walltime= 0.395h  Δwalltime=0.085s  timestep=17s  day=2.76
2025/08/21 01:00:20 iteration 14105  walltime= 0.396h  Δwalltime=0.07s  timestep=17s  day=2.77
2025/08/21 01:00:22 iteration 14132  walltime= 0.396h  Δwalltime=0.071s  timestep=17s  day=2.77
2025/08/21 01:00:24 iteration 14159  walltime= 0.397h  Δwalltime=0.071s  timestep=17s  day=2.78
2025/08/21 01:00:26 iteration 14185  walltime= 0.398h  Δwalltime=0.072s  timestep=17s  day=2.78
2025/08/21 01:00:28 iteration 14213  walltime= 0.398h  Δwalltime=0.069s  timestep=17s  day=2.79
2025/08/21 01:00:30 iteration 14240  walltime= 0.399h  Δwalltime=0.075s  timestep=17s  day=2.79
2025/08/21 01:00:32 iteration 14268  walltime= 0.399h  Δwalltime=0.069s  timestep=17s  day=2.8
2025/08/21 01:00:34 iteration 14295  walltime=   0.4h  Δwalltime=0.069s  timestep=17s  day=2.8
2025/08/21 01:00:36 iteration 14321  walltime=   0.4h  Δwalltime=0.069s  timestep=17s  day=2.81
2025/08/21 01:00:38 iteration 14349  walltime= 0.401h  Δwalltime=0.069s  timestep=17s  day=2.81
2025/08/21 01:00:40 iteration 14375  walltime= 0.401h  Δwalltime=0.078s  timestep=17s  day=2.82
2025/08/21 01:00:42 iteration 14402  walltime= 0.402h  Δwalltime=0.07s  timestep=17s  day=2.82
2025/08/21 01:00:44 iteration 14430  walltime= 0.403h  Δwalltime=0.07s  timestep=17s  day=2.83
2025/08/21 01:00:46 iteration 14457  walltime= 0.403h  Δwalltime=0.076s  timestep=17s  day=2.84
2025/08/21 01:00:48 iteration 14484  walltime= 0.404h  Δwalltime=0.075s  timestep=17s  day=2.84
2025/08/21 01:00:50 iteration 14509  walltime= 0.404h  Δwalltime=0.069s  timestep=17s  day=2.85
2025/08/21 01:00:52 iteration 14537  walltime= 0.405h  Δwalltime=0.081s  timestep=17s  day=2.85
2025/08/21 01:00:54 iteration 14563  walltime= 0.405h  Δwalltime=0.069s  timestep=17s  day=2.86
2025/08/21 01:00:56 iteration 14590  walltime= 0.406h  Δwalltime=0.077s  timestep=17s  day=2.86
2025/08/21 01:00:58 iteration 14616  walltime= 0.406h  Δwalltime=0.078s  timestep=17s  day=2.87
2025/08/21 01:01:00 iteration 14644  walltime= 0.407h  Δwalltime=0.073s  timestep=17s  day=2.87
2025/08/21 01:01:02 iteration 14672  walltime= 0.408h  Δwalltime=0.072s  timestep=17s  day=2.88
2025/08/21 01:01:02 Percent change since last convergence check:
VOC:			2%
VOC pop-wtd:		0.25%
SOA:			2.9%
SOA pop-wtd:		0.36%
PrimaryPM25:		1.8%
PrimaryPM25 pop-wtd:	0.23%
NH3:			1.7%
NH3 pop-wtd:		0.85%
pNH4:			2.8%
pNH4 pop-wtd:		0.94%
SOx:			0.23%
SOx pop-wtd:		0.026%
pSO4:			2.7%
pSO4 pop-wtd:		1.3%
NOx:			3.1%
NOx pop-wtd:		0.75%
pNO3:			3.4%
pNO3 pop-wtd:		1.1%
2025/08/21 01:01:04 iteration 14696  walltime= 0.408h  Δwalltime=0.069s  timestep=17s  day=2.88
2025/08/21 01:01:06 iteration 14723  walltime= 0.409h  Δwalltime=0.07s  timestep=17s  day=2.89
2025/08/21 01:01:08 iteration 14751  walltime= 0.409h  Δwalltime=0.071s  timestep=17s  day=2.89
2025/08/21 01:01:10 iteration 14777  walltime=  0.41h  Δwalltime=0.07s  timestep=17s  day=2.9
2025/08/21 01:01:12 iteration 14804  walltime=  0.41h  Δwalltime=0.079s  timestep=17s  day=2.9
2025/08/21 01:01:14 iteration 14831  walltime= 0.411h  Δwalltime=0.077s  timestep=17s  day=2.91
2025/08/21 01:01:16 iteration 14857  walltime= 0.411h  Δwalltime=0.069s  timestep=17s  day=2.91
2025/08/21 01:01:18 iteration 14884  walltime= 0.412h  Δwalltime=0.073s  timestep=17s  day=2.92
2025/08/21 01:01:20 iteration 14911  walltime= 0.413h  Δwalltime=0.08s  timestep=17s  day=2.92
2025/08/21 01:01:22 iteration 14937  walltime= 0.413h  Δwalltime=0.07s  timestep=17s  day=2.93
2025/08/21 01:01:24 iteration 14964  walltime= 0.414h  Δwalltime=0.068s  timestep=17s  day=2.93
2025/08/21 01:01:26 iteration 14991  walltime= 0.414h  Δwalltime=0.11s  timestep=17s  day=2.94
2025/08/21 01:01:28 iteration 15018  walltime= 0.415h  Δwalltime=0.079s  timestep=17s  day=2.95
2025/08/21 01:01:30 iteration 15045  walltime= 0.415h  Δwalltime=0.084s  timestep=17s  day=2.95
2025/08/21 01:01:32 iteration 15072  walltime= 0.416h  Δwalltime=0.091s  timestep=17s  day=2.96
2025/08/21 01:01:34 iteration 15099  walltime= 0.416h  Δwalltime=0.07s  timestep=17s  day=2.96
2025/08/21 01:01:36 iteration 15126  walltime= 0.417h  Δwalltime=0.07s  timestep=17s  day=2.97
2025/08/21 01:01:38 iteration 15152  walltime= 0.418h  Δwalltime=0.073s  timestep=17s  day=2.97
2025/08/21 01:01:40 iteration 15179  walltime= 0.418h  Δwalltime=0.07s  timestep=17s  day=2.98
2025/08/21 01:01:42 iteration 15206  walltime= 0.419h  Δwalltime=0.07s  timestep=17s  day=2.98
2025/08/21 01:01:44 iteration 15233  walltime= 0.419h  Δwalltime=0.071s  timestep=17s  day=2.99
2025/08/21 01:01:46 iteration 15260  walltime=  0.42h  Δwalltime=0.071s  timestep=17s  day=2.99
2025/08/21 01:01:48 iteration 15288  walltime=  0.42h  Δwalltime=0.069s  timestep=17s  day=3
2025/08/21 01:01:50 iteration 15313  walltime= 0.421h  Δwalltime=0.21s  timestep=17s  day=3
2025/08/21 01:01:50 Percent change since last convergence check:
VOC:			1.9%
VOC pop-wtd:		0.23%
SOA:			2.7%
SOA pop-wtd:		0.33%
PrimaryPM25:		1.6%
PrimaryPM25 pop-wtd:	0.21%
NH3:			1.6%
NH3 pop-wtd:		0.79%
pNH4:			2.6%
pNH4 pop-wtd:		0.87%
SOx:			0.19%
SOx pop-wtd:		0.021%
pSO4:			2.4%
pSO4 pop-wtd:		1.1%
NOx:			3%
NOx pop-wtd:		0.71%
pNO3:			3.2%
pNO3 pop-wtd:		1%
2025/08/21 01:01:52 iteration 15339  walltime= 0.421h  Δwalltime=0.069s  timestep=17s  day=3.01
2025/08/21 01:01:54 iteration 15366  walltime= 0.422h  Δwalltime=0.077s  timestep=17s  day=3.01
2025/08/21 01:01:56 iteration 15392  walltime= 0.423h  Δwalltime=0.073s  timestep=17s  day=3.02
2025/08/21 01:01:58 iteration 15419  walltime= 0.423h  Δwalltime=0.07s  timestep=17s  day=3.02
2025/08/21 01:02:00 iteration 15447  walltime= 0.424h  Δwalltime=0.082s  timestep=17s  day=3.03
2025/08/21 01:02:02 iteration 15474  walltime= 0.424h  Δwalltime=0.069s  timestep=17s  day=3.03
2025/08/21 01:02:04 iteration 15502  walltime= 0.425h  Δwalltime=0.069s  timestep=17s  day=3.04
2025/08/21 01:02:06 iteration 15529  walltime= 0.425h  Δwalltime=0.07s  timestep=17s  day=3.05
2025/08/21 01:02:08 iteration 15556  walltime= 0.426h  Δwalltime=0.071s  timestep=17s  day=3.05
2025/08/21 01:02:10 iteration 15583  walltime= 0.426h  Δwalltime=0.069s  timestep=17s  day=3.06
2025/08/21 01:02:12 iteration 15610  walltime= 0.427h  Δwalltime=0.068s  timestep=17s  day=3.06
2025/08/21 01:02:14 iteration 15637  walltime= 0.428h  Δwalltime=0.072s  timestep=17s  day=3.07
2025/08/21 01:02:16 iteration 15664  walltime= 0.428h  Δwalltime=0.074s  timestep=17s  day=3.07
2025/08/21 01:02:18 iteration 15691  walltime= 0.429h  Δwalltime=0.075s  timestep=17s  day=3.08
2025/08/21 01:02:20 iteration 15718  walltime= 0.429h  Δwalltime=0.082s  timestep=17s  day=3.08
2025/08/21 01:02:22 iteration 15745  walltime=  0.43h  Δwalltime=0.068s  timestep=17s  day=3.09
2025/08/21 01:02:24 iteration 15771  walltime=  0.43h  Δwalltime=0.069s  timestep=17s  day=3.09
2025/08/21 01:02:26 iteration 15799  walltime= 0.431h  Δwalltime=0.069s  timestep=17s  day=3.1
2025/08/21 01:02:28 iteration 15826  walltime= 0.431h  Δwalltime=0.093s  timestep=17s  day=3.1
2025/08/21 01:02:30 iteration 15853  walltime= 0.432h  Δwalltime=0.074s  timestep=17s  day=3.11
2025/08/21 01:02:32 iteration 15879  walltime= 0.433h  Δwalltime=0.07s  timestep=17s  day=3.11
2025/08/21 01:02:34 iteration 15905  walltime= 0.433h  Δwalltime=0.082s  timestep=17s  day=3.12
2025/08/21 01:02:36 iteration 15931  walltime= 0.434h  Δwalltime=0.07s  timestep=17s  day=3.12
2025/08/21 01:02:37 Percent change since last convergence check:
VOC:			1.8%
VOC pop-wtd:		0.21%
SOA:			2.5%
SOA pop-wtd:		0.31%
PrimaryPM25:		1.5%
PrimaryPM25 pop-wtd:	0.19%
NH3:			1.5%
NH3 pop-wtd:		0.73%
pNH4:			2.4%
pNH4 pop-wtd:		0.81%
SOx:			0.17%
SOx pop-wtd:		0.017%
pSO4:			2.2%
pSO4 pop-wtd:		1%
NOx:			2.8%
NOx pop-wtd:		0.67%
pNO3:			3%
pNO3 pop-wtd:		0.97%
2025/08/21 01:02:38 iteration 15957  walltime= 0.434h  Δwalltime=0.069s  timestep=17s  day=3.13
2025/08/21 01:02:40 iteration 15983  walltime= 0.435h  Δwalltime=0.07s  timestep=17s  day=3.13
2025/08/21 01:02:42 iteration 16010  walltime= 0.435h  Δwalltime=0.069s  timestep=17s  day=3.14
2025/08/21 01:02:44 iteration 16037  walltime= 0.436h  Δwalltime=0.069s  timestep=17s  day=3.14
2025/08/21 01:02:46 iteration 16064  walltime= 0.436h  Δwalltime=0.086s  timestep=17s  day=3.15
2025/08/21 01:02:48 iteration 16091  walltime= 0.437h  Δwalltime=0.07s  timestep=17s  day=3.16
2025/08/21 01:02:50 iteration 16117  walltime= 0.438h  Δwalltime=0.11s  timestep=17s  day=3.16
2025/08/21 01:02:52 iteration 16144  walltime= 0.438h  Δwalltime=0.07s  timestep=17s  day=3.17
2025/08/21 01:02:54 iteration 16171  walltime= 0.439h  Δwalltime=0.071s  timestep=17s  day=3.17
2025/08/21 01:02:56 iteration 16199  walltime= 0.439h  Δwalltime=0.074s  timestep=17s  day=3.18
2025/08/21 01:02:58 iteration 16225  walltime=  0.44h  Δwalltime=0.078s  timestep=17s  day=3.18
2025/08/21 01:03:00 iteration 16252  walltime=  0.44h  Δwalltime=0.071s  timestep=17s  day=3.19
2025/08/21 01:03:02 iteration 16279  walltime= 0.441h  Δwalltime=0.074s  timestep=17s  day=3.19
2025/08/21 01:03:04 iteration 16306  walltime= 0.441h  Δwalltime=0.069s  timestep=17s  day=3.2
2025/08/21 01:03:06 iteration 16334  walltime= 0.442h  Δwalltime=0.069s  timestep=17s  day=3.2
2025/08/21 01:03:08 iteration 16361  walltime= 0.443h  Δwalltime=0.081s  timestep=17s  day=3.21
2025/08/21 01:03:10 iteration 16388  walltime= 0.443h  Δwalltime=0.074s  timestep=17s  day=3.21
2025/08/21 01:03:12 iteration 16415  walltime= 0.444h  Δwalltime=0.069s  timestep=17s  day=3.22
2025/08/21 01:03:14 iteration 16442  walltime= 0.444h  Δwalltime=0.072s  timestep=17s  day=3.22
2025/08/21 01:03:16 iteration 16469  walltime= 0.445h  Δwalltime=0.071s  timestep=17s  day=3.23
2025/08/21 01:03:18 iteration 16497  walltime= 0.445h  Δwalltime=0.082s  timestep=17s  day=3.24
2025/08/21 01:03:20 iteration 16523  walltime= 0.446h  Δwalltime=0.071s  timestep=17s  day=3.24
2025/08/21 01:03:22 iteration 16550  walltime= 0.446h  Δwalltime=0.084s  timestep=17s  day=3.25
2025/08/21 01:03:24 iteration 16577  walltime= 0.447h  Δwalltime=0.08s  timestep=17s  day=3.25
2025/08/21 01:03:25 Percent change since last convergence check:
VOC:			1.6%
VOC pop-wtd:		0.19%
SOA:			2.3%
SOA pop-wtd:		0.28%
PrimaryPM25:		1.4%
PrimaryPM25 pop-wtd:	0.17%
NH3:			1.4%
NH3 pop-wtd:		0.68%
pNH4:			2.2%
pNH4 pop-wtd:		0.76%
SOx:			0.14%
SOx pop-wtd:		0.014%
pSO4:			2%
pSO4 pop-wtd:		0.93%
NOx:			2.6%
NOx pop-wtd:		0.63%
pNO3:			2.8%
pNO3 pop-wtd:		0.92%
2025/08/21 01:03:26 iteration 16601  walltime= 0.448h  Δwalltime=0.07s  timestep=17s  day=3.26
2025/08/21 01:03:28 iteration 16628  walltime= 0.448h  Δwalltime=0.071s  timestep=17s  day=3.26
2025/08/21 01:03:30 iteration 16656  walltime= 0.449h  Δwalltime=0.072s  timestep=17s  day=3.27
2025/08/21 01:03:32 iteration 16683  walltime= 0.449h  Δwalltime=0.07s  timestep=17s  day=3.27
2025/08/21 01:03:34 iteration 16711  walltime=  0.45h  Δwalltime=0.074s  timestep=17s  day=3.28
2025/08/21 01:03:36 iteration 16738  walltime=  0.45h  Δwalltime=0.091s  timestep=17s  day=3.28
2025/08/21 01:03:38 iteration 16763  walltime= 0.451h  Δwalltime=0.073s  timestep=17s  day=3.29
2025/08/21 01:03:40 iteration 16789  walltime= 0.451h  Δwalltime=0.07s  timestep=17s  day=3.29
2025/08/21 01:03:42 iteration 16815  walltime= 0.452h  Δwalltime=0.071s  timestep=17s  day=3.3
2025/08/21 01:03:44 iteration 16842  walltime= 0.453h  Δwalltime=0.072s  timestep=17s  day=3.3
2025/08/21 01:03:46 iteration 16869  walltime= 0.453h  Δwalltime=0.074s  timestep=17s  day=3.31
2025/08/21 01:03:48 iteration 16895  walltime= 0.454h  Δwalltime=0.07s  timestep=17s  day=3.31
2025/08/21 01:03:50 iteration 16923  walltime= 0.454h  Δwalltime=0.073s  timestep=17s  day=3.32
2025/08/21 01:03:52 iteration 16951  walltime= 0.455h  Δwalltime=0.071s  timestep=17s  day=3.32
2025/08/21 01:03:54 iteration 16976  walltime= 0.455h  Δwalltime=0.071s  timestep=17s  day=3.33
2025/08/21 01:03:56 iteration 17004  walltime= 0.456h  Δwalltime=0.07s  timestep=17s  day=3.33
2025/08/21 01:03:58 iteration 17032  walltime= 0.456h  Δwalltime=0.069s  timestep=17s  day=3.34
2025/08/21 01:04:00 iteration 17057  walltime= 0.457h  Δwalltime=0.073s  timestep=17s  day=3.34
2025/08/21 01:04:02 iteration 17084  walltime= 0.458h  Δwalltime=0.082s  timestep=17s  day=3.35
2025/08/21 01:04:04 iteration 17111  walltime= 0.458h  Δwalltime=0.079s  timestep=17s  day=3.36
2025/08/21 01:04:06 iteration 17137  walltime= 0.459h  Δwalltime=0.072s  timestep=17s  day=3.36
2025/08/21 01:04:08 iteration 17165  walltime= 0.459h  Δwalltime=0.069s  timestep=17s  day=3.37
2025/08/21 01:04:10 iteration 17192  walltime=  0.46h  Δwalltime=0.089s  timestep=17s  day=3.37
2025/08/21 01:04:12 iteration 17219  walltime=  0.46h  Δwalltime=0.084s  timestep=17s  day=3.38
2025/08/21 01:04:13 Percent change since last convergence check:
VOC:			1.5%
VOC pop-wtd:		0.18%
SOA:			2.2%
SOA pop-wtd:		0.26%
PrimaryPM25:		1.3%
PrimaryPM25 pop-wtd:	0.16%
NH3:			1.3%
NH3 pop-wtd:		0.63%
pNH4:			2.1%
pNH4 pop-wtd:		0.7%
SOx:			0.12%
SOx pop-wtd:		0.011%
pSO4:			1.9%
pSO4 pop-wtd:		0.83%
NOx:			2.5%
NOx pop-wtd:		0.59%
pNO3:			2.6%
pNO3 pop-wtd:		0.87%
2025/08/21 01:04:14 iteration 17244  walltime= 0.461h  Δwalltime=0.084s  timestep=17s  day=3.38
2025/08/21 01:04:16 iteration 17270  walltime= 0.461h  Δwalltime=0.07s  timestep=17s  day=3.39
2025/08/21 01:04:18 iteration 17298  walltime= 0.462h  Δwalltime=0.069s  timestep=17s  day=3.39
2025/08/21 01:04:20 iteration 17326  walltime= 0.463h  Δwalltime=0.075s  timestep=17s  day=3.4
2025/08/21 01:04:22 iteration 17352  walltime= 0.463h  Δwalltime=0.07s  timestep=17s  day=3.4
2025/08/21 01:04:24 iteration 17379  walltime= 0.464h  Δwalltime=0.071s  timestep=17s  day=3.41
2025/08/21 01:04:26 iteration 17408  walltime= 0.464h  Δwalltime=0.068s  timestep=17s  day=3.41
2025/08/21 01:04:28 iteration 17434  walltime= 0.465h  Δwalltime=0.069s  timestep=17s  day=3.42
2025/08/21 01:04:30 iteration 17461  walltime= 0.465h  Δwalltime=0.07s  timestep=17s  day=3.42
2025/08/21 01:04:32 iteration 17487  walltime= 0.466h  Δwalltime=0.07s  timestep=17s  day=3.43
2025/08/21 01:04:34 iteration 17514  walltime= 0.466h  Δwalltime=0.068s  timestep=17s  day=3.43
2025/08/21 01:04:36 iteration 17542  walltime= 0.467h  Δwalltime=0.074s  timestep=17s  day=3.44
2025/08/21 01:04:38 iteration 17568  walltime= 0.468h  Δwalltime=0.077s  timestep=17s  day=3.45
2025/08/21 01:04:40 iteration 17595  walltime= 0.468h  Δwalltime=0.07s  timestep=17s  day=3.45
2025/08/21 01:04:42 iteration 17621  walltime= 0.469h  Δwalltime=0.07s  timestep=17s  day=3.46
2025/08/21 01:04:44 iteration 17648  walltime= 0.469h  Δwalltime=0.085s  timestep=17s  day=3.46
2025/08/21 01:04:46 iteration 17674  walltime=  0.47h  Δwalltime=0.071s  timestep=17s  day=3.47
2025/08/21 01:04:48 iteration 17701  walltime=  0.47h  Δwalltime=0.07s  timestep=17s  day=3.47
2025/08/21 01:04:50 iteration 17727  walltime= 0.471h  Δwalltime=0.084s  timestep=17s  day=3.48
2025/08/21 01:04:52 iteration 17753  walltime= 0.471h  Δwalltime=0.075s  timestep=17s  day=3.48
2025/08/21 01:04:54 iteration 17780  walltime= 0.472h  Δwalltime=0.07s  timestep=17s  day=3.49
2025/08/21 01:04:56 iteration 17805  walltime= 0.473h  Δwalltime=0.084s  timestep=17s  day=3.49
2025/08/21 01:04:58 iteration 17833  walltime= 0.473h  Δwalltime=0.079s  timestep=17s  day=3.5
2025/08/21 01:05:00 iteration 17860  walltime= 0.474h  Δwalltime=0.068s  timestep=17s  day=3.5
2025/08/21 01:05:00 Percent change since last convergence check:
VOC:			1.4%
VOC pop-wtd:		0.17%
SOA:			2.1%
SOA pop-wtd:		0.25%
PrimaryPM25:		1.2%
PrimaryPM25 pop-wtd:	0.15%
NH3:			1.2%
NH3 pop-wtd:		0.58%
pNH4:			1.9%
pNH4 pop-wtd:		0.66%
SOx:			0.11%
SOx pop-wtd:		0.0095%
pSO4:			1.7%
pSO4 pop-wtd:		0.75%
NOx:			2.3%
NOx pop-wtd:		0.56%
pNO3:			2.5%
pNO3 pop-wtd:		0.82%
2025/08/21 01:05:02 iteration 17885  walltime= 0.474h  Δwalltime=0.071s  timestep=17s  day=3.51
2025/08/21 01:05:04 iteration 17912  walltime= 0.475h  Δwalltime=0.082s  timestep=17s  day=3.51
2025/08/21 01:05:06 iteration 17935  walltime= 0.475h  Δwalltime=0.089s  timestep=17s  day=3.52
2025/08/21 01:05:08 iteration 17961  walltime= 0.476h  Δwalltime=0.068s  timestep=17s  day=3.52
2025/08/21 01:05:10 iteration 17989  walltime= 0.476h  Δwalltime=0.068s  timestep=17s  day=3.53
2025/08/21 01:05:12 iteration 18017  walltime= 0.477h  Δwalltime=0.083s  timestep=17s  day=3.53
2025/08/21 01:05:14 iteration 18042  walltime= 0.478h  Δwalltime=0.071s  timestep=17s  day=3.54
2025/08/21 01:05:16 iteration 18069  walltime= 0.478h  Δwalltime=0.072s  timestep=17s  day=3.54
2025/08/21 01:05:18 iteration 18096  walltime= 0.479h  Δwalltime=0.076s  timestep=17s  day=3.55
2025/08/21 01:05:20 iteration 18122  walltime= 0.479h  Δwalltime=0.077s  timestep=17s  day=3.55
2025/08/21 01:05:22 iteration 18149  walltime=  0.48h  Δwalltime=0.07s  timestep=17s  day=3.56
2025/08/21 01:05:24 iteration 18175  walltime=  0.48h  Δwalltime=0.074s  timestep=17s  day=3.56
2025/08/21 01:05:26 iteration 18202  walltime= 0.481h  Δwalltime=0.075s  timestep=17s  day=3.57
2025/08/21 01:05:28 iteration 18230  walltime= 0.481h  Δwalltime=0.069s  timestep=17s  day=3.57
2025/08/21 01:05:30 iteration 18257  walltime= 0.482h  Δwalltime=0.078s  timestep=17s  day=3.58
2025/08/21 01:05:32 iteration 18285  walltime= 0.483h  Δwalltime=0.076s  timestep=17s  day=3.59
2025/08/21 01:05:34 iteration 18312  walltime= 0.483h  Δwalltime=0.077s  timestep=17s  day=3.59
2025/08/21 01:05:36 iteration 18339  walltime= 0.484h  Δwalltime=0.068s  timestep=17s  day=3.6
2025/08/21 01:05:38 iteration 18367  walltime= 0.484h  Δwalltime=0.073s  timestep=17s  day=3.6
2025/08/21 01:05:40 iteration 18395  walltime= 0.485h  Δwalltime=0.076s  timestep=17s  day=3.61
2025/08/21 01:05:42 iteration 18420  walltime= 0.485h  Δwalltime=0.069s  timestep=17s  day=3.61
2025/08/21 01:05:44 iteration 18448  walltime= 0.486h  Δwalltime=0.072s  timestep=17s  day=3.62
2025/08/21 01:05:46 iteration 18475  walltime= 0.486h  Δwalltime=0.08s  timestep=17s  day=3.62
2025/08/21 01:05:48 iteration 18502  walltime= 0.487h  Δwalltime=0.085s  timestep=17s  day=3.63
2025/08/21 01:05:48 Percent change since last convergence check:
VOC:			1.3%
VOC pop-wtd:		0.16%
SOA:			1.9%
SOA pop-wtd:		0.23%
PrimaryPM25:		1.1%
PrimaryPM25 pop-wtd:	0.14%
NH3:			1.1%
NH3 pop-wtd:		0.54%
pNH4:			1.8%
pNH4 pop-wtd:		0.61%
SOx:			0.092%
SOx pop-wtd:		0.0079%
pSO4:			1.6%
pSO4 pop-wtd:		0.68%
NOx:			2.2%
NOx pop-wtd:		0.53%
pNO3:			2.4%
pNO3 pop-wtd:		0.78%
2025/08/21 01:05:50 iteration 18528  walltime= 0.488h  Δwalltime=0.083s  timestep=17s  day=3.63
2025/08/21 01:05:52 iteration 18554  walltime= 0.488h  Δwalltime=0.082s  timestep=17s  day=3.64
2025/08/21 01:05:54 iteration 18580  walltime= 0.489h  Δwalltime=0.07s  timestep=17s  day=3.64
2025/08/21 01:05:56 iteration 18608  walltime= 0.489h  Δwalltime=0.082s  timestep=17s  day=3.65
2025/08/21 01:05:58 iteration 18633  walltime=  0.49h  Δwalltime=0.069s  timestep=17s  day=3.65
2025/08/21 01:06:00 iteration 18661  walltime=  0.49h  Δwalltime=0.07s  timestep=17s  day=3.66
2025/08/21 01:06:02 iteration 18689  walltime= 0.491h  Δwalltime=0.084s  timestep=17s  day=3.66
2025/08/21 01:06:04 iteration 18713  walltime= 0.491h  Δwalltime=0.086s  timestep=17s  day=3.67
2025/08/21 01:06:06 iteration 18738  walltime= 0.492h  Δwalltime=0.07s  timestep=17s  day=3.67
2025/08/21 01:06:08 iteration 18766  walltime= 0.493h  Δwalltime=0.069s  timestep=17s  day=3.68
2025/08/21 01:06:10 iteration 18793  walltime= 0.493h  Δwalltime=0.068s  timestep=17s  day=3.69
2025/08/21 01:06:12 iteration 18821  walltime= 0.494h  Δwalltime=0.07s  timestep=17s  day=3.69
2025/08/21 01:06:14 iteration 18848  walltime= 0.494h  Δwalltime=0.074s  timestep=17s  day=3.7
2025/08/21 01:06:16 iteration 18875  walltime= 0.495h  Δwalltime=0.08s  timestep=17s  day=3.7
2025/08/21 01:06:18 iteration 18902  walltime= 0.495h  Δwalltime=0.078s  timestep=17s  day=3.71
2025/08/21 01:06:20 iteration 18928  walltime= 0.496h  Δwalltime=0.087s  timestep=17s  day=3.71
2025/08/21 01:06:22 iteration 18954  walltime= 0.496h  Δwalltime=0.07s  timestep=17s  day=3.72
2025/08/21 01:06:24 iteration 18981  walltime= 0.497h  Δwalltime=0.07s  timestep=17s  day=3.72
2025/08/21 01:06:26 iteration 19006  walltime= 0.498h  Δwalltime=0.073s  timestep=17s  day=3.73
2025/08/21 01:06:28 iteration 19034  walltime= 0.498h  Δwalltime=0.069s  timestep=17s  day=3.73
2025/08/21 01:06:30 iteration 19062  walltime= 0.499h  Δwalltime=0.079s  timestep=17s  day=3.74
2025/08/21 01:06:32 iteration 19088  walltime= 0.499h  Δwalltime=0.069s  timestep=17s  day=3.74
2025/08/21 01:06:34 iteration 19115  walltime=   0.5h  Δwalltime=0.081s  timestep=17s  day=3.75
2025/08/21 01:06:36 iteration 19141  walltime=   0.5h  Δwalltime=0.21s  timestep=17s  day=3.75
2025/08/21 01:06:36 Percent change since last convergence check:
VOC:			1.3%
VOC pop-wtd:		0.14%
SOA:			1.8%
SOA pop-wtd:		0.21%
PrimaryPM25:		1.1%
PrimaryPM25 pop-wtd:	0.12%
NH3:			1%
NH3 pop-wtd:		0.51%
pNH4:			1.7%
pNH4 pop-wtd:		0.57%
SOx:			0.079%
SOx pop-wtd:		0.0065%
pSO4:			1.5%
pSO4 pop-wtd:		0.62%
NOx:			2.1%
NOx pop-wtd:		0.5%
pNO3:			2.2%
pNO3 pop-wtd:		0.74%
2025/08/21 01:06:38 iteration 19167  walltime= 0.501h  Δwalltime=0.07s  timestep=17s  day=3.76
2025/08/21 01:06:40 iteration 19195  walltime= 0.501h  Δwalltime=0.07s  timestep=17s  day=3.76
2025/08/21 01:06:42 iteration 19222  walltime= 0.502h  Δwalltime=0.082s  timestep=17s  day=3.77
2025/08/21 01:06:44 iteration 19248  walltime= 0.503h  Δwalltime=0.07s  timestep=17s  day=3.77
2025/08/21 01:06:46 iteration 19276  walltime= 0.503h  Δwalltime=0.07s  timestep=17s  day=3.78
2025/08/21 01:06:48 iteration 19303  walltime= 0.504h  Δwalltime=0.081s  timestep=17s  day=3.79
2025/08/21 01:06:50 iteration 19330  walltime= 0.504h  Δwalltime=0.07s  timestep=17s  day=3.79
2025/08/21 01:06:52 iteration 19356  walltime= 0.505h  Δwalltime=0.075s  timestep=17s  day=3.8
2025/08/21 01:06:54 iteration 19382  walltime= 0.505h  Δwalltime=0.077s  timestep=17s  day=3.8
2025/08/21 01:06:56 iteration 19410  walltime= 0.506h  Δwalltime=0.069s  timestep=17s  day=3.81
2025/08/21 01:06:58 iteration 19437  walltime= 0.506h  Δwalltime=0.074s  timestep=17s  day=3.81
2025/08/21 01:07:00 iteration 19463  walltime= 0.507h  Δwalltime=0.073s  timestep=17s  day=3.82
2025/08/21 01:07:02 iteration 19490  walltime= 0.508h  Δwalltime=0.07s  timestep=17s  day=3.82
2025/08/21 01:07:04 iteration 19517  walltime= 0.508h  Δwalltime=0.073s  timestep=17s  day=3.83
2025/08/21 01:07:06 iteration 19543  walltime= 0.509h  Δwalltime=0.077s  timestep=17s  day=3.83
2025/08/21 01:07:08 iteration 19571  walltime= 0.509h  Δwalltime=0.07s  timestep=17s  day=3.84
2025/08/21 01:07:10 iteration 19598  walltime=  0.51h  Δwalltime=0.07s  timestep=17s  day=3.84
2025/08/21 01:07:12 iteration 19624  walltime=  0.51h  Δwalltime=0.084s  timestep=17s  day=3.85
2025/08/21 01:07:14 iteration 19651  walltime= 0.511h  Δwalltime=0.074s  timestep=17s  day=3.85
2025/08/21 01:07:16 iteration 19679  walltime= 0.511h  Δwalltime=0.073s  timestep=17s  day=3.86
2025/08/21 01:07:18 iteration 19705  walltime= 0.512h  Δwalltime=0.069s  timestep=17s  day=3.86
2025/08/21 01:07:20 iteration 19732  walltime= 0.513h  Δwalltime=0.08s  timestep=17s  day=3.87
2025/08/21 01:07:22 iteration 19760  walltime= 0.513h  Δwalltime=0.083s  timestep=17s  day=3.87
2025/08/21 01:07:23 Percent change since last convergence check:
VOC:			1.2%
VOC pop-wtd:		0.14%
SOA:			1.7%
SOA pop-wtd:		0.2%
PrimaryPM25:		0.98%
PrimaryPM25 pop-wtd:	0.12%
NH3:			0.94%
NH3 pop-wtd:		0.47%
pNH4:			1.6%
pNH4 pop-wtd:		0.54%
SOx:			0.069%
SOx pop-wtd:		0.0054%
pSO4:			1.4%
pSO4 pop-wtd:		0.56%
NOx:			2%
NOx pop-wtd:		0.48%
pNO3:			2.1%
pNO3 pop-wtd:		0.7%
2025/08/21 01:07:24 iteration 19784  walltime= 0.514h  Δwalltime=0.089s  timestep=17s  day=3.88
2025/08/21 01:07:26 iteration 19812  walltime= 0.514h  Δwalltime=0.071s  timestep=17s  day=3.89
2025/08/21 01:07:28 iteration 19838  walltime= 0.515h  Δwalltime=0.077s  timestep=17s  day=3.89
2025/08/21 01:07:30 iteration 19864  walltime= 0.515h  Δwalltime=0.068s  timestep=17s  day=3.9
2025/08/21 01:07:32 iteration 19891  walltime= 0.516h  Δwalltime=0.089s  timestep=17s  day=3.9
2025/08/21 01:07:34 iteration 19917  walltime= 0.516h  Δwalltime=0.085s  timestep=17s  day=3.91
2025/08/21 01:07:36 iteration 19944  walltime= 0.517h  Δwalltime=0.069s  timestep=17s  day=3.91
2025/08/21 01:07:38 iteration 19971  walltime= 0.518h  Δwalltime=0.07s  timestep=17s  day=3.92
2025/08/21 01:07:40 iteration 19997  walltime= 0.518h  Δwalltime=0.083s  timestep=17s  day=3.92
2025/08/21 01:07:42 iteration 20024  walltime= 0.519h  Δwalltime=0.069s  timestep=17s  day=3.93
2025/08/21 01:07:44 iteration 20053  walltime= 0.519h  Δwalltime=0.068s  timestep=17s  day=3.93
2025/08/21 01:07:46 iteration 20079  walltime=  0.52h  Δwalltime=0.07s  timestep=17s  day=3.94
2025/08/21 01:07:48 iteration 20105  walltime=  0.52h  Δwalltime=0.07s  timestep=17s  day=3.94
2025/08/21 01:07:50 iteration 20132  walltime= 0.521h  Δwalltime=0.087s  timestep=17s  day=3.95
2025/08/21 01:07:52 iteration 20158  walltime= 0.521h  Δwalltime=0.069s  timestep=17s  day=3.95
2025/08/21 01:07:54 iteration 20186  walltime= 0.522h  Δwalltime=0.069s  timestep=17s  day=3.96
2025/08/21 01:07:56 iteration 20213  walltime= 0.523h  Δwalltime=0.076s  timestep=17s  day=3.96
2025/08/21 01:07:58 iteration 20239  walltime= 0.523h  Δwalltime=0.076s  timestep=17s  day=3.97
2025/08/21 01:08:00 iteration 20266  walltime= 0.524h  Δwalltime=0.071s  timestep=17s  day=3.97
2025/08/21 01:08:02 iteration 20294  walltime= 0.524h  Δwalltime=0.077s  timestep=17s  day=3.98
2025/08/21 01:08:04 iteration 20321  walltime= 0.525h  Δwalltime=0.068s  timestep=17s  day=3.98
2025/08/21 01:08:06 iteration 20348  walltime= 0.525h  Δwalltime=0.076s  timestep=17s  day=3.99
2025/08/21 01:08:08 iteration 20374  walltime= 0.526h  Δwalltime=0.07s  timestep=17s  day=4
2025/08/21 01:08:10 iteration 20401  walltime= 0.526h  Δwalltime=0.069s  timestep=17s  day=4
2025/08/21 01:08:11 Percent change since last convergence check:
VOC:			1.1%
VOC pop-wtd:		0.13%
SOA:			1.6%
SOA pop-wtd:		0.19%
PrimaryPM25:		0.91%
PrimaryPM25 pop-wtd:	0.11%
NH3:			0.88%
NH3 pop-wtd:		0.44%
pNH4:			1.5%
pNH4 pop-wtd:		0.5%
SOx:			0.06%
SOx pop-wtd:		0.0045%
pSO4:			1.3%
pSO4 pop-wtd:		0.51%
NOx:			1.9%
NOx pop-wtd:		0.45%
pNO3:			2%
pNO3 pop-wtd:		0.67%
2025/08/21 01:08:12 iteration 20428  walltime= 0.527h  Δwalltime=0.071s  timestep=17s  day=4.01
2025/08/21 01:08:14 iteration 20453  walltime= 0.528h  Δwalltime=0.068s  timestep=17s  day=4.01
2025/08/21 01:08:16 iteration 20481  walltime= 0.528h  Δwalltime=0.071s  timestep=17s  day=4.02
2025/08/21 01:08:18 iteration 20509  walltime= 0.529h  Δwalltime=0.071s  timestep=17s  day=4.02
2025/08/21 01:08:20 iteration 20535  walltime= 0.529h  Δwalltime=0.07s  timestep=17s  day=4.03
2025/08/21 01:08:22 iteration 20562  walltime=  0.53h  Δwalltime=0.076s  timestep=17s  day=4.03
2025/08/21 01:08:24 iteration 20590  walltime=  0.53h  Δwalltime=0.07s  timestep=17s  day=4.04
2025/08/21 01:08:26 iteration 20616  walltime= 0.531h  Δwalltime=0.084s  timestep=17s  day=4.04
2025/08/21 01:08:28 iteration 20644  walltime= 0.531h  Δwalltime=0.072s  timestep=17s  day=4.05
2025/08/21 01:08:30 iteration 20670  walltime= 0.532h  Δwalltime=0.077s  timestep=17s  day=4.05
2025/08/21 01:08:32 iteration 20697  walltime= 0.533h  Δwalltime=0.068s  timestep=17s  day=4.06
2025/08/21 01:08:34 iteration 20725  walltime= 0.533h  Δwalltime=0.07s  timestep=17s  day=4.06
2025/08/21 01:08:36 iteration 20751  walltime= 0.534h  Δwalltime=0.094s  timestep=17s  day=4.07
2025/08/21 01:08:38 iteration 20779  walltime= 0.534h  Δwalltime=0.071s  timestep=17s  day=4.07
2025/08/21 01:08:40 iteration 20805  walltime= 0.535h  Δwalltime=0.071s  timestep=17s  day=4.08
2025/08/21 01:08:42 iteration 20831  walltime= 0.535h  Δwalltime=0.07s  timestep=17s  day=4.08
2025/08/21 01:08:44 iteration 20859  walltime= 0.536h  Δwalltime=0.075s  timestep=17s  day=4.09
2025/08/21 01:08:46 iteration 20886  walltime= 0.536h  Δwalltime=0.071s  timestep=17s  day=4.1
2025/08/21 01:08:48 iteration 20912  walltime= 0.537h  Δwalltime=0.07s  timestep=17s  day=4.1
2025/08/21 01:08:50 iteration 20941  walltime= 0.538h  Δwalltime=0.069s  timestep=17s  day=4.11
2025/08/21 01:08:52 iteration 20966  walltime= 0.538h  Δwalltime=0.07s  timestep=17s  day=4.11
2025/08/21 01:08:54 iteration 20993  walltime= 0.539h  Δwalltime=0.079s  timestep=17s  day=4.12
2025/08/21 01:08:56 iteration 21020  walltime= 0.539h  Δwalltime=0.072s  timestep=17s  day=4.12
2025/08/21 01:08:58 iteration 21048  walltime=  0.54h  Δwalltime=0.067s  timestep=17s  day=4.13
2025/08/21 01:08:58 Percent change since last convergence check:
VOC:			1%
VOC pop-wtd:		0.12%
SOA:			1.5%
SOA pop-wtd:		0.18%
PrimaryPM25:		0.85%
PrimaryPM25 pop-wtd:	0.098%
NH3:			0.82%
NH3 pop-wtd:		0.41%
pNH4:			1.4%
pNH4 pop-wtd:		0.47%
SOx:			0.052%
SOx pop-wtd:		0.0038%
pSO4:			1.2%
pSO4 pop-wtd:		0.46%
NOx:			1.8%
NOx pop-wtd:		0.43%
pNO3:			1.9%
pNO3 pop-wtd:		0.64%
2025/08/21 01:09:00 iteration 21072  walltime=  0.54h  Δwalltime=0.069s  timestep=17s  day=4.13
2025/08/21 01:09:02 iteration 21100  walltime= 0.541h  Δwalltime=0.07s  timestep=17s  day=4.14
2025/08/21 01:09:04 iteration 21127  walltime= 0.541h  Δwalltime=0.08s  timestep=17s  day=4.14
2025/08/21 01:09:06 iteration 21153  walltime= 0.542h  Δwalltime=0.072s  timestep=17s  day=4.15
2025/08/21 01:09:08 iteration 21180  walltime= 0.543h  Δwalltime=0.075s  timestep=17s  day=4.15
2025/08/21 01:09:10 iteration 21207  walltime= 0.543h  Δwalltime=0.087s  timestep=17s  day=4.16
2025/08/21 01:09:12 iteration 21234  walltime= 0.544h  Δwalltime=0.069s  timestep=17s  day=4.16
2025/08/21 01:09:14 iteration 21261  walltime= 0.544h  Δwalltime=0.07s  timestep=17s  day=4.17
2025/08/21 01:09:16 iteration 21287  walltime= 0.545h  Δwalltime=0.089s  timestep=17s  day=4.17
2025/08/21 01:09:18 iteration 21313  walltime= 0.545h  Δwalltime=0.068s  timestep=17s  day=4.18
2025/08/21 01:09:20 iteration 21340  walltime= 0.546h  Δwalltime=0.076s  timestep=17s  day=4.18
2025/08/21 01:09:22 iteration 21366  walltime= 0.546h  Δwalltime=0.068s  timestep=17s  day=4.19
2025/08/21 01:09:24 iteration 21393  walltime= 0.547h  Δwalltime=0.069s  timestep=17s  day=4.2
2025/08/21 01:09:26 iteration 21420  walltime= 0.548h  Δwalltime=0.07s  timestep=17s  day=4.2
2025/08/21 01:09:28 iteration 21447  walltime= 0.548h  Δwalltime=0.07s  timestep=17s  day=4.21
2025/08/21 01:09:30 iteration 21474  walltime= 0.549h  Δwalltime=0.074s  timestep=17s  day=4.21
2025/08/21 01:09:32 iteration 21501  walltime= 0.549h  Δwalltime=0.069s  timestep=17s  day=4.22
2025/08/21 01:09:34 iteration 21527  walltime=  0.55h  Δwalltime=0.088s  timestep=17s  day=4.22
2025/08/21 01:09:36 iteration 21554  walltime=  0.55h  Δwalltime=0.07s  timestep=17s  day=4.23
2025/08/21 01:09:38 iteration 21581  walltime= 0.551h  Δwalltime=0.086s  timestep=17s  day=4.23
2025/08/21 01:09:40 iteration 21607  walltime= 0.551h  Δwalltime=0.092s  timestep=17s  day=4.24
2025/08/21 01:09:42 iteration 21633  walltime= 0.552h  Δwalltime=0.082s  timestep=17s  day=4.24
2025/08/21 01:09:44 iteration 21658  walltime= 0.553h  Δwalltime=0.076s  timestep=17s  day=4.25
2025/08/21 01:09:46 iteration 21686  walltime= 0.553h  Δwalltime=0.069s  timestep=17s  day=4.25
2025/08/21 01:09:46 Percent change since last convergence check:
VOC:			0.98%
VOC pop-wtd:		0.11%
SOA:			1.4%
SOA pop-wtd:		0.17%
PrimaryPM25:		0.79%
PrimaryPM25 pop-wtd:	0.091%
NH3:			0.76%
NH3 pop-wtd:		0.39%
pNH4:			1.3%
pNH4 pop-wtd:		0.44%
SOx:			0.045%
SOx pop-wtd:		0.0032%
pSO4:			1.1%
pSO4 pop-wtd:		0.42%
NOx:			1.7%
NOx pop-wtd:		0.41%
pNO3:			1.8%
pNO3 pop-wtd:		0.61%
2025/08/21 01:09:48 iteration 21711  walltime= 0.554h  Δwalltime=0.081s  timestep=17s  day=4.26
2025/08/21 01:09:50 iteration 21738  walltime= 0.554h  Δwalltime=0.073s  timestep=17s  day=4.26
2025/08/21 01:09:52 iteration 21766  walltime= 0.555h  Δwalltime=0.071s  timestep=17s  day=4.27
2025/08/21 01:09:54 iteration 21793  walltime= 0.555h  Δwalltime=0.07s  timestep=17s  day=4.27
2025/08/21 01:09:56 iteration 21819  walltime= 0.556h  Δwalltime=0.07s  timestep=17s  day=4.28
2025/08/21 01:09:58 iteration 21847  walltime= 0.556h  Δwalltime=0.069s  timestep=17s  day=4.28
2025/08/21 01:10:00 iteration 21875  walltime= 0.557h  Δwalltime=0.074s  timestep=17s  day=4.29
2025/08/21 01:10:02 iteration 21902  walltime= 0.558h  Δwalltime=0.071s  timestep=17s  day=4.29
2025/08/21 01:10:04 iteration 21929  walltime= 0.558h  Δwalltime=0.07s  timestep=17s  day=4.3
2025/08/21 01:10:06 iteration 21956  walltime= 0.559h  Δwalltime=0.081s  timestep=17s  day=4.31
2025/08/21 01:10:08 iteration 21982  walltime= 0.559h  Δwalltime=0.072s  timestep=17s  day=4.31
2025/08/21 01:10:10 iteration 22009  walltime=  0.56h  Δwalltime=0.069s  timestep=17s  day=4.32
2025/08/21 01:10:12 iteration 22036  walltime=  0.56h  Δwalltime=0.083s  timestep=17s  day=4.32
2025/08/21 01:10:14 iteration 22063  walltime= 0.561h  Δwalltime=0.078s  timestep=17s  day=4.33
2025/08/21 01:10:16 iteration 22089  walltime= 0.561h  Δwalltime=0.084s  timestep=17s  day=4.33
2025/08/21 01:10:18 iteration 22116  walltime= 0.562h  Δwalltime=0.081s  timestep=17s  day=4.34
2025/08/21 01:10:20 iteration 22143  walltime= 0.563h  Δwalltime=0.083s  timestep=17s  day=4.34
2025/08/21 01:10:22 iteration 22171  walltime= 0.563h  Δwalltime=0.071s  timestep=17s  day=4.35
2025/08/21 01:10:24 iteration 22197  walltime= 0.564h  Δwalltime=0.07s  timestep=17s  day=4.35
2025/08/21 01:10:26 iteration 22225  walltime= 0.564h  Δwalltime=0.07s  timestep=17s  day=4.36
2025/08/21 01:10:28 iteration 22252  walltime= 0.565h  Δwalltime=0.069s  timestep=17s  day=4.36
2025/08/21 01:10:30 iteration 22277  walltime= 0.565h  Δwalltime=0.071s  timestep=17s  day=4.37
2025/08/21 01:10:32 iteration 22305  walltime= 0.566h  Δwalltime=0.07s  timestep=17s  day=4.37
2025/08/21 01:10:34 iteration 22331  walltime= 0.566h  Δwalltime=0.22s  timestep=17s  day=4.38
2025/08/21 01:10:34 Percent change since last convergence check:
VOC:			0.92%
VOC pop-wtd:		0.1%
SOA:			1.4%
SOA pop-wtd:		0.16%
PrimaryPM25:		0.74%
PrimaryPM25 pop-wtd:	0.084%
NH3:			0.71%
NH3 pop-wtd:		0.36%
pNH4:			1.2%
pNH4 pop-wtd:		0.41%
SOx:			0.039%
SOx pop-wtd:		0.0027%
pSO4:			1%
pSO4 pop-wtd:		0.39%
NOx:			1.6%
NOx pop-wtd:		0.39%
pNO3:			1.7%
pNO3 pop-wtd:		0.58%
2025/08/21 01:10:36 iteration 22357  walltime= 0.567h  Δwalltime=0.079s  timestep=17s  day=4.38
2025/08/21 01:10:38 iteration 22384  walltime= 0.568h  Δwalltime=0.073s  timestep=17s  day=4.39
2025/08/21 01:10:40 iteration 22412  walltime= 0.568h  Δwalltime=0.069s  timestep=17s  day=4.4
2025/08/21 01:10:42 iteration 22438  walltime= 0.569h  Δwalltime=0.07s  timestep=17s  day=4.4
2025/08/21 01:10:44 iteration 22466  walltime= 0.569h  Δwalltime=0.074s  timestep=17s  day=4.41
2025/08/21 01:10:46 iteration 22493  walltime=  0.57h  Δwalltime=0.079s  timestep=17s  day=4.41
2025/08/21 01:10:48 iteration 22520  walltime=  0.57h  Δwalltime=0.071s  timestep=17s  day=4.42
2025/08/21 01:10:50 iteration 22547  walltime= 0.571h  Δwalltime=0.083s  timestep=17s  day=4.42
2025/08/21 01:10:52 iteration 22571  walltime= 0.571h  Δwalltime=0.077s  timestep=17s  day=4.43
2025/08/21 01:10:54 iteration 22598  walltime= 0.572h  Δwalltime=0.078s  timestep=17s  day=4.43
2025/08/21 01:10:56 iteration 22626  walltime= 0.573h  Δwalltime=0.07s  timestep=17s  day=4.44
2025/08/21 01:10:58 iteration 22651  walltime= 0.573h  Δwalltime=0.076s  timestep=17s  day=4.44
2025/08/21 01:11:00 iteration 22678  walltime= 0.574h  Δwalltime=0.083s  timestep=17s  day=4.45
2025/08/21 01:11:02 iteration 22704  walltime= 0.574h  Δwalltime=0.086s  timestep=17s  day=4.45
2025/08/21 01:11:04 iteration 22730  walltime= 0.575h  Δwalltime=0.091s  timestep=17s  day=4.46
2025/08/21 01:11:06 iteration 22757  walltime= 0.575h  Δwalltime=0.074s  timestep=17s  day=4.46
2025/08/21 01:11:08 iteration 22785  walltime= 0.576h  Δwalltime=0.07s  timestep=17s  day=4.47
2025/08/21 01:11:10 iteration 22811  walltime= 0.576h  Δwalltime=0.081s  timestep=17s  day=4.47
2025/08/21 01:11:12 iteration 22838  walltime= 0.577h  Δwalltime=0.07s  timestep=17s  day=4.48
2025/08/21 01:11:14 iteration 22866  walltime= 0.578h  Δwalltime=0.077s  timestep=17s  day=4.48
2025/08/21 01:11:16 iteration 22892  walltime= 0.578h  Δwalltime=0.073s  timestep=17s  day=4.49
2025/08/21 01:11:18 iteration 22920  walltime= 0.579h  Δwalltime=0.069s  timestep=17s  day=4.49
2025/08/21 01:11:20 iteration 22947  walltime= 0.579h  Δwalltime=0.079s  timestep=17s  day=4.5
2025/08/21 01:11:22 Percent change since last convergence check:
VOC:			0.87%
VOC pop-wtd:		0.099%
SOA:			1.3%
SOA pop-wtd:		0.15%
PrimaryPM25:		0.69%
PrimaryPM25 pop-wtd:	0.078%
NH3:			0.66%
NH3 pop-wtd:		0.34%
pNH4:			1.2%
pNH4 pop-wtd:		0.39%
SOx:			0.034%
SOx pop-wtd:		0.0023%
pSO4:			0.94%
pSO4 pop-wtd:		0.35%
NOx:			1.5%
NOx pop-wtd:		0.37%
pNO3:			1.6%
pNO3 pop-wtd:		0.55%
2025/08/21 01:11:22 iteration 22971  walltime=  0.58h  Δwalltime=0.087s  timestep=17s  day=4.5
2025/08/21 01:11:24 iteration 22997  walltime=  0.58h  Δwalltime=0.081s  timestep=17s  day=4.51
2025/08/21 01:11:26 iteration 23023  walltime= 0.581h  Δwalltime=0.078s  timestep=17s  day=4.51
2025/08/21 01:11:28 iteration 23050  walltime= 0.581h  Δwalltime=0.071s  timestep=17s  day=4.52
2025/08/21 01:11:30 iteration 23077  walltime= 0.582h  Δwalltime=0.07s  timestep=17s  day=4.53
2025/08/21 01:11:32 iteration 23104  walltime= 0.583h  Δwalltime=0.069s  timestep=17s  day=4.53
2025/08/21 01:11:34 iteration 23132  walltime= 0.583h  Δwalltime=0.069s  timestep=17s  day=4.54
2025/08/21 01:11:36 iteration 23159  walltime= 0.584h  Δwalltime=0.09s  timestep=17s  day=4.54
2025/08/21 01:11:38 iteration 23185  walltime= 0.584h  Δwalltime=0.077s  timestep=17s  day=4.55
2025/08/21 01:11:40 iteration 23211  walltime= 0.585h  Δwalltime=0.079s  timestep=17s  day=4.55
2025/08/21 01:11:42 iteration 23238  walltime= 0.585h  Δwalltime=0.087s  timestep=17s  day=4.56
2025/08/21 01:11:44 iteration 23265  walltime= 0.586h  Δwalltime=0.077s  timestep=17s  day=4.56
2025/08/21 01:11:46 iteration 23291  walltime= 0.586h  Δwalltime=0.07s  timestep=17s  day=4.57
2025/08/21 01:11:48 iteration 23317  walltime= 0.587h  Δwalltime=0.075s  timestep=17s  day=4.57
2025/08/21 01:11:50 iteration 23342  walltime= 0.588h  Δwalltime=0.071s  timestep=17s  day=4.58
2025/08/21 01:11:52 iteration 23369  walltime= 0.588h  Δwalltime=0.071s  timestep=17s  day=4.58
2025/08/21 01:11:54 iteration 23397  walltime= 0.589h  Δwalltime=0.085s  timestep=17s  day=4.59
2025/08/21 01:11:56 iteration 23423  walltime= 0.589h  Δwalltime=0.082s  timestep=17s  day=4.59
2025/08/21 01:11:58 iteration 23451  walltime=  0.59h  Δwalltime=0.069s  timestep=17s  day=4.6
2025/08/21 01:12:00 iteration 23477  walltime=  0.59h  Δwalltime=0.071s  timestep=17s  day=4.6
2025/08/21 01:12:02 iteration 23504  walltime= 0.591h  Δwalltime=0.069s  timestep=17s  day=4.61
2025/08/21 01:12:04 iteration 23531  walltime= 0.591h  Δwalltime=0.071s  timestep=17s  day=4.61
2025/08/21 01:12:06 iteration 23557  walltime= 0.592h  Δwalltime=0.074s  timestep=17s  day=4.62
2025/08/21 01:12:08 iteration 23583  walltime= 0.593h  Δwalltime=0.069s  timestep=17s  day=4.62
2025/08/21 01:12:10 Percent change since last convergence check:
VOC:			0.82%
VOC pop-wtd:		0.093%
SOA:			1.2%
SOA pop-wtd:		0.14%
PrimaryPM25:		0.65%
PrimaryPM25 pop-wtd:	0.073%
NH3:			0.62%
NH3 pop-wtd:		0.32%
pNH4:			1.1%
pNH4 pop-wtd:		0.36%
SOx:			0.03%
SOx pop-wtd:		0.0019%
pSO4:			0.87%
pSO4 pop-wtd:		0.32%
NOx:			1.5%
NOx pop-wtd:		0.35%
pNO3:			1.5%
pNO3 pop-wtd:		0.53%
2025/08/21 01:12:10 iteration 23608  walltime= 0.593h  Δwalltime=0.071s  timestep=17s  day=4.63
2025/08/21 01:12:12 iteration 23635  walltime= 0.594h  Δwalltime=0.076s  timestep=17s  day=4.63
2025/08/21 01:12:14 iteration 23661  walltime= 0.594h  Δwalltime=0.083s  timestep=17s  day=4.64
2025/08/21 01:12:16 iteration 23689  walltime= 0.595h  Δwalltime=0.087s  timestep=17s  day=4.65
2025/08/21 01:12:18 iteration 23716  walltime= 0.595h  Δwalltime=0.069s  timestep=17s  day=4.65
2025/08/21 01:12:20 iteration 23743  walltime= 0.596h  Δwalltime=0.07s  timestep=17s  day=4.66
2025/08/21 01:12:22 iteration 23770  walltime= 0.596h  Δwalltime=0.082s  timestep=17s  day=4.66
2025/08/21 01:12:24 iteration 23797  walltime= 0.597h  Δwalltime=0.069s  timestep=17s  day=4.67
2025/08/21 01:12:26 iteration 23825  walltime= 0.598h  Δwalltime=0.07s  timestep=17s  day=4.67
2025/08/21 01:12:28 iteration 23850  walltime= 0.598h  Δwalltime=0.086s  timestep=17s  day=4.68
2025/08/21 01:12:30 iteration 23878  walltime= 0.599h  Δwalltime=0.068s  timestep=17s  day=4.68
2025/08/21 01:12:32 iteration 23906  walltime= 0.599h  Δwalltime=0.069s  timestep=17s  day=4.69
2025/08/21 01:12:34 iteration 23932  walltime=   0.6h  Δwalltime=0.071s  timestep=17s  day=4.69
2025/08/21 01:12:36 iteration 23959  walltime=   0.6h  Δwalltime=0.072s  timestep=17s  day=4.7
2025/08/21 01:12:38 iteration 23987  walltime= 0.601h  Δwalltime=0.071s  timestep=17s  day=4.7
2025/08/21 01:12:40 iteration 24013  walltime= 0.601h  Δwalltime=0.068s  timestep=17s  day=4.71
2025/08/21 01:12:42 iteration 24040  walltime= 0.602h  Δwalltime=0.07s  timestep=17s  day=4.71
2025/08/21 01:12:44 iteration 24067  walltime= 0.603h  Δwalltime=0.069s  timestep=17s  day=4.72
2025/08/21 01:12:46 iteration 24094  walltime= 0.603h  Δwalltime=0.07s  timestep=17s  day=4.72
2025/08/21 01:12:48 iteration 24121  walltime= 0.604h  Δwalltime=0.076s  timestep=17s  day=4.73
2025/08/21 01:12:50 iteration 24149  walltime= 0.604h  Δwalltime=0.083s  timestep=17s  day=4.74
2025/08/21 01:12:52 iteration 24173  walltime= 0.605h  Δwalltime=0.084s  timestep=17s  day=4.74
2025/08/21 01:12:54 iteration 24200  walltime= 0.605h  Δwalltime=0.071s  timestep=17s  day=4.75
2025/08/21 01:12:56 iteration 24227  walltime= 0.606h  Δwalltime=0.089s  timestep=17s  day=4.75
2025/08/21 01:12:57 Percent change since last convergence check:
VOC:			0.77%
VOC pop-wtd:		0.088%
SOA:			1.2%
SOA pop-wtd:		0.13%
PrimaryPM25:		0.61%
PrimaryPM25 pop-wtd:	0.068%
NH3:			0.58%
NH3 pop-wtd:		0.3%
pNH4:			1%
pNH4 pop-wtd:		0.34%
SOx:			0.026%
SOx pop-wtd:		0.0016%
pSO4:			0.81%
pSO4 pop-wtd:		0.3%
NOx:			1.4%
NOx pop-wtd:		0.34%
pNO3:			1.5%
pNO3 pop-wtd:		0.5%
2025/08/21 01:12:58 iteration 24253  walltime= 0.606h  Δwalltime=0.086s  timestep=17s  day=4.76
2025/08/21 01:13:00 iteration 24279  walltime= 0.607h  Δwalltime=0.074s  timestep=17s  day=4.76
2025/08/21 01:13:02 iteration 24306  walltime= 0.608h  Δwalltime=0.08s  timestep=17s  day=4.77
2025/08/21 01:13:04 iteration 24333  walltime= 0.608h  Δwalltime=0.069s  timestep=17s  day=4.77
2025/08/21 01:13:06 iteration 24360  walltime= 0.609h  Δwalltime=0.072s  timestep=17s  day=4.78
2025/08/21 01:13:08 iteration 24385  walltime= 0.609h  Δwalltime=0.087s  timestep=17s  day=4.78
2025/08/21 01:13:10 iteration 24411  walltime=  0.61h  Δwalltime=0.07s  timestep=17s  day=4.79
2025/08/21 01:13:12 iteration 24438  walltime=  0.61h  Δwalltime=0.069s  timestep=17s  day=4.79
2025/08/21 01:13:14 iteration 24465  walltime= 0.611h  Δwalltime=0.075s  timestep=17s  day=4.8
2025/08/21 01:13:16 iteration 24492  walltime= 0.611h  Δwalltime=0.07s  timestep=17s  day=4.8
2025/08/21 01:13:18 iteration 24519  walltime= 0.612h  Δwalltime=0.068s  timestep=17s  day=4.81
2025/08/21 01:13:20 iteration 24546  walltime= 0.613h  Δwalltime=0.087s  timestep=17s  day=4.81
2025/08/21 01:13:22 iteration 24573  walltime= 0.613h  Δwalltime=0.069s  timestep=17s  day=4.82
2025/08/21 01:13:24 iteration 24600  walltime= 0.614h  Δwalltime=0.09s  timestep=17s  day=4.82
2025/08/21 01:13:26 iteration 24626  walltime= 0.614h  Δwalltime=0.081s  timestep=17s  day=4.83
2025/08/21 01:13:28 iteration 24653  walltime= 0.615h  Δwalltime=0.07s  timestep=17s  day=4.83
2025/08/21 01:13:30 iteration 24681  walltime= 0.615h  Δwalltime=0.079s  timestep=17s  day=4.84
2025/08/21 01:13:32 iteration 24708  walltime= 0.616h  Δwalltime=0.074s  timestep=17s  day=4.85
2025/08/21 01:13:34 iteration 24735  walltime= 0.616h  Δwalltime=0.077s  timestep=17s  day=4.85
2025/08/21 01:13:36 iteration 24761  walltime= 0.617h  Δwalltime=0.083s  timestep=17s  day=4.86
2025/08/21 01:13:38 iteration 24788  walltime= 0.618h  Δwalltime=0.082s  timestep=17s  day=4.86
2025/08/21 01:13:40 iteration 24815  walltime= 0.618h  Δwalltime=0.075s  timestep=17s  day=4.87
2025/08/21 01:13:42 iteration 24841  walltime= 0.619h  Δwalltime=0.069s  timestep=17s  day=4.87
2025/08/21 01:13:44 iteration 24869  walltime= 0.619h  Δwalltime=0.069s  timestep=17s  day=4.88
2025/08/21 01:13:45 Percent change since last convergence check:
VOC:			0.73%
VOC pop-wtd:		0.083%
SOA:			1.1%
SOA pop-wtd:		0.12%
PrimaryPM25:		0.57%
PrimaryPM25 pop-wtd:	0.063%
NH3:			0.54%
NH3 pop-wtd:		0.28%
pNH4:			0.96%
pNH4 pop-wtd:		0.32%
SOx:			0.023%
SOx pop-wtd:		0.0013%
pSO4:			0.76%
pSO4 pop-wtd:		0.27%
NOx:			1.3%
NOx pop-wtd:		0.32%
pNO3:			1.4%
pNO3 pop-wtd:		0.48%
2025/08/21 01:13:46 iteration 24894  walltime=  0.62h  Δwalltime=0.078s  timestep=17s  day=4.88
2025/08/21 01:13:48 iteration 24919  walltime=  0.62h  Δwalltime=0.095s  timestep=17s  day=4.89
2025/08/21 01:13:50 iteration 24946  walltime= 0.621h  Δwalltime=0.068s  timestep=17s  day=4.89
2025/08/21 01:13:52 iteration 24974  walltime= 0.621h  Δwalltime=0.07s  timestep=17s  day=4.9
2025/08/21 01:13:54 iteration 25001  walltime= 0.622h  Δwalltime=0.069s  timestep=17s  day=4.9
2025/08/21 01:13:56 iteration 25028  walltime= 0.623h  Δwalltime=0.086s  timestep=17s  day=4.91
2025/08/21 01:13:58 iteration 25056  walltime= 0.623h  Δwalltime=0.068s  timestep=17s  day=4.91
2025/08/21 01:14:00 iteration 25082  walltime= 0.624h  Δwalltime=0.07s  timestep=17s  day=4.92
2025/08/21 01:14:02 iteration 25110  walltime= 0.624h  Δwalltime=0.068s  timestep=17s  day=4.92
2025/08/21 01:14:04 iteration 25136  walltime= 0.625h  Δwalltime=0.077s  timestep=17s  day=4.93
2025/08/21 01:14:06 iteration 25162  walltime= 0.625h  Δwalltime=0.073s  timestep=17s  day=4.93
2025/08/21 01:14:08 iteration 25189  walltime= 0.626h  Δwalltime=0.069s  timestep=17s  day=4.94
2025/08/21 01:14:10 iteration 25216  walltime= 0.626h  Δwalltime=0.08s  timestep=17s  day=4.94
2025/08/21 01:14:12 iteration 25243  walltime= 0.627h  Δwalltime=0.071s  timestep=17s  day=4.95
2025/08/21 01:14:14 iteration 25271  walltime= 0.628h  Δwalltime=0.085s  timestep=17s  day=4.96
2025/08/21 01:14:16 iteration 25298  walltime= 0.628h  Δwalltime=0.069s  timestep=17s  day=4.96
2025/08/21 01:14:18 iteration 25325  walltime= 0.629h  Δwalltime=0.07s  timestep=17s  day=4.97
2025/08/21 01:14:20 iteration 25353  walltime= 0.629h  Δwalltime=0.077s  timestep=17s  day=4.97
2025/08/21 01:14:22 iteration 25378  walltime=  0.63h  Δwalltime=0.071s  timestep=17s  day=4.98
2025/08/21 01:14:24 iteration 25406  walltime=  0.63h  Δwalltime=0.07s  timestep=17s  day=4.98
2025/08/21 01:14:26 iteration 25434  walltime= 0.631h  Δwalltime=0.07s  timestep=17s  day=4.99
2025/08/21 01:14:28 iteration 25462  walltime= 0.631h  Δwalltime=0.07s  timestep=17s  day=4.99
2025/08/21 01:14:30 iteration 25490  walltime= 0.632h  Δwalltime=0.068s  timestep=17s  day=5
2025/08/21 01:14:32 iteration 25517  walltime= 0.633h  Δwalltime=0.069s  timestep=17s  day=5
2025/08/21 01:14:32 Percent change since last convergence check:
VOC:			0.68%
VOC pop-wtd:		0.078%
SOA:			1%
SOA pop-wtd:		0.12%
PrimaryPM25:		0.53%
PrimaryPM25 pop-wtd:	0.058%
NH3:			0.51%
NH3 pop-wtd:		0.26%
pNH4:			0.9%
pNH4 pop-wtd:		0.3%
SOx:			0.02%
SOx pop-wtd:		0.0011%
pSO4:			0.7%
pSO4 pop-wtd:		0.25%
NOx:			1.3%
NOx pop-wtd:		0.31%
pNO3:			1.3%
pNO3 pop-wtd:		0.46%
2025/08/21 01:14:34 iteration 25541  walltime= 0.633h  Δwalltime=0.07s  timestep=17s  day=5.01
2025/08/21 01:14:36 iteration 25567  walltime= 0.634h  Δwalltime=0.07s  timestep=17s  day=5.01
2025/08/21 01:14:38 iteration 25594  walltime= 0.634h  Δwalltime=0.085s  timestep=17s  day=5.02
2025/08/21 01:14:40 iteration 25620  walltime= 0.635h  Δwalltime=0.07s  timestep=17s  day=5.02
2025/08/21 01:14:42 iteration 25647  walltime= 0.635h  Δwalltime=0.082s  timestep=17s  day=5.03
2025/08/21 01:14:44 iteration 25674  walltime= 0.636h  Δwalltime=0.069s  timestep=17s  day=5.03
2025/08/21 01:14:46 iteration 25702  walltime= 0.636h  Δwalltime=0.069s  timestep=17s  day=5.04
2025/08/21 01:14:48 iteration 25729  walltime= 0.637h  Δwalltime=0.068s  timestep=17s  day=5.05
2025/08/21 01:14:50 iteration 25755  walltime= 0.638h  Δwalltime=0.078s  timestep=17s  day=5.05
2025/08/21 01:14:52 iteration 25781  walltime= 0.638h  Δwalltime=0.11s  timestep=17s  day=5.06
2025/08/21 01:14:54 iteration 25808  walltime= 0.639h  Δwalltime=0.071s  timestep=17s  day=5.06
2025/08/21 01:14:56 iteration 25835  walltime= 0.639h  Δwalltime=0.071s  timestep=17s  day=5.07
2025/08/21 01:14:58 iteration 25862  walltime=  0.64h  Δwalltime=0.075s  timestep=17s  day=5.07
2025/08/21 01:15:00 iteration 25890  walltime=  0.64h  Δwalltime=0.07s  timestep=17s  day=5.08
2025/08/21 01:15:02 iteration 25916  walltime= 0.641h  Δwalltime=0.07s  timestep=17s  day=5.08
2025/08/21 01:15:04 iteration 25944  walltime= 0.641h  Δwalltime=0.076s  timestep=17s  day=5.09
2025/08/21 01:15:06 iteration 25968  walltime= 0.642h  Δwalltime=0.077s  timestep=17s  day=5.09
2025/08/21 01:15:08 iteration 25995  walltime= 0.643h  Δwalltime=0.069s  timestep=17s  day=5.1
2025/08/21 01:15:10 iteration 26022  walltime= 0.643h  Δwalltime=0.083s  timestep=17s  day=5.1
2025/08/21 01:15:12 iteration 26049  walltime= 0.644h  Δwalltime=0.081s  timestep=17s  day=5.11
2025/08/21 01:15:14 iteration 26075  walltime= 0.644h  Δwalltime=0.069s  timestep=17s  day=5.11
2025/08/21 01:15:16 iteration 26102  walltime= 0.645h  Δwalltime=0.069s  timestep=17s  day=5.12
2025/08/21 01:15:18 iteration 26129  walltime= 0.645h  Δwalltime=0.086s  timestep=17s  day=5.12
2025/08/21 01:15:20 iteration 26156  walltime= 0.646h  Δwalltime=0.068s  timestep=17s  day=5.13
2025/08/21 01:15:20 Percent change since last convergence check:
VOC:			0.65%
VOC pop-wtd:		0.074%
SOA:			0.98%
SOA pop-wtd:		0.11%
PrimaryPM25:		0.5%
PrimaryPM25 pop-wtd:	0.054%
NH3:			0.47%
NH3 pop-wtd:		0.24%
pNH4:			0.85%
pNH4 pop-wtd:		0.28%
SOx:			0.017%
SOx pop-wtd:		0.00096%
pSO4:			0.66%
pSO4 pop-wtd:		0.23%
NOx:			1.2%
NOx pop-wtd:		0.29%
pNO3:			1.3%
pNO3 pop-wtd:		0.44%
2025/08/21 01:15:22 iteration 26181  walltime= 0.646h  Δwalltime=0.079s  timestep=17s  day=5.13
2025/08/21 01:15:24 iteration 26207  walltime= 0.647h  Δwalltime=0.076s  timestep=17s  day=5.14
2025/08/21 01:15:26 iteration 26235  walltime= 0.648h  Δwalltime=0.072s  timestep=17s  day=5.14
2025/08/21 01:15:28 iteration 26263  walltime= 0.648h  Δwalltime=0.069s  timestep=17s  day=5.15
2025/08/21 01:15:30 iteration 26289  walltime= 0.649h  Δwalltime=0.072s  timestep=17s  day=5.16
2025/08/21 01:15:32 iteration 26317  walltime= 0.649h  Δwalltime=0.07s  timestep=17s  day=5.16
2025/08/21 01:15:34 iteration 26344  walltime=  0.65h  Δwalltime=0.081s  timestep=17s  day=5.17
2025/08/21 01:15:36 iteration 26371  walltime=  0.65h  Δwalltime=0.069s  timestep=17s  day=5.17
2025/08/21 01:15:38 iteration 26399  walltime= 0.651h  Δwalltime=0.07s  timestep=17s  day=5.18
2025/08/21 01:15:40 iteration 26425  walltime= 0.651h  Δwalltime=0.084s  timestep=17s  day=5.18
2025/08/21 01:15:42 iteration 26451  walltime= 0.652h  Δwalltime=0.069s  timestep=17s  day=5.19
2025/08/21 01:15:44 iteration 26479  walltime= 0.653h  Δwalltime=0.069s  timestep=17s  day=5.19
2025/08/21 01:15:46 iteration 26506  walltime= 0.653h  Δwalltime=0.075s  timestep=17s  day=5.2
2025/08/21 01:15:48 iteration 26533  walltime= 0.654h  Δwalltime=0.087s  timestep=17s  day=5.2
2025/08/21 01:15:50 iteration 26560  walltime= 0.654h  Δwalltime=0.075s  timestep=17s  day=5.21
2025/08/21 01:15:52 iteration 26586  walltime= 0.655h  Δwalltime=0.07s  timestep=17s  day=5.21
2025/08/21 01:15:54 iteration 26614  walltime= 0.655h  Δwalltime=0.07s  timestep=17s  day=5.22
2025/08/21 01:15:56 iteration 26642  walltime= 0.656h  Δwalltime=0.07s  timestep=17s  day=5.22
2025/08/21 01:15:58 iteration 26667  walltime= 0.656h  Δwalltime=0.072s  timestep=17s  day=5.23
2025/08/21 01:16:00 iteration 26695  walltime= 0.657h  Δwalltime=0.069s  timestep=17s  day=5.23
2025/08/21 01:16:02 iteration 26722  walltime= 0.658h  Δwalltime=0.072s  timestep=17s  day=5.24
2025/08/21 01:16:04 iteration 26749  walltime= 0.658h  Δwalltime=0.079s  timestep=17s  day=5.25
2025/08/21 01:16:06 iteration 26775  walltime= 0.659h  Δwalltime=0.078s  timestep=17s  day=5.25
2025/08/21 01:16:08 Percent change since last convergence check:
VOC:			0.61%
VOC pop-wtd:		0.07%
SOA:			0.93%
SOA pop-wtd:		0.1%
PrimaryPM25:		0.47%
PrimaryPM25 pop-wtd:	0.051%
NH3:			0.44%
NH3 pop-wtd:		0.23%
pNH4:			0.8%
pNH4 pop-wtd:		0.27%
SOx:			0.015%
SOx pop-wtd:		0.00081%
pSO4:			0.61%
pSO4 pop-wtd:		0.21%
NOx:			1.2%
NOx pop-wtd:		0.28%
pNO3:			1.2%
pNO3 pop-wtd:		0.42%
2025/08/21 01:16:08 iteration 26800  walltime= 0.659h  Δwalltime=0.07s  timestep=17s  day=5.26
2025/08/21 01:16:10 iteration 26826  walltime=  0.66h  Δwalltime=0.069s  timestep=17s  day=5.26
2025/08/21 01:16:12 iteration 26854  walltime=  0.66h  Δwalltime=0.068s  timestep=17s  day=5.27
2025/08/21 01:16:14 iteration 26881  walltime= 0.661h  Δwalltime=0.084s  timestep=17s  day=5.27
2025/08/21 01:16:16 iteration 26907  walltime= 0.661h  Δwalltime=0.076s  timestep=17s  day=5.28
2025/08/21 01:16:18 iteration 26935  walltime= 0.662h  Δwalltime=0.085s  timestep=17s  day=5.28
2025/08/21 01:16:20 iteration 26961  walltime= 0.663h  Δwalltime=0.085s  timestep=17s  day=5.29
2025/08/21 01:16:22 iteration 26987  walltime= 0.663h  Δwalltime=0.095s  timestep=17s  day=5.29
2025/08/21 01:16:24 iteration 27014  walltime= 0.664h  Δwalltime=0.068s  timestep=17s  day=5.3
2025/08/21 01:16:26 iteration 27039  walltime= 0.664h  Δwalltime=0.072s  timestep=17s  day=5.3
2025/08/21 01:16:28 iteration 27066  walltime= 0.665h  Δwalltime=0.079s  timestep=17s  day=5.31
2025/08/21 01:16:30 iteration 27093  walltime= 0.665h  Δwalltime=0.069s  timestep=17s  day=5.31
2025/08/21 01:16:32 iteration 27120  walltime= 0.666h  Δwalltime=0.07s  timestep=17s  day=5.32
2025/08/21 01:16:34 iteration 27147  walltime= 0.666h  Δwalltime=0.07s  timestep=17s  day=5.32
2025/08/21 01:16:36 iteration 27174  walltime= 0.667h  Δwalltime=0.077s  timestep=17s  day=5.33
2025/08/21 01:16:38 iteration 27200  walltime= 0.668h  Δwalltime=0.072s  timestep=17s  day=5.33
2025/08/21 01:16:40 iteration 27228  walltime= 0.668h  Δwalltime=0.073s  timestep=17s  day=5.34
2025/08/21 01:16:42 iteration 27255  walltime= 0.669h  Δwalltime=0.071s  timestep=17s  day=5.34
2025/08/21 01:16:44 iteration 27282  walltime= 0.669h  Δwalltime=0.07s  timestep=17s  day=5.35
2025/08/21 01:16:46 iteration 27309  walltime=  0.67h  Δwalltime=0.072s  timestep=17s  day=5.36
2025/08/21 01:16:48 iteration 27337  walltime=  0.67h  Δwalltime=0.086s  timestep=17s  day=5.36
2025/08/21 01:16:50 iteration 27364  walltime= 0.671h  Δwalltime=0.072s  timestep=17s  day=5.37
2025/08/21 01:16:52 iteration 27391  walltime= 0.671h  Δwalltime=0.072s  timestep=17s  day=5.37
2025/08/21 01:16:54 iteration 27416  walltime= 0.672h  Δwalltime=0.083s  timestep=17s  day=5.38
2025/08/21 01:16:55 Percent change since last convergence check:
VOC:			0.58%
VOC pop-wtd:		0.066%
SOA:			0.88%
SOA pop-wtd:		0.097%
PrimaryPM25:		0.44%
PrimaryPM25 pop-wtd:	0.047%
NH3:			0.42%
NH3 pop-wtd:		0.21%
pNH4:			0.75%
pNH4 pop-wtd:		0.25%
SOx:			0.013%
SOx pop-wtd:		0.00069%
pSO4:			0.57%
pSO4 pop-wtd:		0.2%
NOx:			1.1%
NOx pop-wtd:		0.27%
pNO3:			1.1%
pNO3 pop-wtd:		0.41%
2025/08/21 01:16:56 iteration 27441  walltime= 0.673h  Δwalltime=0.083s  timestep=17s  day=5.38
2025/08/21 01:16:58 iteration 27468  walltime= 0.673h  Δwalltime=0.068s  timestep=17s  day=5.39
2025/08/21 01:17:00 iteration 27494  walltime= 0.674h  Δwalltime=0.072s  timestep=17s  day=5.39
2025/08/21 01:17:02 iteration 27521  walltime= 0.674h  Δwalltime=0.069s  timestep=17s  day=5.4
2025/08/21 01:17:04 iteration 27548  walltime= 0.675h  Δwalltime=0.087s  timestep=17s  day=5.4
2025/08/21 01:17:06 iteration 27573  walltime= 0.675h  Δwalltime=0.069s  timestep=17s  day=5.41
2025/08/21 01:17:08 iteration 27601  walltime= 0.676h  Δwalltime=0.069s  timestep=17s  day=5.41
2025/08/21 01:17:10 iteration 27629  walltime= 0.676h  Δwalltime=0.07s  timestep=17s  day=5.42
2025/08/21 01:17:12 iteration 27655  walltime= 0.677h  Δwalltime=0.083s  timestep=17s  day=5.42
2025/08/21 01:17:14 iteration 27682  walltime= 0.678h  Δwalltime=0.085s  timestep=17s  day=5.43
2025/08/21 01:17:16 iteration 27709  walltime= 0.678h  Δwalltime=0.069s  timestep=17s  day=5.43
2025/08/21 01:17:18 iteration 27736  walltime= 0.679h  Δwalltime=0.069s  timestep=17s  day=5.44
2025/08/21 01:17:20 iteration 27763  walltime= 0.679h  Δwalltime=0.071s  timestep=17s  day=5.44
2025/08/21 01:17:22 iteration 27791  walltime=  0.68h  Δwalltime=0.075s  timestep=17s  day=5.45
2025/08/21 01:17:24 iteration 27818  walltime=  0.68h  Δwalltime=0.08s  timestep=17s  day=5.46
2025/08/21 01:17:26 iteration 27845  walltime= 0.681h  Δwalltime=0.07s  timestep=17s  day=5.46
2025/08/21 01:17:28 iteration 27871  walltime= 0.681h  Δwalltime=0.079s  timestep=17s  day=5.47
2025/08/21 01:17:30 iteration 27899  walltime= 0.682h  Δwalltime=0.072s  timestep=17s  day=5.47
2025/08/21 01:17:32 iteration 27927  walltime= 0.683h  Δwalltime=0.068s  timestep=17s  day=5.48
2025/08/21 01:17:34 iteration 27954  walltime= 0.683h  Δwalltime=0.07s  timestep=17s  day=5.48
2025/08/21 01:17:36 iteration 27980  walltime= 0.684h  Δwalltime=0.088s  timestep=17s  day=5.49
2025/08/21 01:17:38 iteration 28008  walltime= 0.684h  Δwalltime=0.069s  timestep=17s  day=5.49
2025/08/21 01:17:40 iteration 28034  walltime= 0.685h  Δwalltime=0.07s  timestep=17s  day=5.5
2025/08/21 01:17:42 iteration 28061  walltime= 0.685h  Δwalltime=0.092s  timestep=17s  day=5.5
2025/08/21 01:17:43 Percent change since last convergence check:
VOC:			0.54%
VOC pop-wtd:		0.062%
SOA:			0.83%
SOA pop-wtd:		0.092%
PrimaryPM25:		0.41%
PrimaryPM25 pop-wtd:	0.044%
NH3:			0.39%
NH3 pop-wtd:		0.2%
pNH4:			0.71%
pNH4 pop-wtd:		0.23%
SOx:			0.012%
SOx pop-wtd:		0.00058%
pSO4:			0.53%
pSO4 pop-wtd:		0.18%
NOx:			1.1%
NOx pop-wtd:		0.26%
pNO3:			1.1%
pNO3 pop-wtd:		0.39%
2025/08/21 01:17:44 iteration 28087  walltime= 0.686h  Δwalltime=0.076s  timestep=17s  day=5.51
2025/08/21 01:17:46 iteration 28113  walltime= 0.686h  Δwalltime=0.078s  timestep=17s  day=5.51
2025/08/21 01:17:48 iteration 28141  walltime= 0.687h  Δwalltime=0.076s  timestep=17s  day=5.52
2025/08/21 01:17:50 iteration 28168  walltime= 0.688h  Δwalltime=0.074s  timestep=17s  day=5.52
2025/08/21 01:17:52 iteration 28194  walltime= 0.688h  Δwalltime=0.069s  timestep=17s  day=5.53
2025/08/21 01:17:54 iteration 28221  walltime= 0.689h  Δwalltime=0.068s  timestep=17s  day=5.53
2025/08/21 01:17:56 iteration 28248  walltime= 0.689h  Δwalltime=0.077s  timestep=17s  day=5.54
2025/08/21 01:17:58 iteration 28275  walltime=  0.69h  Δwalltime=0.07s  timestep=17s  day=5.54
2025/08/21 01:18:00 iteration 28302  walltime=  0.69h  Δwalltime=0.071s  timestep=17s  day=5.55
2025/08/21 01:18:02 iteration 28328  walltime= 0.691h  Δwalltime=0.083s  timestep=17s  day=5.56
2025/08/21 01:18:04 iteration 28355  walltime= 0.691h  Δwalltime=0.079s  timestep=17s  day=5.56
2025/08/21 01:18:06 iteration 28383  walltime= 0.692h  Δwalltime=0.07s  timestep=17s  day=5.57
2025/08/21 01:18:08 iteration 28410  walltime= 0.693h  Δwalltime=0.069s  timestep=17s  day=5.57
2025/08/21 01:18:10 iteration 28436  walltime= 0.693h  Δwalltime=0.073s  timestep=17s  day=5.58
2025/08/21 01:18:12 iteration 28464  walltime= 0.694h  Δwalltime=0.069s  timestep=17s  day=5.58
2025/08/21 01:18:14 iteration 28490  walltime= 0.694h  Δwalltime=0.071s  timestep=17s  day=5.59
2025/08/21 01:18:16 iteration 28517  walltime= 0.695h  Δwalltime=0.074s  timestep=17s  day=5.59
2025/08/21 01:18:18 iteration 28544  walltime= 0.695h  Δwalltime=0.07s  timestep=17s  day=5.6
2025/08/21 01:18:20 iteration 28568  walltime= 0.696h  Δwalltime=0.081s  timestep=17s  day=5.6
2025/08/21 01:18:22 iteration 28596  walltime= 0.696h  Δwalltime=0.083s  timestep=17s  day=5.61
2025/08/21 01:18:24 iteration 28623  walltime= 0.697h  Δwalltime=0.071s  timestep=17s  day=5.61
2025/08/21 01:18:26 iteration 28649  walltime= 0.698h  Δwalltime=0.07s  timestep=17s  day=5.62
2025/08/21 01:18:28 iteration 28676  walltime= 0.698h  Δwalltime=0.072s  timestep=17s  day=5.62
2025/08/21 01:18:30 iteration 28704  walltime= 0.699h  Δwalltime=0.075s  timestep=17s  day=5.63
2025/08/21 01:18:30 Percent change since last convergence check:
VOC:			0.51%
VOC pop-wtd:		0.059%
SOA:			0.79%
SOA pop-wtd:		0.087%
PrimaryPM25:		0.38%
PrimaryPM25 pop-wtd:	0.041%
NH3:			0.37%
NH3 pop-wtd:		0.19%
pNH4:			0.67%
pNH4 pop-wtd:		0.22%
SOx:			0.01%
SOx pop-wtd:		0.00049%
pSO4:			0.5%
pSO4 pop-wtd:		0.17%
NOx:			1%
NOx pop-wtd:		0.25%
pNO3:			1%
pNO3 pop-wtd:		0.37%
2025/08/21 01:18:32 iteration 28728  walltime= 0.699h  Δwalltime=0.072s  timestep=17s  day=5.63
2025/08/21 01:18:34 iteration 28756  walltime=   0.7h  Δwalltime=0.093s  timestep=17s  day=5.64
2025/08/21 01:18:36 iteration 28782  walltime=   0.7h  Δwalltime=0.081s  timestep=17s  day=5.64
2025/08/21 01:18:38 iteration 28810  walltime= 0.701h  Δwalltime=0.069s  timestep=17s  day=5.65
2025/08/21 01:18:40 iteration 28837  walltime= 0.701h  Δwalltime=0.073s  timestep=17s  day=5.65
2025/08/21 01:18:42 iteration 28863  walltime= 0.702h  Δwalltime=0.081s  timestep=17s  day=5.66
2025/08/21 01:18:44 iteration 28891  walltime= 0.703h  Δwalltime=0.074s  timestep=17s  day=5.67
2025/08/21 01:18:46 iteration 28918  walltime= 0.703h  Δwalltime=0.07s  timestep=17s  day=5.67
2025/08/21 01:18:48 iteration 28945  walltime= 0.704h  Δwalltime=0.077s  timestep=17s  day=5.68
2025/08/21 01:18:50 iteration 28972  walltime= 0.704h  Δwalltime=0.092s  timestep=17s  day=5.68
2025/08/21 01:18:52 iteration 28998  walltime= 0.705h  Δwalltime=0.072s  timestep=17s  day=5.69
2025/08/21 01:18:54 iteration 29024  walltime= 0.705h  Δwalltime=0.074s  timestep=17s  day=5.69
2025/08/21 01:18:56 iteration 29052  walltime= 0.706h  Δwalltime=0.075s  timestep=17s  day=5.7
2025/08/21 01:18:58 iteration 29079  walltime= 0.706h  Δwalltime=0.071s  timestep=17s  day=5.7
2025/08/21 01:19:00 iteration 29106  walltime= 0.707h  Δwalltime=0.069s  timestep=17s  day=5.71
2025/08/21 01:19:02 iteration 29133  walltime= 0.708h  Δwalltime=0.072s  timestep=17s  day=5.71
2025/08/21 01:19:04 iteration 29160  walltime= 0.708h  Δwalltime=0.079s  timestep=17s  day=5.72
2025/08/21 01:19:06 iteration 29187  walltime= 0.709h  Δwalltime=0.071s  timestep=17s  day=5.72
2025/08/21 01:19:08 iteration 29215  walltime= 0.709h  Δwalltime=0.069s  timestep=17s  day=5.73
2025/08/21 01:19:10 iteration 29241  walltime=  0.71h  Δwalltime=0.07s  timestep=17s  day=5.73
2025/08/21 01:19:12 iteration 29267  walltime=  0.71h  Δwalltime=0.084s  timestep=17s  day=5.74
2025/08/21 01:19:14 iteration 29294  walltime= 0.711h  Δwalltime=0.085s  timestep=17s  day=5.74
2025/08/21 01:19:16 iteration 29320  walltime= 0.711h  Δwalltime=0.07s  timestep=17s  day=5.75
2025/08/21 01:19:18 iteration 29347  walltime= 0.712h  Δwalltime=0.075s  timestep=17s  day=5.75
2025/08/21 01:19:18 Percent change since last convergence check:
VOC:			0.49%
VOC pop-wtd:		0.056%
SOA:			0.75%
SOA pop-wtd:		0.082%
PrimaryPM25:		0.36%
PrimaryPM25 pop-wtd:	0.038%
NH3:			0.34%
NH3 pop-wtd:		0.18%
pNH4:			0.63%
pNH4 pop-wtd:		0.21%
SOx:			0.009%
SOx pop-wtd:		0.00042%
pSO4:			0.47%
pSO4 pop-wtd:		0.16%
NOx:			0.97%
NOx pop-wtd:		0.24%
pNO3:			0.99%
pNO3 pop-wtd:		0.36%
2025/08/21 01:19:20 iteration 29372  walltime= 0.713h  Δwalltime=0.076s  timestep=17s  day=5.76
2025/08/21 01:19:22 iteration 29398  walltime= 0.713h  Δwalltime=0.071s  timestep=17s  day=5.76
2025/08/21 01:19:24 iteration 29426  walltime= 0.714h  Δwalltime=0.088s  timestep=17s  day=5.77
2025/08/21 01:19:26 iteration 29453  walltime= 0.714h  Δwalltime=0.07s  timestep=17s  day=5.78
2025/08/21 01:19:28 iteration 29479  walltime= 0.715h  Δwalltime=0.081s  timestep=17s  day=5.78
2025/08/21 01:19:30 iteration 29506  walltime= 0.715h  Δwalltime=0.076s  timestep=17s  day=5.79
2025/08/21 01:19:32 iteration 29534  walltime= 0.716h  Δwalltime=0.079s  timestep=17s  day=5.79
2025/08/21 01:19:34 iteration 29560  walltime= 0.716h  Δwalltime=0.07s  timestep=17s  day=5.8
2025/08/21 01:19:36 iteration 29589  walltime= 0.717h  Δwalltime=0.073s  timestep=17s  day=5.8
2025/08/21 01:19:38 iteration 29616  walltime= 0.718h  Δwalltime=0.082s  timestep=17s  day=5.81
2025/08/21 01:19:40 iteration 29641  walltime= 0.718h  Δwalltime=0.082s  timestep=17s  day=5.81
2025/08/21 01:19:42 iteration 29669  walltime= 0.719h  Δwalltime=0.068s  timestep=17s  day=5.82
2025/08/21 01:19:44 iteration 29695  walltime= 0.719h  Δwalltime=0.081s  timestep=17s  day=5.82
2025/08/21 01:19:46 iteration 29722  walltime=  0.72h  Δwalltime=0.068s  timestep=17s  day=5.83
2025/08/21 01:19:48 iteration 29750  walltime=  0.72h  Δwalltime=0.07s  timestep=17s  day=5.83
2025/08/21 01:19:50 iteration 29775  walltime= 0.721h  Δwalltime=0.069s  timestep=17s  day=5.84
2025/08/21 01:19:52 iteration 29803  walltime= 0.721h  Δwalltime=0.069s  timestep=17s  day=5.84
2025/08/21 01:19:54 iteration 29830  walltime= 0.722h  Δwalltime=0.077s  timestep=17s  day=5.85
2025/08/21 01:19:56 iteration 29857  walltime= 0.723h  Δwalltime=0.069s  timestep=17s  day=5.85
2025/08/21 01:19:58 iteration 29884  walltime= 0.723h  Δwalltime=0.084s  timestep=17s  day=5.86
2025/08/21 01:20:00 iteration 29912  walltime= 0.724h  Δwalltime=0.07s  timestep=17s  day=5.87
2025/08/21 01:20:02 iteration 29939  walltime= 0.724h  Δwalltime=0.07s  timestep=17s  day=5.87
2025/08/21 01:20:04 iteration 29965  walltime= 0.725h  Δwalltime=0.086s  timestep=17s  day=5.88
2025/08/21 01:20:06 Percent change since last convergence check:
VOC:			0.46%
VOC pop-wtd:		0.053%
SOA:			0.71%
SOA pop-wtd:		0.078%
PrimaryPM25:		0.34%
PrimaryPM25 pop-wtd:	0.036%
NH3:			0.32%
NH3 pop-wtd:		0.17%
pNH4:			0.59%
pNH4 pop-wtd:		0.19%
SOx:			0.0079%
SOx pop-wtd:		0.00035%
pSO4:			0.44%
pSO4 pop-wtd:		0.14%
NOx:			0.93%
NOx pop-wtd:		0.23%
pNO3:			0.95%
pNO3 pop-wtd:		0.35%
2025/08/21 01:20:06 iteration 29990  walltime= 0.725h  Δwalltime=0.072s  timestep=17s  day=5.88
2025/08/21 01:20:08 iteration 30017  walltime= 0.726h  Δwalltime=0.07s  timestep=17s  day=5.89
2025/08/21 01:20:10 iteration 30045  walltime= 0.726h  Δwalltime=0.068s  timestep=17s  day=5.89
2025/08/21 01:20:12 iteration 30072  walltime= 0.727h  Δwalltime=0.082s  timestep=17s  day=5.9
2025/08/21 01:20:14 iteration 30098  walltime= 0.728h  Δwalltime=0.07s  timestep=17s  day=5.9
2025/08/21 01:20:16 iteration 30126  walltime= 0.728h  Δwalltime=0.071s  timestep=17s  day=5.91
2025/08/21 01:20:18 iteration 30152  walltime= 0.729h  Δwalltime=0.085s  timestep=17s  day=5.91
2025/08/21 01:20:20 iteration 30180  walltime= 0.729h  Δwalltime=0.071s  timestep=17s  day=5.92
2025/08/21 01:20:22 iteration 30206  walltime=  0.73h  Δwalltime=0.083s  timestep=17s  day=5.92
2025/08/21 01:20:24 iteration 30232  walltime=  0.73h  Δwalltime=0.08s  timestep=17s  day=5.93
2025/08/21 01:20:26 iteration 30260  walltime= 0.731h  Δwalltime=0.074s  timestep=17s  day=5.93
2025/08/21 01:20:28 iteration 30288  walltime= 0.731h  Δwalltime=0.07s  timestep=17s  day=5.94
2025/08/21 01:20:30 iteration 30314  walltime= 0.732h  Δwalltime=0.084s  timestep=17s  day=5.94
2025/08/21 01:20:32 iteration 30341  walltime= 0.733h  Δwalltime=0.069s  timestep=17s  day=5.95
2025/08/21 01:20:34 iteration 30367  walltime= 0.733h  Δwalltime=0.069s  timestep=17s  day=5.95
2025/08/21 01:20:36 iteration 30394  walltime= 0.734h  Δwalltime=0.078s  timestep=17s  day=5.96
2025/08/21 01:20:38 iteration 30422  walltime= 0.734h  Δwalltime=0.07s  timestep=17s  day=5.97
2025/08/21 01:20:40 iteration 30449  walltime= 0.735h  Δwalltime=0.075s  timestep=17s  day=5.97
2025/08/21 01:20:42 iteration 30475  walltime= 0.735h  Δwalltime=0.07s  timestep=17s  day=5.98
2025/08/21 01:20:44 iteration 30501  walltime= 0.736h  Δwalltime=0.07s  timestep=17s  day=5.98
2025/08/21 01:20:46 iteration 30529  walltime= 0.736h  Δwalltime=0.073s  timestep=17s  day=5.99
2025/08/21 01:20:48 iteration 30556  walltime= 0.737h  Δwalltime=0.081s  timestep=17s  day=5.99
2025/08/21 01:20:50 iteration 30583  walltime= 0.738h  Δwalltime=0.086s  timestep=17s  day=6
2025/08/21 01:20:52 iteration 30609  walltime= 0.738h  Δwalltime=0.079s  timestep=17s  day=6
2025/08/21 01:20:53 Percent change since last convergence check:
VOC:			0.43%
VOC pop-wtd:		0.05%
SOA:			0.67%
SOA pop-wtd:		0.073%
PrimaryPM25:		0.32%
PrimaryPM25 pop-wtd:	0.033%
NH3:			0.3%
NH3 pop-wtd:		0.16%
pNH4:			0.56%
pNH4 pop-wtd:		0.18%
SOx:			0.007%
SOx pop-wtd:		0.0003%
pSO4:			0.41%
pSO4 pop-wtd:		0.13%
NOx:			0.89%
NOx pop-wtd:		0.22%
pNO3:			0.9%
pNO3 pop-wtd:		0.33%
2025/08/21 01:20:54 iteration 30632  walltime= 0.739h  Δwalltime=0.07s  timestep=17s  day=6.01
2025/08/21 01:20:56 iteration 30659  walltime= 0.739h  Δwalltime=0.07s  timestep=17s  day=6.01
2025/08/21 01:20:58 iteration 30685  walltime=  0.74h  Δwalltime=0.068s  timestep=17s  day=6.02
2025/08/21 01:21:00 iteration 30713  walltime=  0.74h  Δwalltime=0.071s  timestep=17s  day=6.02
2025/08/21 01:21:02 iteration 30740  walltime= 0.741h  Δwalltime=0.069s  timestep=17s  day=6.03
2025/08/21 01:21:04 iteration 30767  walltime= 0.741h  Δwalltime=0.073s  timestep=17s  day=6.03
2025/08/21 01:21:06 iteration 30794  walltime= 0.742h  Δwalltime=0.07s  timestep=17s  day=6.04
2025/08/21 01:21:08 iteration 30822  walltime= 0.743h  Δwalltime=0.068s  timestep=17s  day=6.04
2025/08/21 01:21:10 iteration 30848  walltime= 0.743h  Δwalltime=0.069s  timestep=17s  day=6.05
2025/08/21 01:21:12 iteration 30876  walltime= 0.744h  Δwalltime=0.074s  timestep=17s  day=6.05
2025/08/21 01:21:14 iteration 30904  walltime= 0.744h  Δwalltime=0.085s  timestep=17s  day=6.06
2025/08/21 01:21:16 iteration 30930  walltime= 0.745h  Δwalltime=0.068s  timestep=17s  day=6.07
2025/08/21 01:21:18 iteration 30957  walltime= 0.745h  Δwalltime=0.07s  timestep=17s  day=6.07
2025/08/21 01:21:20 iteration 30985  walltime= 0.746h  Δwalltime=0.09s  timestep=17s  day=6.08
2025/08/21 01:21:22 iteration 31012  walltime= 0.746h  Δwalltime=0.074s  timestep=17s  day=6.08
2025/08/21 01:21:24 iteration 31038  walltime= 0.747h  Δwalltime=0.073s  timestep=17s  day=6.09
2025/08/21 01:21:26 iteration 31065  walltime= 0.748h  Δwalltime=0.083s  timestep=17s  day=6.09
2025/08/21 01:21:28 iteration 31092  walltime= 0.748h  Δwalltime=0.071s  timestep=17s  day=6.1
2025/08/21 01:21:30 iteration 31118  walltime= 0.749h  Δwalltime=0.069s  timestep=17s  day=6.1
2025/08/21 01:21:32 iteration 31145  walltime= 0.749h  Δwalltime=0.069s  timestep=17s  day=6.11
2025/08/21 01:21:34 iteration 31172  walltime=  0.75h  Δwalltime=0.069s  timestep=17s  day=6.11
2025/08/21 01:21:36 iteration 31200  walltime=  0.75h  Δwalltime=0.076s  timestep=17s  day=6.12
2025/08/21 01:21:38 iteration 31227  walltime= 0.751h  Δwalltime=0.072s  timestep=17s  day=6.12
2025/08/21 01:21:40 iteration 31255  walltime= 0.751h  Δwalltime=0.068s  timestep=17s  day=6.13
2025/08/21 01:21:41 Percent change since last convergence check:
VOC:			0.41%
VOC pop-wtd:		0.047%
SOA:			0.63%
SOA pop-wtd:		0.069%
PrimaryPM25:		0.3%
PrimaryPM25 pop-wtd:	0.031%
NH3:			0.28%
NH3 pop-wtd:		0.15%
pNH4:			0.53%
pNH4 pop-wtd:		0.17%
SOx:			0.0061%
SOx pop-wtd:		0.00025%
pSO4:			0.38%
pSO4 pop-wtd:		0.12%
NOx:			0.85%
NOx pop-wtd:		0.21%
pNO3:			0.86%
pNO3 pop-wtd:		0.32%
2025/08/21 01:21:42 iteration 31280  walltime= 0.752h  Δwalltime=0.072s  timestep=17s  day=6.13
2025/08/21 01:21:44 iteration 31306  walltime= 0.753h  Δwalltime=0.07s  timestep=17s  day=6.14
2025/08/21 01:21:46 iteration 31335  walltime= 0.753h  Δwalltime=0.07s  timestep=17s  day=6.14
2025/08/21 01:21:48 iteration 31362  walltime= 0.754h  Δwalltime=0.083s  timestep=17s  day=6.15
2025/08/21 01:21:50 iteration 31388  walltime= 0.754h  Δwalltime=0.084s  timestep=17s  day=6.16
2025/08/21 01:21:52 iteration 31415  walltime= 0.755h  Δwalltime=0.075s  timestep=17s  day=6.16
2025/08/21 01:21:54 iteration 31442  walltime= 0.755h  Δwalltime=0.093s  timestep=17s  day=6.17
2025/08/21 01:21:56 iteration 31469  walltime= 0.756h  Δwalltime=0.074s  timestep=17s  day=6.17
2025/08/21 01:21:58 iteration 31497  walltime= 0.756h  Δwalltime=0.071s  timestep=17s  day=6.18
2025/08/21 01:22:00 iteration 31523  walltime= 0.757h  Δwalltime=0.073s  timestep=17s  day=6.18
2025/08/21 01:22:02 iteration 31551  walltime= 0.758h  Δwalltime=0.072s  timestep=17s  day=6.19
2025/08/21 01:22:04 iteration 31577  walltime= 0.758h  Δwalltime=0.086s  timestep=17s  day=6.19
2025/08/21 01:22:06 iteration 31603  walltime= 0.759h  Δwalltime=0.076s  timestep=17s  day=6.2
2025/08/21 01:22:08 iteration 31630  walltime= 0.759h  Δwalltime=0.068s  timestep=17s  day=6.2
2025/08/21 01:22:10 iteration 31658  walltime=  0.76h  Δwalltime=0.071s  timestep=17s  day=6.21
2025/08/21 01:22:12 iteration 31685  walltime=  0.76h  Δwalltime=0.069s  timestep=17s  day=6.21
2025/08/21 01:22:14 iteration 31712  walltime= 0.761h  Δwalltime=0.091s  timestep=17s  day=6.22
2025/08/21 01:22:16 iteration 31739  walltime= 0.761h  Δwalltime=0.072s  timestep=17s  day=6.22
2025/08/21 01:22:18 iteration 31766  walltime= 0.762h  Δwalltime=0.069s  timestep=17s  day=6.23
2025/08/21 01:22:20 iteration 31793  walltime= 0.763h  Δwalltime=0.086s  timestep=17s  day=6.23
2025/08/21 01:22:22 iteration 31820  walltime= 0.763h  Δwalltime=0.08s  timestep=17s  day=6.24
2025/08/21 01:22:24 iteration 31846  walltime= 0.764h  Δwalltime=0.08s  timestep=17s  day=6.25
2025/08/21 01:22:26 iteration 31874  walltime= 0.764h  Δwalltime=0.071s  timestep=17s  day=6.25
2025/08/21 01:22:28 iteration 31901  walltime= 0.765h  Δwalltime=0.22s  timestep=17s  day=6.26
2025/08/21 01:22:28 Percent change since last convergence check:
VOC:			0.39%
VOC pop-wtd:		0.045%
SOA:			0.6%
SOA pop-wtd:		0.066%
PrimaryPM25:		0.28%
PrimaryPM25 pop-wtd:	0.029%
NH3:			0.27%
NH3 pop-wtd:		0.14%
pNH4:			0.5%
pNH4 pop-wtd:		0.16%
SOx:			0.0054%
SOx pop-wtd:		0.00022%
pSO4:			0.36%
pSO4 pop-wtd:		0.11%
NOx:			0.82%
NOx pop-wtd:		0.2%
pNO3:			0.83%
pNO3 pop-wtd:		0.31%
2025/08/21 01:22:30 iteration 31927  walltime= 0.765h  Δwalltime=0.074s  timestep=17s  day=6.26
2025/08/21 01:22:32 iteration 31954  walltime= 0.766h  Δwalltime=0.086s  timestep=17s  day=6.27
2025/08/21 01:22:34 iteration 31980  walltime= 0.766h  Δwalltime=0.069s  timestep=17s  day=6.27
2025/08/21 01:22:36 iteration 32007  walltime= 0.767h  Δwalltime=0.085s  timestep=17s  day=6.28
2025/08/21 01:22:38 iteration 32033  walltime= 0.768h  Δwalltime=0.07s  timestep=17s  day=6.28
2025/08/21 01:22:40 iteration 32059  walltime= 0.768h  Δwalltime=0.077s  timestep=17s  day=6.29
2025/08/21 01:22:42 iteration 32087  walltime= 0.769h  Δwalltime=0.074s  timestep=17s  day=6.29
2025/08/21 01:22:44 iteration 32114  walltime= 0.769h  Δwalltime=0.075s  timestep=17s  day=6.3
2025/08/21 01:22:46 iteration 32141  walltime=  0.77h  Δwalltime=0.069s  timestep=17s  day=6.3
2025/08/21 01:22:48 iteration 32168  walltime=  0.77h  Δwalltime=0.07s  timestep=17s  day=6.31
2025/08/21 01:22:50 iteration 32194  walltime= 0.771h  Δwalltime=0.075s  timestep=17s  day=6.31
2025/08/21 01:22:52 iteration 32221  walltime= 0.771h  Δwalltime=0.069s  timestep=17s  day=6.32
2025/08/21 01:22:54 iteration 32246  walltime= 0.772h  Δwalltime=0.078s  timestep=17s  day=6.32
2025/08/21 01:22:56 iteration 32274  walltime= 0.773h  Δwalltime=0.082s  timestep=17s  day=6.33
2025/08/21 01:22:58 iteration 32300  walltime= 0.773h  Δwalltime=0.069s  timestep=17s  day=6.33
2025/08/21 01:23:00 iteration 32328  walltime= 0.774h  Δwalltime=0.076s  timestep=17s  day=6.34
2025/08/21 01:23:02 iteration 32354  walltime= 0.774h  Δwalltime=0.086s  timestep=17s  day=6.34
2025/08/21 01:23:04 iteration 32380  walltime= 0.775h  Δwalltime=0.076s  timestep=17s  day=6.35
2025/08/21 01:23:06 iteration 32407  walltime= 0.775h  Δwalltime=0.081s  timestep=17s  day=6.36
2025/08/21 01:23:08 iteration 32433  walltime= 0.776h  Δwalltime=0.068s  timestep=17s  day=6.36
2025/08/21 01:23:10 iteration 32459  walltime= 0.776h  Δwalltime=0.077s  timestep=17s  day=6.37
2025/08/21 01:23:12 iteration 32486  walltime= 0.777h  Δwalltime=0.07s  timestep=17s  day=6.37
2025/08/21 01:23:14 iteration 32513  walltime= 0.778h  Δwalltime=0.084s  timestep=17s  day=6.38
2025/08/21 01:23:16 iteration 32539  walltime= 0.778h  Δwalltime=0.22s  timestep=17s  day=6.38
2025/08/21 01:23:16 Percent change since last convergence check:
VOC:			0.37%
VOC pop-wtd:		0.042%
SOA:			0.57%
SOA pop-wtd:		0.062%
PrimaryPM25:		0.26%
PrimaryPM25 pop-wtd:	0.027%
NH3:			0.25%
NH3 pop-wtd:		0.13%
pNH4:			0.47%
pNH4 pop-wtd:		0.15%
SOx:			0.0047%
SOx pop-wtd:		0.00018%
pSO4:			0.33%
pSO4 pop-wtd:		0.11%
NOx:			0.78%
NOx pop-wtd:		0.2%
pNO3:			0.79%
pNO3 pop-wtd:		0.29%
2025/08/21 01:23:18 iteration 32566  walltime= 0.779h  Δwalltime=0.069s  timestep=17s  day=6.39
2025/08/21 01:23:20 iteration 32591  walltime= 0.779h  Δwalltime=0.086s  timestep=17s  day=6.39
2025/08/21 01:23:22 iteration 32617  walltime=  0.78h  Δwalltime=0.09s  timestep=17s  day=6.4
2025/08/21 01:23:24 iteration 32645  walltime=  0.78h  Δwalltime=0.08s  timestep=17s  day=6.4
2025/08/21 01:23:26 iteration 32671  walltime= 0.781h  Δwalltime=0.069s  timestep=17s  day=6.41
2025/08/21 01:23:28 iteration 32699  walltime= 0.781h  Δwalltime=0.07s  timestep=17s  day=6.41
2025/08/21 01:23:30 iteration 32726  walltime= 0.782h  Δwalltime=0.077s  timestep=17s  day=6.42
2025/08/21 01:23:32 iteration 32752  walltime= 0.783h  Δwalltime=0.07s  timestep=17s  day=6.42
2025/08/21 01:23:34 iteration 32779  walltime= 0.783h  Δwalltime=0.069s  timestep=17s  day=6.43
2025/08/21 01:23:36 iteration 32806  walltime= 0.784h  Δwalltime=0.08s  timestep=17s  day=6.43
2025/08/21 01:23:38 iteration 32834  walltime= 0.784h  Δwalltime=0.088s  timestep=17s  day=6.44
2025/08/21 01:23:40 iteration 32861  walltime= 0.785h  Δwalltime=0.069s  timestep=17s  day=6.44
2025/08/21 01:23:42 iteration 32887  walltime= 0.785h  Δwalltime=0.071s  timestep=17s  day=6.45
2025/08/21 01:23:44 iteration 32914  walltime= 0.786h  Δwalltime=0.071s  timestep=17s  day=6.45
2025/08/21 01:23:46 iteration 32941  walltime= 0.786h  Δwalltime=0.079s  timestep=17s  day=6.46
2025/08/21 01:23:48 iteration 32968  walltime= 0.787h  Δwalltime=0.069s  timestep=17s  day=6.47
2025/08/21 01:23:50 iteration 32995  walltime= 0.788h  Δwalltime=0.079s  timestep=17s  day=6.47
2025/08/21 01:23:52 iteration 33022  walltime= 0.788h  Δwalltime=0.07s  timestep=17s  day=6.48
2025/08/21 01:23:54 iteration 33048  walltime= 0.789h  Δwalltime=0.072s  timestep=17s  day=6.48
2025/08/21 01:23:56 iteration 33076  walltime= 0.789h  Δwalltime=0.069s  timestep=17s  day=6.49
2025/08/21 01:23:58 iteration 33104  walltime=  0.79h  Δwalltime=0.072s  timestep=17s  day=6.49
2025/08/21 01:24:00 iteration 33131  walltime=  0.79h  Δwalltime=0.091s  timestep=17s  day=6.5
2025/08/21 01:24:02 iteration 33157  walltime= 0.791h  Δwalltime=0.088s  timestep=17s  day=6.5
2025/08/21 01:24:03 Percent change since last convergence check:
VOC:			0.35%
VOC pop-wtd:		0.04%
SOA:			0.54%
SOA pop-wtd:		0.059%
PrimaryPM25:		0.24%
PrimaryPM25 pop-wtd:	0.025%
NH3:			0.23%
NH3 pop-wtd:		0.12%
pNH4:			0.44%
pNH4 pop-wtd:		0.14%
SOx:			0.0042%
SOx pop-wtd:		0.00016%
pSO4:			0.31%
pSO4 pop-wtd:		0.099%
NOx:			0.75%
NOx pop-wtd:		0.19%
pNO3:			0.75%
pNO3 pop-wtd:		0.28%
2025/08/21 01:24:04 iteration 33182  walltime= 0.791h  Δwalltime=0.088s  timestep=17s  day=6.51
2025/08/21 01:24:06 iteration 33209  walltime= 0.792h  Δwalltime=0.07s  timestep=17s  day=6.51
2025/08/21 01:24:08 iteration 33236  walltime= 0.793h  Δwalltime=0.069s  timestep=17s  day=6.52
2025/08/21 01:24:10 iteration 33263  walltime= 0.793h  Δwalltime=0.08s  timestep=17s  day=6.52
2025/08/21 01:24:12 iteration 33290  walltime= 0.794h  Δwalltime=0.082s  timestep=17s  day=6.53
2025/08/21 01:24:14 iteration 33317  walltime= 0.794h  Δwalltime=0.087s  timestep=17s  day=6.53
2025/08/21 01:24:16 iteration 33343  walltime= 0.795h  Δwalltime=0.071s  timestep=17s  day=6.54
2025/08/21 01:24:18 iteration 33371  walltime= 0.795h  Δwalltime=0.069s  timestep=17s  day=6.54
2025/08/21 01:24:20 iteration 33400  walltime= 0.796h  Δwalltime=0.07s  timestep=17s  day=6.55
2025/08/21 01:24:22 iteration 33425  walltime= 0.796h  Δwalltime=0.07s  timestep=17s  day=6.55
2025/08/21 01:24:24 iteration 33452  walltime= 0.797h  Δwalltime=0.072s  timestep=17s  day=6.56
2025/08/21 01:24:26 iteration 33479  walltime= 0.798h  Δwalltime=0.07s  timestep=17s  day=6.57
2025/08/21 01:24:28 iteration 33505  walltime= 0.798h  Δwalltime=0.069s  timestep=17s  day=6.57
2025/08/21 01:24:30 iteration 33533  walltime= 0.799h  Δwalltime=0.069s  timestep=17s  day=6.58
2025/08/21 01:24:32 iteration 33561  walltime= 0.799h  Δwalltime=0.076s  timestep=17s  day=6.58
2025/08/21 01:24:34 iteration 33587  walltime=   0.8h  Δwalltime=0.069s  timestep=17s  day=6.59
2025/08/21 01:24:36 iteration 33615  walltime=   0.8h  Δwalltime=0.069s  timestep=17s  day=6.59
2025/08/21 01:24:38 iteration 33641  walltime= 0.801h  Δwalltime=0.087s  timestep=17s  day=6.6
2025/08/21 01:24:40 iteration 33667  walltime= 0.801h  Δwalltime=0.071s  timestep=17s  day=6.6
2025/08/21 01:24:42 iteration 33694  walltime= 0.802h  Δwalltime=0.07s  timestep=17s  day=6.61
2025/08/21 01:24:44 iteration 33721  walltime= 0.803h  Δwalltime=0.09s  timestep=17s  day=6.61
2025/08/21 01:24:46 iteration 33748  walltime= 0.803h  Δwalltime=0.07s  timestep=17s  day=6.62
2025/08/21 01:24:48 iteration 33775  walltime= 0.804h  Δwalltime=0.087s  timestep=17s  day=6.62
2025/08/21 01:24:50 iteration 33801  walltime= 0.804h  Δwalltime=0.082s  timestep=17s  day=6.63
2025/08/21 01:24:51 Percent change since last convergence check:
VOC:			0.33%
VOC pop-wtd:		0.038%
SOA:			0.51%
SOA pop-wtd:		0.056%
PrimaryPM25:		0.23%
PrimaryPM25 pop-wtd:	0.024%
NH3:			0.22%
NH3 pop-wtd:		0.11%
pNH4:			0.42%
pNH4 pop-wtd:		0.13%
SOx:			0.0037%
SOx pop-wtd:		0.00013%
pSO4:			0.29%
pSO4 pop-wtd:		0.092%
NOx:			0.72%
NOx pop-wtd:		0.18%
pNO3:			0.72%
pNO3 pop-wtd:		0.27%
2025/08/21 01:24:52 iteration 33827  walltime= 0.805h  Δwalltime=0.07s  timestep=17s  day=6.63
2025/08/21 01:24:54 iteration 33853  walltime= 0.805h  Δwalltime=0.07s  timestep=17s  day=6.64
2025/08/21 01:24:56 iteration 33879  walltime= 0.806h  Δwalltime=0.07s  timestep=17s  day=6.64
2025/08/21 01:24:58 iteration 33907  walltime= 0.806h  Δwalltime=0.072s  timestep=17s  day=6.65
2025/08/21 01:25:00 iteration 33933  walltime= 0.807h  Δwalltime=0.069s  timestep=17s  day=6.65
2025/08/21 01:25:02 iteration 33959  walltime= 0.808h  Δwalltime=0.069s  timestep=17s  day=6.66
2025/08/21 01:25:04 iteration 33986  walltime= 0.808h  Δwalltime=0.071s  timestep=17s  day=6.66
2025/08/21 01:25:06 iteration 34009  walltime= 0.809h  Δwalltime=0.07s  timestep=17s  day=6.67
2025/08/21 01:25:08 iteration 34036  walltime= 0.809h  Δwalltime=0.069s  timestep=17s  day=6.67
2025/08/21 01:25:10 iteration 34062  walltime=  0.81h  Δwalltime=0.078s  timestep=17s  day=6.68
2025/08/21 01:25:12 iteration 34089  walltime=  0.81h  Δwalltime=0.083s  timestep=17s  day=6.68
2025/08/21 01:25:14 iteration 34115  walltime= 0.811h  Δwalltime=0.079s  timestep=17s  day=6.69
2025/08/21 01:25:16 iteration 34143  walltime= 0.811h  Δwalltime=0.078s  timestep=17s  day=6.7
2025/08/21 01:25:18 iteration 34170  walltime= 0.812h  Δwalltime=0.093s  timestep=17s  day=6.7
2025/08/21 01:25:20 iteration 34198  walltime= 0.813h  Δwalltime=0.069s  timestep=17s  day=6.71
2025/08/21 01:25:22 iteration 34225  walltime= 0.813h  Δwalltime=0.083s  timestep=17s  day=6.71
2025/08/21 01:25:24 iteration 34251  walltime= 0.814h  Δwalltime=0.078s  timestep=17s  day=6.72
2025/08/21 01:25:26 iteration 34279  walltime= 0.814h  Δwalltime=0.069s  timestep=17s  day=6.72
2025/08/21 01:25:28 iteration 34306  walltime= 0.815h  Δwalltime=0.079s  timestep=17s  day=6.73
2025/08/21 01:25:30 iteration 34332  walltime= 0.815h  Δwalltime=0.07s  timestep=17s  day=6.73
2025/08/21 01:25:32 iteration 34359  walltime= 0.816h  Δwalltime=0.088s  timestep=17s  day=6.74
2025/08/21 01:25:34 iteration 34386  walltime= 0.816h  Δwalltime=0.071s  timestep=17s  day=6.74
2025/08/21 01:25:36 iteration 34413  walltime= 0.817h  Δwalltime=0.077s  timestep=17s  day=6.75
2025/08/21 01:25:38 iteration 34439  walltime= 0.818h  Δwalltime=0.072s  timestep=17s  day=6.75
2025/08/21 01:25:39 Percent change since last convergence check:
VOC:			0.31%
VOC pop-wtd:		0.036%
SOA:			0.48%
SOA pop-wtd:		0.052%
PrimaryPM25:		0.22%
PrimaryPM25 pop-wtd:	0.022%
NH3:			0.21%
NH3 pop-wtd:		0.11%
pNH4:			0.39%
pNH4 pop-wtd:		0.13%
SOx:			0.0032%
SOx pop-wtd:		0.00011%
pSO4:			0.28%
pSO4 pop-wtd:		0.085%
NOx:			0.69%
NOx pop-wtd:		0.17%
pNO3:			0.69%
pNO3 pop-wtd:		0.26%
2025/08/21 01:25:40 iteration 34464  walltime= 0.818h  Δwalltime=0.071s  timestep=17s  day=6.76
2025/08/21 01:25:42 iteration 34490  walltime= 0.819h  Δwalltime=0.081s  timestep=17s  day=6.76
2025/08/21 01:25:44 iteration 34517  walltime= 0.819h  Δwalltime=0.07s  timestep=17s  day=6.77
2025/08/21 01:25:46 iteration 34545  walltime=  0.82h  Δwalltime=0.082s  timestep=17s  day=6.77
2025/08/21 01:25:48 iteration 34571  walltime=  0.82h  Δwalltime=0.083s  timestep=17s  day=6.78
2025/08/21 01:25:50 iteration 34598  walltime= 0.821h  Δwalltime=0.078s  timestep=17s  day=6.78
2025/08/21 01:25:52 iteration 34625  walltime= 0.821h  Δwalltime=0.086s  timestep=17s  day=6.79
2025/08/21 01:25:54 iteration 34652  walltime= 0.822h  Δwalltime=0.085s  timestep=17s  day=6.8
2025/08/21 01:25:56 iteration 34679  walltime= 0.823h  Δwalltime=0.077s  timestep=17s  day=6.8
2025/08/21 01:25:58 iteration 34704  walltime= 0.823h  Δwalltime=0.076s  timestep=17s  day=6.81
2025/08/21 01:26:00 iteration 34732  walltime= 0.824h  Δwalltime=0.071s  timestep=17s  day=6.81
2025/08/21 01:26:02 iteration 34759  walltime= 0.824h  Δwalltime=0.069s  timestep=17s  day=6.82
2025/08/21 01:26:04 iteration 34785  walltime= 0.825h  Δwalltime=0.084s  timestep=17s  day=6.82
2025/08/21 01:26:06 iteration 34812  walltime= 0.825h  Δwalltime=0.069s  timestep=17s  day=6.83
2025/08/21 01:26:08 iteration 34840  walltime= 0.826h  Δwalltime=0.069s  timestep=17s  day=6.83
2025/08/21 01:26:10 iteration 34866  walltime= 0.826h  Δwalltime=0.077s  timestep=17s  day=6.84
2025/08/21 01:26:12 iteration 34893  walltime= 0.827h  Δwalltime=0.071s  timestep=17s  day=6.84
2025/08/21 01:26:14 iteration 34920  walltime= 0.828h  Δwalltime=0.069s  timestep=17s  day=6.85
2025/08/21 01:26:16 iteration 34946  walltime= 0.828h  Δwalltime=0.074s  timestep=17s  day=6.85
2025/08/21 01:26:18 iteration 34975  walltime= 0.829h  Δwalltime=0.073s  timestep=17s  day=6.86
2025/08/21 01:26:20 iteration 35001  walltime= 0.829h  Δwalltime=0.098s  timestep=17s  day=6.86
2025/08/21 01:26:22 iteration 35028  walltime=  0.83h  Δwalltime=0.079s  timestep=17s  day=6.87
2025/08/21 01:26:24 iteration 35055  walltime=  0.83h  Δwalltime=0.077s  timestep=17s  day=6.87
2025/08/21 01:26:26 iteration 35080  walltime= 0.831h  Δwalltime=0.082s  timestep=17s  day=6.88
2025/08/21 01:26:27 Percent change since last convergence check:
VOC:			0.29%
VOC pop-wtd:		0.034%
SOA:			0.46%
SOA pop-wtd:		0.05%
PrimaryPM25:		0.2%
PrimaryPM25 pop-wtd:	0.021%
NH3:			0.19%
NH3 pop-wtd:		0.1%
pNH4:			0.37%
pNH4 pop-wtd:		0.12%
SOx:			0.0029%
SOx pop-wtd:		9.6e-05%
pSO4:			0.26%
pSO4 pop-wtd:		0.079%
NOx:			0.66%
NOx pop-wtd:		0.17%
pNO3:			0.66%
pNO3 pop-wtd:		0.25%
2025/08/21 01:26:28 iteration 35105  walltime= 0.831h  Δwalltime=0.072s  timestep=17s  day=6.88
2025/08/21 01:26:30 iteration 35133  walltime= 0.832h  Δwalltime=0.07s  timestep=17s  day=6.89
2025/08/21 01:26:32 iteration 35159  walltime= 0.833h  Δwalltime=0.069s  timestep=17s  day=6.89
2025/08/21 01:26:34 iteration 35185  walltime= 0.833h  Δwalltime=0.071s  timestep=17s  day=6.9
2025/08/21 01:26:36 iteration 35212  walltime= 0.834h  Δwalltime=0.076s  timestep=17s  day=6.91
2025/08/21 01:26:38 iteration 35238  walltime= 0.834h  Δwalltime=0.071s  timestep=17s  day=6.91
2025/08/21 01:26:40 iteration 35266  walltime= 0.835h  Δwalltime=0.073s  timestep=17s  day=6.92
2025/08/21 01:26:42 iteration 35293  walltime= 0.835h  Δwalltime=0.07s  timestep=17s  day=6.92
2025/08/21 01:26:44 iteration 35320  walltime= 0.836h  Δwalltime=0.072s  timestep=17s  day=6.93
2025/08/21 01:26:46 iteration 35346  walltime= 0.836h  Δwalltime=0.077s  timestep=17s  day=6.93
2025/08/21 01:26:48 iteration 35374  walltime= 0.837h  Δwalltime=0.071s  timestep=17s  day=6.94
2025/08/21 01:26:50 iteration 35401  walltime= 0.838h  Δwalltime=0.069s  timestep=17s  day=6.94
2025/08/21 01:26:52 iteration 35428  walltime= 0.838h  Δwalltime=0.081s  timestep=17s  day=6.95
2025/08/21 01:26:54 iteration 35453  walltime= 0.839h  Δwalltime=0.12s  timestep=17s  day=6.95
2025/08/21 01:26:56 iteration 35480  walltime= 0.839h  Δwalltime=0.074s  timestep=17s  day=6.96
2025/08/21 01:26:58 iteration 35506  walltime=  0.84h  Δwalltime=0.072s  timestep=17s  day=6.96
2025/08/21 01:27:00 iteration 35533  walltime=  0.84h  Δwalltime=0.077s  timestep=17s  day=6.97
2025/08/21 01:27:02 iteration 35560  walltime= 0.841h  Δwalltime=0.071s  timestep=17s  day=6.97
2025/08/21 01:27:04 iteration 35587  walltime= 0.841h  Δwalltime=0.076s  timestep=17s  day=6.98
2025/08/21 01:27:06 iteration 35613  walltime= 0.842h  Δwalltime=0.074s  timestep=17s  day=6.98
2025/08/21 01:27:08 iteration 35641  walltime= 0.843h  Δwalltime=0.069s  timestep=17s  day=6.99
2025/08/21 01:27:10 iteration 35668  walltime= 0.843h  Δwalltime=0.071s  timestep=17s  day=6.99
2025/08/21 01:27:12 iteration 35694  walltime= 0.844h  Δwalltime=0.071s  timestep=17s  day=7
2025/08/21 01:27:14 iteration 35722  walltime= 0.844h  Δwalltime=0.069s  timestep=17s  day=7.01
2025/08/21 01:27:14 Percent change since last convergence check:
VOC:			0.28%
VOC pop-wtd:		0.032%
SOA:			0.43%
SOA pop-wtd:		0.047%
PrimaryPM25:		0.19%
PrimaryPM25 pop-wtd:	0.019%
NH3:			0.18%
NH3 pop-wtd:		0.095%
pNH4:			0.35%
pNH4 pop-wtd:		0.11%
SOx:			0.0025%
SOx pop-wtd:		8.2e-05%
pSO4:			0.24%
pSO4 pop-wtd:		0.074%
NOx:			0.64%
NOx pop-wtd:		0.16%
pNO3:			0.63%
pNO3 pop-wtd:		0.24%
2025/08/21 01:27:16 iteration 35748  walltime= 0.845h  Δwalltime=0.069s  timestep=17s  day=7.01
2025/08/21 01:27:18 iteration 35774  walltime= 0.845h  Δwalltime=0.071s  timestep=17s  day=7.02
2025/08/21 01:27:20 iteration 35801  walltime= 0.846h  Δwalltime=0.07s  timestep=17s  day=7.02
2025/08/21 01:27:22 iteration 35829  walltime= 0.846h  Δwalltime=0.07s  timestep=17s  day=7.03
2025/08/21 01:27:24 iteration 35855  walltime= 0.847h  Δwalltime=0.071s  timestep=17s  day=7.03
2025/08/21 01:27:26 iteration 35883  walltime= 0.848h  Δwalltime=0.069s  timestep=17s  day=7.04
2025/08/21 01:27:28 iteration 35910  walltime= 0.848h  Δwalltime=0.087s  timestep=17s  day=7.04
2025/08/21 01:27:30 iteration 35937  walltime= 0.849h  Δwalltime=0.07s  timestep=17s  day=7.05
2025/08/21 01:27:32 iteration 35965  walltime= 0.849h  Δwalltime=0.068s  timestep=17s  day=7.05
2025/08/21 01:27:34 iteration 35991  walltime=  0.85h  Δwalltime=0.07s  timestep=17s  day=7.06
2025/08/21 01:27:36 iteration 36019  walltime=  0.85h  Δwalltime=0.07s  timestep=17s  day=7.06
2025/08/21 01:27:38 iteration 36045  walltime= 0.851h  Δwalltime=0.071s  timestep=17s  day=7.07
2025/08/21 01:27:40 iteration 36072  walltime= 0.851h  Δwalltime=0.088s  timestep=17s  day=7.07
2025/08/21 01:27:42 iteration 36098  walltime= 0.852h  Δwalltime=0.081s  timestep=17s  day=7.08
2025/08/21 01:27:44 iteration 36126  walltime= 0.853h  Δwalltime=0.07s  timestep=17s  day=7.08
2025/08/21 01:27:46 iteration 36153  walltime= 0.853h  Δwalltime=0.084s  timestep=17s  day=7.09
2025/08/21 01:27:48 iteration 36180  walltime= 0.854h  Δwalltime=0.083s  timestep=17s  day=7.09
2025/08/21 01:27:50 iteration 36208  walltime= 0.854h  Δwalltime=0.07s  timestep=17s  day=7.1
2025/08/21 01:27:52 iteration 36235  walltime= 0.855h  Δwalltime=0.069s  timestep=17s  day=7.11
2025/08/21 01:27:54 iteration 36262  walltime= 0.855h  Δwalltime=0.069s  timestep=17s  day=7.11
2025/08/21 01:27:56 iteration 36289  walltime= 0.856h  Δwalltime= 0.1s  timestep=17s  day=7.12
2025/08/21 01:27:58 iteration 36316  walltime= 0.856h  Δwalltime=0.073s  timestep=17s  day=7.12
2025/08/21 01:28:00 iteration 36342  walltime= 0.857h  Δwalltime=0.07s  timestep=17s  day=7.13
2025/08/21 01:28:02 Percent change since last convergence check:
VOC:			0.26%
VOC pop-wtd:		0.03%
SOA:			0.41%
SOA pop-wtd:		0.044%
PrimaryPM25:		0.18%
PrimaryPM25 pop-wtd:	0.018%
NH3:			0.17%
NH3 pop-wtd:		0.089%
pNH4:			0.33%
pNH4 pop-wtd:		0.11%
SOx:			0.0022%
SOx pop-wtd:		7e-05%
pSO4:			0.23%
pSO4 pop-wtd:		0.068%
NOx:			0.61%
NOx pop-wtd:		0.16%
pNO3:			0.6%
pNO3 pop-wtd:		0.23%
2025/08/21 01:28:02 iteration 36368  walltime= 0.858h  Δwalltime=0.076s  timestep=17s  day=7.13
2025/08/21 01:28:04 iteration 36395  walltime= 0.858h  Δwalltime=0.085s  timestep=17s  day=7.14
2025/08/21 01:28:06 iteration 36423  walltime= 0.859h  Δwalltime=0.081s  timestep=17s  day=7.14
2025/08/21 01:28:08 iteration 36449  walltime= 0.859h  Δwalltime=0.08s  timestep=17s  day=7.15
2025/08/21 01:28:10 iteration 36477  walltime=  0.86h  Δwalltime=0.069s  timestep=17s  day=7.15
2025/08/21 01:28:12 iteration 36505  walltime=  0.86h  Δwalltime=0.071s  timestep=17s  day=7.16
2025/08/21 01:28:14 iteration 36531  walltime= 0.861h  Δwalltime=0.069s  timestep=17s  day=7.16
2025/08/21 01:28:16 iteration 36557  walltime= 0.861h  Δwalltime=0.074s  timestep=17s  day=7.17
2025/08/21 01:28:18 iteration 36584  walltime= 0.862h  Δwalltime=0.069s  timestep=17s  day=7.17
2025/08/21 01:28:20 iteration 36610  walltime= 0.863h  Δwalltime=0.069s  timestep=17s  day=7.18
2025/08/21 01:28:22 iteration 36638  walltime= 0.863h  Δwalltime=0.069s  timestep=17s  day=7.18
2025/08/21 01:28:24 iteration 36664  walltime= 0.864h  Δwalltime=0.07s  timestep=17s  day=7.19
2025/08/21 01:28:26 iteration 36691  walltime= 0.864h  Δwalltime=0.069s  timestep=17s  day=7.2
2025/08/21 01:28:28 iteration 36718  walltime= 0.865h  Δwalltime=0.07s  timestep=17s  day=7.2
2025/08/21 01:28:30 iteration 36746  walltime= 0.865h  Δwalltime=0.082s  timestep=17s  day=7.21
2025/08/21 01:28:32 iteration 36773  walltime= 0.866h  Δwalltime=0.084s  timestep=17s  day=7.21
2025/08/21 01:28:34 iteration 36799  walltime= 0.866h  Δwalltime=0.074s  timestep=17s  day=7.22
2025/08/21 01:28:36 iteration 36825  walltime= 0.867h  Δwalltime=0.092s  timestep=17s  day=7.22
2025/08/21 01:28:38 iteration 36852  walltime= 0.868h  Δwalltime=0.086s  timestep=17s  day=7.23
2025/08/21 01:28:40 iteration 36879  walltime= 0.868h  Δwalltime=0.075s  timestep=17s  day=7.23
2025/08/21 01:28:42 iteration 36904  walltime= 0.869h  Δwalltime=0.068s  timestep=17s  day=7.24
2025/08/21 01:28:44 iteration 36931  walltime= 0.869h  Δwalltime=0.086s  timestep=17s  day=7.24
2025/08/21 01:28:46 iteration 36958  walltime=  0.87h  Δwalltime=0.071s  timestep=17s  day=7.25
2025/08/21 01:28:48 iteration 36985  walltime=  0.87h  Δwalltime=0.069s  timestep=17s  day=7.25
2025/08/21 01:28:49 Percent change since last convergence check:
VOC:			0.25%
VOC pop-wtd:		0.029%
SOA:			0.39%
SOA pop-wtd:		0.042%
PrimaryPM25:		0.17%
PrimaryPM25 pop-wtd:	0.017%
NH3:			0.16%
NH3 pop-wtd:		0.084%
pNH4:			0.31%
pNH4 pop-wtd:		0.099%
SOx:			0.002%
SOx pop-wtd:		6e-05%
pSO4:			0.21%
pSO4 pop-wtd:		0.064%
NOx:			0.59%
NOx pop-wtd:		0.15%
pNO3:			0.58%
pNO3 pop-wtd:		0.23%
2025/08/21 01:28:50 iteration 37011  walltime= 0.871h  Δwalltime=0.077s  timestep=17s  day=7.26
2025/08/21 01:28:52 iteration 37038  walltime= 0.871h  Δwalltime=0.07s  timestep=17s  day=7.26
2025/08/21 01:28:54 iteration 37065  walltime= 0.872h  Δwalltime=0.069s  timestep=17s  day=7.27
2025/08/21 01:28:56 iteration 37090  walltime= 0.873h  Δwalltime=0.095s  timestep=17s  day=7.27
2025/08/21 01:28:58 iteration 37117  walltime= 0.873h  Δwalltime=0.07s  timestep=17s  day=7.28
2025/08/21 01:29:00 iteration 37143  walltime= 0.874h  Δwalltime=0.071s  timestep=17s  day=7.28
2025/08/21 01:29:02 iteration 37171  walltime= 0.874h  Δwalltime=0.08s  timestep=17s  day=7.29
2025/08/21 01:29:04 iteration 37197  walltime= 0.875h  Δwalltime=0.09s  timestep=17s  day=7.29
2025/08/21 01:29:06 iteration 37224  walltime= 0.875h  Δwalltime=0.07s  timestep=17s  day=7.3
2025/08/21 01:29:08 iteration 37252  walltime= 0.876h  Δwalltime=0.072s  timestep=17s  day=7.31
2025/08/21 01:29:10 iteration 37278  walltime= 0.876h  Δwalltime=0.086s  timestep=17s  day=7.31
2025/08/21 01:29:12 iteration 37305  walltime= 0.877h  Δwalltime=0.069s  timestep=17s  day=7.32
2025/08/21 01:29:14 iteration 37333  walltime= 0.878h  Δwalltime=0.07s  timestep=17s  day=7.32
2025/08/21 01:29:16 iteration 37360  walltime= 0.878h  Δwalltime=0.076s  timestep=17s  day=7.33
2025/08/21 01:29:18 iteration 37387  walltime= 0.879h  Δwalltime=0.071s  timestep=17s  day=7.33
2025/08/21 01:29:20 iteration 37414  walltime= 0.879h  Δwalltime=0.069s  timestep=17s  day=7.34
2025/08/21 01:29:22 iteration 37441  walltime=  0.88h  Δwalltime=0.069s  timestep=17s  day=7.34
2025/08/21 01:29:24 iteration 37468  walltime=  0.88h  Δwalltime=0.082s  timestep=17s  day=7.35
2025/08/21 01:29:26 iteration 37496  walltime= 0.881h  Δwalltime=0.071s  timestep=17s  day=7.35
2025/08/21 01:29:28 iteration 37522  walltime= 0.881h  Δwalltime=0.068s  timestep=17s  day=7.36
2025/08/21 01:29:30 iteration 37550  walltime= 0.882h  Δwalltime=0.07s  timestep=17s  day=7.36
2025/08/21 01:29:32 iteration 37577  walltime= 0.883h  Δwalltime=0.075s  timestep=17s  day=7.37
2025/08/21 01:29:34 iteration 37603  walltime= 0.883h  Δwalltime=0.075s  timestep=17s  day=7.37
2025/08/21 01:29:36 iteration 37631  walltime= 0.884h  Δwalltime=0.079s  timestep=17s  day=7.38
2025/08/21 01:29:37 Percent change since last convergence check:
VOC:			0.23%
VOC pop-wtd:		0.027%
SOA:			0.37%
SOA pop-wtd:		0.04%
PrimaryPM25:		0.16%
PrimaryPM25 pop-wtd:	0.016%
NH3:			0.15%
NH3 pop-wtd:		0.079%
pNH4:			0.3%
pNH4 pop-wtd:		0.093%
SOx:			0.0017%
SOx pop-wtd:		5.1e-05%
pSO4:			0.2%
pSO4 pop-wtd:		0.059%
NOx:			0.56%
NOx pop-wtd:		0.14%
pNO3:			0.55%
pNO3 pop-wtd:		0.22%
2025/08/21 01:29:38 iteration 37656  walltime= 0.884h  Δwalltime=0.076s  timestep=17s  day=7.38
2025/08/21 01:29:40 iteration 37682  walltime= 0.885h  Δwalltime=0.069s  timestep=17s  day=7.39
2025/08/21 01:29:42 iteration 37710  walltime= 0.885h  Δwalltime=0.07s  timestep=17s  day=7.39
2025/08/21 01:29:44 iteration 37737  walltime= 0.886h  Δwalltime=0.095s  timestep=17s  day=7.4
2025/08/21 01:29:46 iteration 37764  walltime= 0.886h  Δwalltime=0.07s  timestep=17s  day=7.41
2025/08/21 01:29:48 iteration 37792  walltime= 0.887h  Δwalltime=0.069s  timestep=17s  day=7.41
2025/08/21 01:29:50 iteration 37818  walltime= 0.888h  Δwalltime=0.07s  timestep=17s  day=7.42
2025/08/21 01:29:52 iteration 37845  walltime= 0.888h  Δwalltime=0.072s  timestep=17s  day=7.42
2025/08/21 01:29:54 iteration 37872  walltime= 0.889h  Δwalltime=0.07s  timestep=17s  day=7.43
2025/08/21 01:29:56 iteration 37899  walltime= 0.889h  Δwalltime=0.07s  timestep=17s  day=7.43
2025/08/21 01:29:58 iteration 37927  walltime=  0.89h  Δwalltime=0.082s  timestep=17s  day=7.44
2025/08/21 01:30:00 iteration 37954  walltime=  0.89h  Δwalltime=0.07s  timestep=17s  day=7.44
2025/08/21 01:30:02 iteration 37981  walltime= 0.891h  Δwalltime=0.071s  timestep=17s  day=7.45
2025/08/21 01:30:04 iteration 38007  walltime= 0.891h  Δwalltime=0.069s  timestep=17s  day=7.45
2025/08/21 01:30:06 iteration 38035  walltime= 0.892h  Δwalltime=0.069s  timestep=17s  day=7.46
2025/08/21 01:30:08 iteration 38062  walltime= 0.893h  Δwalltime=0.069s  timestep=17s  day=7.46
2025/08/21 01:30:10 iteration 38090  walltime= 0.893h  Δwalltime=0.069s  timestep=17s  day=7.47
2025/08/21 01:30:12 iteration 38115  walltime= 0.894h  Δwalltime=0.084s  timestep=17s  day=7.47
2025/08/21 01:30:14 iteration 38139  walltime= 0.894h  Δwalltime=0.074s  timestep=17s  day=7.48
2025/08/21 01:30:16 iteration 38167  walltime= 0.895h  Δwalltime=0.08s  timestep=17s  day=7.48
2025/08/21 01:30:18 iteration 38194  walltime= 0.895h  Δwalltime=0.077s  timestep=17s  day=7.49
2025/08/21 01:30:20 iteration 38221  walltime= 0.896h  Δwalltime=0.077s  timestep=17s  day=7.5
2025/08/21 01:30:22 iteration 38248  walltime= 0.896h  Δwalltime=0.085s  timestep=17s  day=7.5
2025/08/21 01:30:24 iteration 38274  walltime= 0.897h  Δwalltime=0.073s  timestep=17s  day=7.51
2025/08/21 01:30:24 Percent change since last convergence check:
VOC:			0.22%
VOC pop-wtd:		0.026%
SOA:			0.35%
SOA pop-wtd:		0.037%
PrimaryPM25:		0.15%
PrimaryPM25 pop-wtd:	0.015%
NH3:			0.14%
NH3 pop-wtd:		0.074%
pNH4:			0.28%
pNH4 pop-wtd:		0.087%
SOx:			0.0015%
SOx pop-wtd:		4.3e-05%
pSO4:			0.19%
pSO4 pop-wtd:		0.055%
NOx:			0.54%
NOx pop-wtd:		0.14%
pNO3:			0.53%
pNO3 pop-wtd:		0.21%
2025/08/21 01:30:26 iteration 38300  walltime= 0.898h  Δwalltime=0.069s  timestep=17s  day=7.51
2025/08/21 01:30:28 iteration 38327  walltime= 0.898h  Δwalltime=0.068s  timestep=17s  day=7.52
2025/08/21 01:30:30 iteration 38355  walltime= 0.899h  Δwalltime=0.07s  timestep=17s  day=7.52
2025/08/21 01:30:32 iteration 38382  walltime= 0.899h  Δwalltime=0.071s  timestep=17s  day=7.53
2025/08/21 01:30:34 iteration 38409  walltime=   0.9h  Δwalltime=0.069s  timestep=17s  day=7.53
2025/08/21 01:30:36 iteration 38435  walltime=   0.9h  Δwalltime=0.078s  timestep=17s  day=7.54
2025/08/21 01:30:38 iteration 38462  walltime= 0.901h  Δwalltime=0.069s  timestep=17s  day=7.54
2025/08/21 01:30:40 iteration 38490  walltime= 0.901h  Δwalltime=0.069s  timestep=17s  day=7.55
2025/08/21 01:30:42 iteration 38517  walltime= 0.902h  Δwalltime=0.078s  timestep=17s  day=7.55
2025/08/21 01:30:44 iteration 38544  walltime= 0.903h  Δwalltime=0.076s  timestep=17s  day=7.56
2025/08/21 01:30:46 iteration 38571  walltime= 0.903h  Δwalltime=0.082s  timestep=17s  day=7.56
2025/08/21 01:30:48 iteration 38598  walltime= 0.904h  Δwalltime=0.07s  timestep=17s  day=7.57
2025/08/21 01:30:50 iteration 38625  walltime= 0.904h  Δwalltime=0.075s  timestep=17s  day=7.57
2025/08/21 01:30:52 iteration 38651  walltime= 0.905h  Δwalltime=0.08s  timestep=17s  day=7.58
2025/08/21 01:30:54 iteration 38678  walltime= 0.905h  Δwalltime=0.075s  timestep=17s  day=7.58
2025/08/21 01:30:56 iteration 38703  walltime= 0.906h  Δwalltime=0.088s  timestep=17s  day=7.59
2025/08/21 01:30:58 iteration 38729  walltime= 0.906h  Δwalltime=0.072s  timestep=17s  day=7.59
2025/08/21 01:31:00 iteration 38757  walltime= 0.907h  Δwalltime=0.075s  timestep=17s  day=7.6
2025/08/21 01:31:02 iteration 38785  walltime= 0.908h  Δwalltime=0.07s  timestep=17s  day=7.61
2025/08/21 01:31:04 iteration 38811  walltime= 0.908h  Δwalltime=0.068s  timestep=17s  day=7.61
2025/08/21 01:31:06 iteration 38838  walltime= 0.909h  Δwalltime=0.088s  timestep=17s  day=7.62
2025/08/21 01:31:08 iteration 38866  walltime= 0.909h  Δwalltime=0.071s  timestep=17s  day=7.62
2025/08/21 01:31:10 iteration 38892  walltime=  0.91h  Δwalltime=0.087s  timestep=17s  day=7.63
2025/08/21 01:31:12 iteration 38919  walltime=  0.91h  Δwalltime=0.21s  timestep=17s  day=7.63
2025/08/21 01:31:12 Percent change since last convergence check:
VOC:			0.21%
VOC pop-wtd:		0.024%
SOA:			0.33%
SOA pop-wtd:		0.035%
PrimaryPM25:		0.14%
PrimaryPM25 pop-wtd:	0.014%
NH3:			0.13%
NH3 pop-wtd:		0.07%
pNH4:			0.26%
pNH4 pop-wtd:		0.082%
SOx:			0.0014%
SOx pop-wtd:		3.7e-05%
pSO4:			0.18%
pSO4 pop-wtd:		0.051%
NOx:			0.52%
NOx pop-wtd:		0.13%
pNO3:			0.51%
pNO3 pop-wtd:		0.2%
2025/08/21 01:31:14 iteration 38945  walltime= 0.911h  Δwalltime=0.07s  timestep=17s  day=7.64
2025/08/21 01:31:16 iteration 38971  walltime= 0.911h  Δwalltime=0.075s  timestep=17s  day=7.64
2025/08/21 01:31:18 iteration 38998  walltime= 0.912h  Δwalltime=0.07s  timestep=17s  day=7.65
2025/08/21 01:31:20 iteration 39025  walltime= 0.913h  Δwalltime=0.081s  timestep=17s  day=7.65
2025/08/21 01:31:22 iteration 39051  walltime= 0.913h  Δwalltime=0.076s  timestep=17s  day=7.66
2025/08/21 01:31:24 iteration 39079  walltime= 0.914h  Δwalltime=0.088s  timestep=17s  day=7.66
2025/08/21 01:31:26 iteration 39104  walltime= 0.914h  Δwalltime=0.086s  timestep=17s  day=7.67
2025/08/21 01:31:28 iteration 39131  walltime= 0.915h  Δwalltime=0.081s  timestep=17s  day=7.67
2025/08/21 01:31:30 iteration 39159  walltime= 0.915h  Δwalltime=0.085s  timestep=17s  day=7.68
2025/08/21 01:31:32 iteration 39185  walltime= 0.916h  Δwalltime=0.067s  timestep=17s  day=7.68
2025/08/21 01:31:34 iteration 39213  walltime= 0.916h  Δwalltime=0.083s  timestep=17s  day=7.69
2025/08/21 01:31:36 iteration 39237  walltime= 0.917h  Δwalltime=0.092s  timestep=17s  day=7.69
2025/08/21 01:31:38 iteration 39260  walltime= 0.918h  Δwalltime=0.07s  timestep=17s  day=7.7
2025/08/21 01:31:40 iteration 39286  walltime= 0.918h  Δwalltime=0.069s  timestep=17s  day=7.7
2025/08/21 01:31:42 iteration 39313  walltime= 0.919h  Δwalltime=0.069s  timestep=17s  day=7.71
2025/08/21 01:31:44 iteration 39338  walltime= 0.919h  Δwalltime=0.071s  timestep=17s  day=7.71
2025/08/21 01:31:46 iteration 39366  walltime=  0.92h  Δwalltime=0.082s  timestep=17s  day=7.72
2025/08/21 01:31:48 iteration 39392  walltime=  0.92h  Δwalltime=0.077s  timestep=17s  day=7.72
2025/08/21 01:31:50 iteration 39418  walltime= 0.921h  Δwalltime=0.074s  timestep=17s  day=7.73
2025/08/21 01:31:52 iteration 39445  walltime= 0.921h  Δwalltime=0.069s  timestep=17s  day=7.74
2025/08/21 01:31:54 iteration 39471  walltime= 0.922h  Δwalltime=0.081s  timestep=17s  day=7.74
2025/08/21 01:31:56 iteration 39498  walltime= 0.923h  Δwalltime=0.07s  timestep=17s  day=7.75
2025/08/21 01:31:58 iteration 39525  walltime= 0.923h  Δwalltime=0.085s  timestep=17s  day=7.75
2025/08/21 01:32:00 iteration 39550  walltime= 0.924h  Δwalltime=0.078s  timestep=17s  day=7.76
2025/08/21 01:32:00 Percent change since last convergence check:
VOC:			0.2%
VOC pop-wtd:		0.023%
SOA:			0.31%
SOA pop-wtd:		0.033%
PrimaryPM25:		0.13%
PrimaryPM25 pop-wtd:	0.013%
NH3:			0.13%
NH3 pop-wtd:		0.066%
pNH4:			0.25%
pNH4 pop-wtd:		0.077%
SOx:			0.0012%
SOx pop-wtd:		3.2e-05%
pSO4:			0.17%
pSO4 pop-wtd:		0.048%
NOx:			0.5%
NOx pop-wtd:		0.13%
pNO3:			0.48%
pNO3 pop-wtd:		0.19%
2025/08/21 01:32:02 iteration 39574  walltime= 0.924h  Δwalltime=0.08s  timestep=17s  day=7.76
2025/08/21 01:32:04 iteration 39601  walltime= 0.925h  Δwalltime=0.07s  timestep=17s  day=7.77
2025/08/21 01:32:06 iteration 39627  walltime= 0.925h  Δwalltime=0.078s  timestep=17s  day=7.77
2025/08/21 01:32:08 iteration 39655  walltime= 0.926h  Δwalltime=0.075s  timestep=17s  day=7.78
2025/08/21 01:32:10 iteration 39682  walltime= 0.926h  Δwalltime=0.069s  timestep=17s  day=7.78
2025/08/21 01:32:12 iteration 39708  walltime= 0.927h  Δwalltime=0.07s  timestep=17s  day=7.79
2025/08/21 01:32:14 iteration 39735  walltime= 0.928h  Δwalltime=0.085s  timestep=17s  day=7.79
2025/08/21 01:32:16 iteration 39762  walltime= 0.928h  Δwalltime=0.068s  timestep=17s  day=7.8
2025/08/21 01:32:18 iteration 39788  walltime= 0.929h  Δwalltime=0.069s  timestep=17s  day=7.8
2025/08/21 01:32:20 iteration 39814  walltime= 0.929h  Δwalltime=0.071s  timestep=17s  day=7.81
2025/08/21 01:32:22 iteration 39842  walltime=  0.93h  Δwalltime=0.069s  timestep=17s  day=7.81
2025/08/21 01:32:24 iteration 39868  walltime=  0.93h  Δwalltime=0.071s  timestep=17s  day=7.82
2025/08/21 01:32:26 iteration 39895  walltime= 0.931h  Δwalltime=0.072s  timestep=17s  day=7.82
2025/08/21 01:32:28 iteration 39921  walltime= 0.931h  Δwalltime=0.082s  timestep=17s  day=7.83
2025/08/21 01:32:30 iteration 39948  walltime= 0.932h  Δwalltime=0.069s  timestep=17s  day=7.83
2025/08/21 01:32:32 iteration 39976  walltime= 0.933h  Δwalltime=0.07s  timestep=17s  day=7.84
2025/08/21 01:32:34 iteration 40002  walltime= 0.933h  Δwalltime=0.085s  timestep=17s  day=7.84
2025/08/21 01:32:36 iteration 40029  walltime= 0.934h  Δwalltime=0.076s  timestep=17s  day=7.85
2025/08/21 01:32:38 iteration 40056  walltime= 0.934h  Δwalltime=0.074s  timestep=17s  day=7.86
2025/08/21 01:32:40 iteration 40081  walltime= 0.935h  Δwalltime=0.069s  timestep=17s  day=7.86
2025/08/21 01:32:42 iteration 40108  walltime= 0.935h  Δwalltime=0.069s  timestep=17s  day=7.87
2025/08/21 01:32:44 iteration 40135  walltime= 0.936h  Δwalltime=0.078s  timestep=17s  day=7.87
2025/08/21 01:32:46 iteration 40162  walltime= 0.936h  Δwalltime=0.084s  timestep=17s  day=7.88
2025/08/21 01:32:48 iteration 40189  walltime= 0.937h  Δwalltime=0.074s  timestep=17s  day=7.88
2025/08/21 01:32:48 Percent change since last convergence check:
VOC:			0.19%
VOC pop-wtd:		0.022%
SOA:			0.3%
SOA pop-wtd:		0.032%
PrimaryPM25:		0.12%
PrimaryPM25 pop-wtd:	0.012%
NH3:			0.12%
NH3 pop-wtd:		0.062%
pNH4:			0.24%
pNH4 pop-wtd:		0.073%
SOx:			0.0011%
SOx pop-wtd:		2.7e-05%
pSO4:			0.16%
pSO4 pop-wtd:		0.044%
NOx:			0.48%
NOx pop-wtd:		0.12%
pNO3:			0.46%
pNO3 pop-wtd:		0.19%
2025/08/21 01:32:50 iteration 40215  walltime= 0.938h  Δwalltime=0.075s  timestep=17s  day=7.89
2025/08/21 01:32:52 iteration 40241  walltime= 0.938h  Δwalltime=0.069s  timestep=17s  day=7.89
2025/08/21 01:32:54 iteration 40268  walltime= 0.939h  Δwalltime=0.07s  timestep=17s  day=7.9
2025/08/21 01:32:56 iteration 40294  walltime= 0.939h  Δwalltime=0.077s  timestep=17s  day=7.9
2025/08/21 01:32:58 iteration 40320  walltime=  0.94h  Δwalltime=0.069s  timestep=17s  day=7.91
2025/08/21 01:33:00 iteration 40348  walltime=  0.94h  Δwalltime=0.07s  timestep=17s  day=7.91
2025/08/21 01:33:02 iteration 40375  walltime= 0.941h  Δwalltime=0.079s  timestep=17s  day=7.92
2025/08/21 01:33:04 iteration 40402  walltime= 0.941h  Δwalltime=0.069s  timestep=17s  day=7.92
2025/08/21 01:33:06 iteration 40430  walltime= 0.942h  Δwalltime=0.071s  timestep=17s  day=7.93
2025/08/21 01:33:08 iteration 40456  walltime= 0.943h  Δwalltime=0.081s  timestep=17s  day=7.93
2025/08/21 01:33:10 iteration 40483  walltime= 0.943h  Δwalltime=0.07s  timestep=17s  day=7.94
2025/08/21 01:33:12 iteration 40510  walltime= 0.944h  Δwalltime=0.076s  timestep=17s  day=7.94
2025/08/21 01:33:14 iteration 40536  walltime= 0.944h  Δwalltime=0.088s  timestep=17s  day=7.95
2025/08/21 01:33:16 iteration 40563  walltime= 0.945h  Δwalltime=0.069s  timestep=17s  day=7.95
2025/08/21 01:33:18 iteration 40591  walltime= 0.945h  Δwalltime=0.071s  timestep=17s  day=7.96
2025/08/21 01:33:20 iteration 40617  walltime= 0.946h  Δwalltime=0.07s  timestep=17s  day=7.97
2025/08/21 01:33:22 iteration 40644  walltime= 0.946h  Δwalltime=0.084s  timestep=17s  day=7.97
2025/08/21 01:33:24 iteration 40672  walltime= 0.947h  Δwalltime=0.069s  timestep=17s  day=7.98
2025/08/21 01:33:26 iteration 40699  walltime= 0.948h  Δwalltime=0.076s  timestep=17s  day=7.98
2025/08/21 01:33:28 iteration 40727  walltime= 0.948h  Δwalltime=0.069s  timestep=17s  day=7.99
2025/08/21 01:33:30 iteration 40755  walltime= 0.949h  Δwalltime=0.068s  timestep=17s  day=7.99
2025/08/21 01:33:32 iteration 40782  walltime= 0.949h  Δwalltime=0.07s  timestep=17s  day=8
2025/08/21 01:33:34 iteration 40808  walltime=  0.95h  Δwalltime=0.072s  timestep=17s  day=8
2025/08/21 01:33:36 iteration 40833  walltime=  0.95h  Δwalltime=0.21s  timestep=17s  day=8.01
2025/08/21 01:33:36 Percent change since last convergence check:
VOC:			0.18%
VOC pop-wtd:		0.02%
SOA:			0.28%
SOA pop-wtd:		0.03%
PrimaryPM25:		0.12%
PrimaryPM25 pop-wtd:	0.011%
NH3:			0.11%
NH3 pop-wtd:		0.058%
pNH4:			0.22%
pNH4 pop-wtd:		0.069%
SOx:			0.00093%
SOx pop-wtd:		2.3e-05%
pSO4:			0.15%
pSO4 pop-wtd:		0.041%
NOx:			0.46%
NOx pop-wtd:		0.12%
pNO3:			0.44%
pNO3 pop-wtd:		0.18%
2025/08/21 01:33:38 iteration 40860  walltime= 0.951h  Δwalltime=0.069s  timestep=17s  day=8.01
2025/08/21 01:33:40 iteration 40887  walltime= 0.951h  Δwalltime=0.07s  timestep=17s  day=8.02
2025/08/21 01:33:42 iteration 40914  walltime= 0.952h  Δwalltime=0.076s  timestep=17s  day=8.02
2025/08/21 01:33:44 iteration 40941  walltime= 0.953h  Δwalltime=0.07s  timestep=17s  day=8.03
2025/08/21 01:33:46 iteration 40969  walltime= 0.953h  Δwalltime=0.07s  timestep=17s  day=8.03
2025/08/21 01:33:48 iteration 40996  walltime= 0.954h  Δwalltime=0.068s  timestep=17s  day=8.04
2025/08/21 01:33:50 iteration 41023  walltime= 0.954h  Δwalltime=0.07s  timestep=17s  day=8.04
2025/08/21 01:33:52 iteration 41051  walltime= 0.955h  Δwalltime=0.07s  timestep=17s  day=8.05
2025/08/21 01:33:54 iteration 41078  walltime= 0.955h  Δwalltime=0.069s  timestep=17s  day=8.06
2025/08/21 01:33:56 iteration 41105  walltime= 0.956h  Δwalltime=0.081s  timestep=17s  day=8.06
2025/08/21 01:33:58 iteration 41132  walltime= 0.956h  Δwalltime=0.084s  timestep=17s  day=8.07
2025/08/21 01:34:00 iteration 41158  walltime= 0.957h  Δwalltime=0.071s  timestep=17s  day=8.07
2025/08/21 01:34:02 iteration 41186  walltime= 0.958h  Δwalltime=0.074s  timestep=17s  day=8.08
2025/08/21 01:34:04 iteration 41213  walltime= 0.958h  Δwalltime=0.07s  timestep=17s  day=8.08
2025/08/21 01:34:06 iteration 41239  walltime= 0.959h  Δwalltime=0.075s  timestep=17s  day=8.09
2025/08/21 01:34:08 iteration 41267  walltime= 0.959h  Δwalltime=0.078s  timestep=17s  day=8.09
2025/08/21 01:34:10 iteration 41294  walltime=  0.96h  Δwalltime=0.082s  timestep=17s  day=8.1
2025/08/21 01:34:12 iteration 41320  walltime=  0.96h  Δwalltime=0.085s  timestep=17s  day=8.1
2025/08/21 01:34:14 iteration 41347  walltime= 0.961h  Δwalltime=0.088s  timestep=17s  day=8.11
2025/08/21 01:34:16 iteration 41373  walltime= 0.961h  Δwalltime=0.091s  timestep=17s  day=8.11
2025/08/21 01:34:18 iteration 41400  walltime= 0.962h  Δwalltime=0.069s  timestep=17s  day=8.12
2025/08/21 01:34:20 iteration 41428  walltime= 0.963h  Δwalltime=0.07s  timestep=17s  day=8.12
2025/08/21 01:34:22 iteration 41453  walltime= 0.963h  Δwalltime=0.068s  timestep=17s  day=8.13
2025/08/21 01:34:23 Percent change since last convergence check:
VOC:			0.17%
VOC pop-wtd:		0.019%
SOA:			0.27%
SOA pop-wtd:		0.028%
PrimaryPM25:		0.11%
PrimaryPM25 pop-wtd:	0.011%
NH3:			0.11%
NH3 pop-wtd:		0.055%
pNH4:			0.21%
pNH4 pop-wtd:		0.065%
SOx:			0.00082%
SOx pop-wtd:		2e-05%
pSO4:			0.14%
pSO4 pop-wtd:		0.039%
NOx:			0.44%
NOx pop-wtd:		0.12%
pNO3:			0.43%
pNO3 pop-wtd:		0.17%
2025/08/21 01:34:24 iteration 41478  walltime= 0.964h  Δwalltime=0.071s  timestep=17s  day=8.13
2025/08/21 01:34:26 iteration 41506  walltime= 0.964h  Δwalltime=0.07s  timestep=17s  day=8.14
2025/08/21 01:34:28 iteration 41533  walltime= 0.965h  Δwalltime=0.074s  timestep=17s  day=8.14
2025/08/21 01:34:30 iteration 41561  walltime= 0.965h  Δwalltime=0.071s  timestep=17s  day=8.15
2025/08/21 01:34:32 iteration 41589  walltime= 0.966h  Δwalltime=0.072s  timestep=17s  day=8.16
2025/08/21 01:34:34 iteration 41616  walltime= 0.966h  Δwalltime=0.071s  timestep=17s  day=8.16
2025/08/21 01:34:36 iteration 41642  walltime= 0.967h  Δwalltime=0.085s  timestep=17s  day=8.17
2025/08/21 01:34:38 iteration 41670  walltime= 0.968h  Δwalltime=0.07s  timestep=17s  day=8.17
2025/08/21 01:34:40 iteration 41697  walltime= 0.968h  Δwalltime=0.093s  timestep=17s  day=8.18
2025/08/21 01:34:42 iteration 41724  walltime= 0.969h  Δwalltime=0.069s  timestep=17s  day=8.18
2025/08/21 01:34:44 iteration 41751  walltime= 0.969h  Δwalltime=0.079s  timestep=17s  day=8.19
2025/08/21 01:34:46 iteration 41778  walltime=  0.97h  Δwalltime=0.07s  timestep=17s  day=8.19
2025/08/21 01:34:48 iteration 41805  walltime=  0.97h  Δwalltime=0.069s  timestep=17s  day=8.2
2025/08/21 01:34:50 iteration 41833  walltime= 0.971h  Δwalltime=0.082s  timestep=17s  day=8.2
2025/08/21 01:34:52 iteration 41860  walltime= 0.971h  Δwalltime=0.07s  timestep=17s  day=8.21
2025/08/21 01:34:54 iteration 41887  walltime= 0.972h  Δwalltime=0.072s  timestep=17s  day=8.21
2025/08/21 01:34:56 iteration 41911  walltime= 0.973h  Δwalltime=0.086s  timestep=17s  day=8.22
2025/08/21 01:34:58 iteration 41938  walltime= 0.973h  Δwalltime=0.071s  timestep=17s  day=8.22
2025/08/21 01:35:00 iteration 41965  walltime= 0.974h  Δwalltime=0.069s  timestep=17s  day=8.23
2025/08/21 01:35:02 iteration 41992  walltime= 0.974h  Δwalltime=0.083s  timestep=17s  day=8.23
2025/08/21 01:35:04 iteration 42018  walltime= 0.975h  Δwalltime=0.072s  timestep=17s  day=8.24
2025/08/21 01:35:06 iteration 42041  walltime= 0.975h  Δwalltime=0.084s  timestep=17s  day=8.24
2025/08/21 01:35:08 iteration 42067  walltime= 0.976h  Δwalltime=0.068s  timestep=17s  day=8.25
2025/08/21 01:35:10 iteration 42095  walltime= 0.976h  Δwalltime=0.083s  timestep=17s  day=8.25
2025/08/21 01:35:11 Percent change since last convergence check:
VOC:			0.16%
VOC pop-wtd:		0.018%
SOA:			0.25%
SOA pop-wtd:		0.027%
PrimaryPM25:		0.1%
PrimaryPM25 pop-wtd:	0.0099%
NH3:			0.1%
NH3 pop-wtd:		0.052%
pNH4:			0.2%
pNH4 pop-wtd:		0.061%
SOx:			0.00073%
SOx pop-wtd:		1.7e-05%
pSO4:			0.13%
pSO4 pop-wtd:		0.036%
NOx:			0.42%
NOx pop-wtd:		0.11%
pNO3:			0.41%
pNO3 pop-wtd:		0.17%
2025/08/21 01:35:12 iteration 42120  walltime= 0.977h  Δwalltime=0.073s  timestep=17s  day=8.26
2025/08/21 01:35:14 iteration 42146  walltime= 0.978h  Δwalltime=0.069s  timestep=17s  day=8.26
2025/08/21 01:35:16 iteration 42172  walltime= 0.978h  Δwalltime=0.08s  timestep=17s  day=8.27
2025/08/21 01:35:18 iteration 42199  walltime= 0.979h  Δwalltime=0.082s  timestep=17s  day=8.28
2025/08/21 01:35:20 iteration 42226  walltime= 0.979h  Δwalltime=0.071s  timestep=17s  day=8.28
2025/08/21 01:35:22 iteration 42254  walltime=  0.98h  Δwalltime=0.07s  timestep=17s  day=8.29
2025/08/21 01:35:24 iteration 42281  walltime=  0.98h  Δwalltime=0.08s  timestep=17s  day=8.29
2025/08/21 01:35:26 iteration 42308  walltime= 0.981h  Δwalltime=0.087s  timestep=17s  day=8.3
2025/08/21 01:35:28 iteration 42335  walltime= 0.981h  Δwalltime=0.072s  timestep=17s  day=8.3
2025/08/21 01:35:30 iteration 42362  walltime= 0.982h  Δwalltime=0.072s  timestep=17s  day=8.31
2025/08/21 01:35:32 iteration 42390  walltime= 0.983h  Δwalltime=0.071s  timestep=17s  day=8.31
2025/08/21 01:35:34 iteration 42418  walltime= 0.983h  Δwalltime=0.072s  timestep=17s  day=8.32
2025/08/21 01:35:36 iteration 42444  walltime= 0.984h  Δwalltime=0.079s  timestep=17s  day=8.32
2025/08/21 01:35:38 iteration 42472  walltime= 0.984h  Δwalltime=0.069s  timestep=17s  day=8.33
2025/08/21 01:35:40 iteration 42499  walltime= 0.985h  Δwalltime=0.069s  timestep=17s  day=8.33
2025/08/21 01:35:42 iteration 42525  walltime= 0.985h  Δwalltime=0.07s  timestep=17s  day=8.34
2025/08/21 01:35:44 iteration 42553  walltime= 0.986h  Δwalltime=0.076s  timestep=17s  day=8.34
2025/08/21 01:35:46 iteration 42580  walltime= 0.986h  Δwalltime=0.078s  timestep=17s  day=8.35
2025/08/21 01:35:48 iteration 42607  walltime= 0.987h  Δwalltime=0.069s  timestep=17s  day=8.36
2025/08/21 01:35:50 iteration 42634  walltime= 0.988h  Δwalltime=0.069s  timestep=17s  day=8.36
2025/08/21 01:35:52 iteration 42661  walltime= 0.988h  Δwalltime=0.078s  timestep=17s  day=8.37
2025/08/21 01:35:54 iteration 42687  walltime= 0.989h  Δwalltime=0.087s  timestep=17s  day=8.37
2025/08/21 01:35:56 iteration 42714  walltime= 0.989h  Δwalltime=0.068s  timestep=17s  day=8.38
2025/08/21 01:35:58 iteration 42740  walltime=  0.99h  Δwalltime=0.086s  timestep=17s  day=8.38
2025/08/21 01:35:58 Percent change since last convergence check:
VOC:			0.15%
VOC pop-wtd:		0.017%
SOA:			0.24%
SOA pop-wtd:		0.025%
PrimaryPM25:		0.096%
PrimaryPM25 pop-wtd:	0.0093%
NH3:			0.094%
NH3 pop-wtd:		0.049%
pNH4:			0.19%
pNH4 pop-wtd:		0.057%
SOx:			0.00065%
SOx pop-wtd:		1.5e-05%
pSO4:			0.12%
pSO4 pop-wtd:		0.034%
NOx:			0.41%
NOx pop-wtd:		0.11%
pNO3:			0.39%
pNO3 pop-wtd:		0.16%
2025/08/21 01:36:00 iteration 42765  walltime=  0.99h  Δwalltime=0.084s  timestep=17s  day=8.39
2025/08/21 01:36:02 iteration 42792  walltime= 0.991h  Δwalltime=0.069s  timestep=17s  day=8.39
2025/08/21 01:36:04 iteration 42818  walltime= 0.991h  Δwalltime=0.09s  timestep=17s  day=8.4
2025/08/21 01:36:06 iteration 42846  walltime= 0.992h  Δwalltime=0.069s  timestep=17s  day=8.4
2025/08/21 01:36:08 iteration 42873  walltime= 0.993h  Δwalltime=0.076s  timestep=17s  day=8.41
2025/08/21 01:36:10 iteration 42899  walltime= 0.993h  Δwalltime=0.069s  timestep=17s  day=8.41
2025/08/21 01:36:12 iteration 42926  walltime= 0.994h  Δwalltime=0.078s  timestep=17s  day=8.42
2025/08/21 01:36:14 iteration 42954  walltime= 0.994h  Δwalltime=0.075s  timestep=17s  day=8.42
2025/08/21 01:36:16 iteration 42980  walltime= 0.995h  Δwalltime=0.089s  timestep=17s  day=8.43
2025/08/21 01:36:18 iteration 43008  walltime= 0.995h  Δwalltime=0.083s  timestep=17s  day=8.43
2025/08/21 01:36:20 iteration 43035  walltime= 0.996h  Δwalltime=0.07s  timestep=17s  day=8.44
2025/08/21 01:36:22 iteration 43061  walltime= 0.996h  Δwalltime=0.069s  timestep=17s  day=8.44
2025/08/21 01:36:24 iteration 43088  walltime= 0.997h  Δwalltime=0.072s  timestep=17s  day=8.45
2025/08/21 01:36:26 iteration 43114  walltime= 0.998h  Δwalltime=0.078s  timestep=17s  day=8.45
2025/08/21 01:36:28 iteration 43141  walltime= 0.998h  Δwalltime=0.069s  timestep=17s  day=8.46
2025/08/21 01:36:30 iteration 43168  walltime= 0.999h  Δwalltime=0.069s  timestep=17s  day=8.47
2025/08/21 01:36:32 iteration 43194  walltime= 0.999h  Δwalltime=0.08s  timestep=17s  day=8.47
2025/08/21 01:36:34 iteration 43221  walltime=     1h  Δwalltime=0.07s  timestep=17s  day=8.48
2025/08/21 01:36:36 iteration 43248  walltime=     1h  Δwalltime=0.07s  timestep=17s  day=8.48
2025/08/21 01:36:38 iteration 43274  walltime=     1h  Δwalltime=0.069s  timestep=17s  day=8.49
2025/08/21 01:36:40 iteration 43301  walltime=     1h  Δwalltime=0.082s  timestep=17s  day=8.49
2025/08/21 01:36:42 iteration 43328  walltime=     1h  Δwalltime=0.069s  timestep=17s  day=8.5
2025/08/21 01:36:44 iteration 43354  walltime=     1h  Δwalltime=0.085s  timestep=17s  day=8.5
2025/08/21 01:36:46 iteration 43381  walltime=     1h  Δwalltime=0.073s  timestep=17s  day=8.51
2025/08/21 01:36:46 Percent change since last convergence check:
VOC:			0.14%
VOC pop-wtd:		0.016%
SOA:			0.23%
SOA pop-wtd:		0.024%
PrimaryPM25:		0.09%
PrimaryPM25 pop-wtd:	0.0087%
NH3:			0.089%
NH3 pop-wtd:		0.046%
pNH4:			0.18%
pNH4 pop-wtd:		0.054%
SOx:			0.00057%
SOx pop-wtd:		1.2e-05%
pSO4:			0.11%
pSO4 pop-wtd:		0.031%
NOx:			0.39%
NOx pop-wtd:		0.1%
pNO3:			0.37%
pNO3 pop-wtd:		0.15%
2025/08/21 01:36:48 iteration 43407  walltime=     1h  Δwalltime=0.071s  timestep=17s  day=8.51
2025/08/21 01:36:50 iteration 43433  walltime=     1h  Δwalltime=0.069s  timestep=17s  day=8.52
2025/08/21 01:36:52 iteration 43461  walltime=     1h  Δwalltime=0.068s  timestep=17s  day=8.52
2025/08/21 01:36:54 iteration 43489  walltime=  1.01h  Δwalltime=0.081s  timestep=17s  day=8.53
2025/08/21 01:36:56 iteration 43513  walltime=  1.01h  Δwalltime=0.097s  timestep=17s  day=8.53
2025/08/21 01:36:58 iteration 43540  walltime=  1.01h  Δwalltime=0.07s  timestep=17s  day=8.54
2025/08/21 01:37:00 iteration 43567  walltime=  1.01h  Δwalltime=0.08s  timestep=17s  day=8.54
2025/08/21 01:37:02 iteration 43594  walltime=  1.01h  Δwalltime=0.069s  timestep=17s  day=8.55
2025/08/21 01:37:04 iteration 43621  walltime=  1.01h  Δwalltime=0.077s  timestep=17s  day=8.55
2025/08/21 01:37:06 iteration 43648  walltime=  1.01h  Δwalltime=0.082s  timestep=17s  day=8.56
2025/08/21 01:37:08 iteration 43675  walltime=  1.01h  Δwalltime=0.07s  timestep=17s  day=8.56
2025/08/21 01:37:10 iteration 43703  walltime=  1.01h  Δwalltime=0.068s  timestep=17s  day=8.57
2025/08/21 01:37:12 iteration 43730  walltime=  1.01h  Δwalltime=0.07s  timestep=17s  day=8.58
2025/08/21 01:37:14 iteration 43757  walltime=  1.01h  Δwalltime=0.076s  timestep=17s  day=8.58
2025/08/21 01:37:16 iteration 43785  walltime=  1.01h  Δwalltime=0.07s  timestep=17s  day=8.59
2025/08/21 01:37:18 iteration 43812  walltime=  1.01h  Δwalltime=0.07s  timestep=17s  day=8.59
2025/08/21 01:37:20 iteration 43839  walltime=  1.01h  Δwalltime=0.075s  timestep=17s  day=8.6
2025/08/21 01:37:22 iteration 43866  walltime=  1.01h  Δwalltime=0.072s  timestep=17s  day=8.6
2025/08/21 01:37:24 iteration 43891  walltime=  1.01h  Δwalltime=0.072s  timestep=17s  day=8.61
2025/08/21 01:37:26 iteration 43917  walltime=  1.01h  Δwalltime=0.073s  timestep=17s  day=8.61
2025/08/21 01:37:28 iteration 43945  walltime=  1.01h  Δwalltime=0.078s  timestep=17s  day=8.62
2025/08/21 01:37:30 iteration 43970  walltime=  1.02h  Δwalltime=0.068s  timestep=17s  day=8.62
2025/08/21 01:37:32 iteration 43998  walltime=  1.02h  Δwalltime=0.07s  timestep=17s  day=8.63
2025/08/21 01:37:34 iteration 44023  walltime=  1.02h  Δwalltime=0.22s  timestep=17s  day=8.63
2025/08/21 01:37:34 Percent change since last convergence check:
VOC:			0.13%
VOC pop-wtd:		0.015%
SOA:			0.21%
SOA pop-wtd:		0.022%
PrimaryPM25:		0.085%
PrimaryPM25 pop-wtd:	0.0082%
NH3:			0.084%
NH3 pop-wtd:		0.043%
pNH4:			0.17%
pNH4 pop-wtd:		0.051%
SOx:			0.00051%
SOx pop-wtd:		1.1e-05%
pSO4:			0.11%
pSO4 pop-wtd:		0.029%
NOx:			0.38%
NOx pop-wtd:		0.1%
pNO3:			0.36%
pNO3 pop-wtd:		0.15%
2025/08/21 01:37:36 iteration 44050  walltime=  1.02h  Δwalltime=0.068s  timestep=17s  day=8.64
2025/08/21 01:37:38 iteration 44077  walltime=  1.02h  Δwalltime=0.075s  timestep=17s  day=8.64
2025/08/21 01:37:40 iteration 44103  walltime=  1.02h  Δwalltime=0.089s  timestep=17s  day=8.65
2025/08/21 01:37:42 iteration 44130  walltime=  1.02h  Δwalltime=0.068s  timestep=17s  day=8.65
2025/08/21 01:37:44 iteration 44158  walltime=  1.02h  Δwalltime=0.079s  timestep=17s  day=8.66
2025/08/21 01:37:46 iteration 44183  walltime=  1.02h  Δwalltime=0.069s  timestep=17s  day=8.66
2025/08/21 01:37:48 iteration 44211  walltime=  1.02h  Δwalltime=0.069s  timestep=17s  day=8.67
2025/08/21 01:37:50 iteration 44238  walltime=  1.02h  Δwalltime=0.081s  timestep=17s  day=8.68
2025/08/21 01:37:52 iteration 44264  walltime=  1.02h  Δwalltime=0.071s  timestep=17s  day=8.68
2025/08/21 01:37:54 iteration 44292  walltime=  1.02h  Δwalltime=0.07s  timestep=17s  day=8.69
2025/08/21 01:37:56 iteration 44319  walltime=  1.02h  Δwalltime=0.071s  timestep=17s  day=8.69
2025/08/21 01:37:58 iteration 44345  walltime=  1.02h  Δwalltime=0.071s  timestep=17s  day=8.7
2025/08/21 01:38:00 iteration 44372  walltime=  1.02h  Δwalltime=0.09s  timestep=17s  day=8.7
2025/08/21 01:38:02 iteration 44399  walltime=  1.02h  Δwalltime=0.076s  timestep=17s  day=8.71
2025/08/21 01:38:04 iteration 44425  walltime=  1.02h  Δwalltime=0.069s  timestep=17s  day=8.71
2025/08/21 01:38:06 iteration 44453  walltime=  1.03h  Δwalltime=0.069s  timestep=17s  day=8.72
2025/08/21 01:38:08 iteration 44479  walltime=  1.03h  Δwalltime=0.081s  timestep=17s  day=8.72
2025/08/21 01:38:10 iteration 44506  walltime=  1.03h  Δwalltime=0.069s  timestep=17s  day=8.73
2025/08/21 01:38:12 iteration 44533  walltime=  1.03h  Δwalltime=0.073s  timestep=17s  day=8.73
2025/08/21 01:38:14 iteration 44561  walltime=  1.03h  Δwalltime=0.069s  timestep=17s  day=8.74
2025/08/21 01:38:16 iteration 44588  walltime=  1.03h  Δwalltime=0.075s  timestep=17s  day=8.74
2025/08/21 01:38:18 iteration 44615  walltime=  1.03h  Δwalltime=0.07s  timestep=17s  day=8.75
2025/08/21 01:38:20 iteration 44641  walltime=  1.03h  Δwalltime=0.08s  timestep=17s  day=8.75
2025/08/21 01:38:21 Percent change since last convergence check:
VOC:			0.13%
VOC pop-wtd:		0.014%
SOA:			0.2%
SOA pop-wtd:		0.021%
PrimaryPM25:		0.08%
PrimaryPM25 pop-wtd:	0.0076%
NH3:			0.079%
NH3 pop-wtd:		0.04%
pNH4:			0.16%
pNH4 pop-wtd:		0.048%
SOx:			0.00045%
SOx pop-wtd:		9.2e-06%
pSO4:			0.1%
pSO4 pop-wtd:		0.027%
NOx:			0.36%
NOx pop-wtd:		0.096%
pNO3:			0.34%
pNO3 pop-wtd:		0.14%
2025/08/21 01:38:22 iteration 44666  walltime=  1.03h  Δwalltime=0.07s  timestep=17s  day=8.76
2025/08/21 01:38:24 iteration 44694  walltime=  1.03h  Δwalltime=0.068s  timestep=17s  day=8.76
2025/08/21 01:38:26 iteration 44720  walltime=  1.03h  Δwalltime=0.077s  timestep=17s  day=8.77
2025/08/21 01:38:28 iteration 44747  walltime=  1.03h  Δwalltime=0.087s  timestep=17s  day=8.77
2025/08/21 01:38:30 iteration 44774  walltime=  1.03h  Δwalltime=0.069s  timestep=17s  day=8.78
2025/08/21 01:38:32 iteration 44800  walltime=  1.03h  Δwalltime=0.085s  timestep=17s  day=8.79
2025/08/21 01:38:34 iteration 44827  walltime=  1.03h  Δwalltime=0.069s  timestep=17s  day=8.79
2025/08/21 01:38:36 iteration 44855  walltime=  1.03h  Δwalltime=0.086s  timestep=17s  day=8.8
2025/08/21 01:38:38 iteration 44882  walltime=  1.03h  Δwalltime=0.081s  timestep=17s  day=8.8
2025/08/21 01:38:40 iteration 44910  walltime=  1.03h  Δwalltime=0.081s  timestep=17s  day=8.81
2025/08/21 01:38:42 iteration 44935  walltime=  1.04h  Δwalltime=0.097s  timestep=17s  day=8.81
2025/08/21 01:38:44 iteration 44963  walltime=  1.04h  Δwalltime=0.077s  timestep=17s  day=8.82
2025/08/21 01:38:46 iteration 44990  walltime=  1.04h  Δwalltime=0.07s  timestep=17s  day=8.82
2025/08/21 01:38:48 iteration 45016  walltime=  1.04h  Δwalltime=0.085s  timestep=17s  day=8.83
2025/08/21 01:38:50 iteration 45043  walltime=  1.04h  Δwalltime=0.068s  timestep=17s  day=8.83
2025/08/21 01:38:52 iteration 45071  walltime=  1.04h  Δwalltime=0.072s  timestep=17s  day=8.84
2025/08/21 01:38:54 iteration 45097  walltime=  1.04h  Δwalltime=0.07s  timestep=17s  day=8.84
2025/08/21 01:38:56 iteration 45125  walltime=  1.04h  Δwalltime=0.077s  timestep=17s  day=8.85
2025/08/21 01:38:58 iteration 45149  walltime=  1.04h  Δwalltime=0.084s  timestep=17s  day=8.85
2025/08/21 01:39:00 iteration 45176  walltime=  1.04h  Δwalltime=0.069s  timestep=17s  day=8.86
2025/08/21 01:39:02 iteration 45202  walltime=  1.04h  Δwalltime=0.079s  timestep=17s  day=8.86
2025/08/21 01:39:04 iteration 45230  walltime=  1.04h  Δwalltime=0.079s  timestep=17s  day=8.87
2025/08/21 01:39:06 iteration 45256  walltime=  1.04h  Δwalltime=0.083s  timestep=17s  day=8.87
2025/08/21 01:39:08 iteration 45283  walltime=  1.04h  Δwalltime=0.069s  timestep=17s  day=8.88
2025/08/21 01:39:09 Percent change since last convergence check:
VOC:			0.12%
VOC pop-wtd:		0.014%
SOA:			0.19%
SOA pop-wtd:		0.02%
PrimaryPM25:		0.075%
PrimaryPM25 pop-wtd:	0.0071%
NH3:			0.074%
NH3 pop-wtd:		0.038%
pNH4:			0.15%
pNH4 pop-wtd:		0.045%
SOx:			0.0004%
SOx pop-wtd:		7.9e-06%
pSO4:			0.094%
pSO4 pop-wtd:		0.025%
NOx:			0.35%
NOx pop-wtd:		0.092%
pNO3:			0.33%
pNO3 pop-wtd:		0.14%
2025/08/21 01:39:10 iteration 45307  walltime=  1.04h  Δwalltime=0.088s  timestep=17s  day=8.88
2025/08/21 01:39:12 iteration 45334  walltime=  1.04h  Δwalltime=0.07s  timestep=17s  day=8.89
2025/08/21 01:39:14 iteration 45361  walltime=  1.04h  Δwalltime=0.073s  timestep=17s  day=8.9
2025/08/21 01:39:16 iteration 45389  walltime=  1.04h  Δwalltime=0.085s  timestep=17s  day=8.9
2025/08/21 01:39:18 iteration 45416  walltime=  1.05h  Δwalltime=0.072s  timestep=17s  day=8.91
2025/08/21 01:39:20 iteration 45444  walltime=  1.05h  Δwalltime=0.069s  timestep=17s  day=8.91
2025/08/21 01:39:22 iteration 45469  walltime=  1.05h  Δwalltime=0.07s  timestep=17s  day=8.92
2025/08/21 01:39:24 iteration 45496  walltime=  1.05h  Δwalltime=0.073s  timestep=17s  day=8.92
2025/08/21 01:39:26 iteration 45523  walltime=  1.05h  Δwalltime=0.069s  timestep=17s  day=8.93
2025/08/21 01:39:28 iteration 45551  walltime=  1.05h  Δwalltime=0.069s  timestep=17s  day=8.93
2025/08/21 01:39:30 iteration 45578  walltime=  1.05h  Δwalltime=0.07s  timestep=17s  day=8.94
2025/08/21 01:39:32 iteration 45605  walltime=  1.05h  Δwalltime=0.078s  timestep=17s  day=8.94
2025/08/21 01:39:34 iteration 45631  walltime=  1.05h  Δwalltime=0.067s  timestep=17s  day=8.95
2025/08/21 01:39:36 iteration 45658  walltime=  1.05h  Δwalltime=0.07s  timestep=17s  day=8.95
2025/08/21 01:39:38 iteration 45684  walltime=  1.05h  Δwalltime=0.083s  timestep=17s  day=8.96
2025/08/21 01:39:40 iteration 45710  walltime=  1.05h  Δwalltime=0.07s  timestep=17s  day=8.96
2025/08/21 01:39:42 iteration 45737  walltime=  1.05h  Δwalltime=0.07s  timestep=17s  day=8.97
2025/08/21 01:39:44 iteration 45764  walltime=  1.05h  Δwalltime=0.079s  timestep=17s  day=8.97
2025/08/21 01:39:46 iteration 45791  walltime=  1.05h  Δwalltime=0.068s  timestep=17s  day=8.98
2025/08/21 01:39:48 iteration 45818  walltime=  1.05h  Δwalltime=0.073s  timestep=17s  day=8.98
2025/08/21 01:39:50 iteration 45844  walltime=  1.05h  Δwalltime=0.083s  timestep=17s  day=8.99
2025/08/21 01:39:52 iteration 45872  walltime=  1.05h  Δwalltime=0.07s  timestep=17s  day=9
2025/08/21 01:39:54 iteration 45899  walltime=  1.06h  Δwalltime=0.072s  timestep=17s  day=9
2025/08/21 01:39:56 iteration 45924  walltime=  1.06h  Δwalltime=0.085s  timestep=17s  day=9.01
2025/08/21 01:39:57 Percent change since last convergence check:
VOC:			0.11%
VOC pop-wtd:		0.013%
SOA:			0.18%
SOA pop-wtd:		0.019%
PrimaryPM25:		0.071%
PrimaryPM25 pop-wtd:	0.0067%
NH3:			0.07%
NH3 pop-wtd:		0.036%
pNH4:			0.14%
pNH4 pop-wtd:		0.042%
SOx:			0.00035%
SOx pop-wtd:		6.8e-06%
pSO4:			0.089%
pSO4 pop-wtd:		0.024%
NOx:			0.33%
NOx pop-wtd:		0.089%
pNO3:			0.32%
pNO3 pop-wtd:		0.13%
2025/08/21 01:39:58 iteration 45950  walltime=  1.06h  Δwalltime=0.069s  timestep=17s  day=9.01
2025/08/21 01:40:00 iteration 45977  walltime=  1.06h  Δwalltime=0.073s  timestep=17s  day=9.02
2025/08/21 01:40:02 iteration 46003  walltime=  1.06h  Δwalltime=0.07s  timestep=17s  day=9.02
2025/08/21 01:40:04 iteration 46031  walltime=  1.06h  Δwalltime=0.07s  timestep=17s  day=9.03
2025/08/21 01:40:06 iteration 46059  walltime=  1.06h  Δwalltime=0.076s  timestep=17s  day=9.03
2025/08/21 01:40:08 iteration 46084  walltime=  1.06h  Δwalltime=0.069s  timestep=17s  day=9.04
2025/08/21 01:40:10 iteration 46113  walltime=  1.06h  Δwalltime=0.069s  timestep=17s  day=9.04
2025/08/21 01:40:12 iteration 46140  walltime=  1.06h  Δwalltime=0.083s  timestep=17s  day=9.05
2025/08/21 01:40:14 iteration 46167  walltime=  1.06h  Δwalltime=0.07s  timestep=17s  day=9.05
2025/08/21 01:40:16 iteration 46195  walltime=  1.06h  Δwalltime=0.076s  timestep=17s  day=9.06
2025/08/21 01:40:18 iteration 46221  walltime=  1.06h  Δwalltime=0.078s  timestep=17s  day=9.06
2025/08/21 01:40:20 iteration 46249  walltime=  1.06h  Δwalltime=0.071s  timestep=17s  day=9.07
2025/08/21 01:40:22 iteration 46276  walltime=  1.06h  Δwalltime=0.071s  timestep=17s  day=9.07
2025/08/21 01:40:24 iteration 46303  walltime=  1.06h  Δwalltime=0.081s  timestep=17s  day=9.08
2025/08/21 01:40:26 iteration 46330  walltime=  1.06h  Δwalltime=0.069s  timestep=17s  day=9.09
2025/08/21 01:40:28 iteration 46357  walltime=  1.06h  Δwalltime=0.071s  timestep=17s  day=9.09
2025/08/21 01:40:30 iteration 46384  walltime=  1.07h  Δwalltime=0.069s  timestep=17s  day=9.1
2025/08/21 01:40:32 iteration 46412  walltime=  1.07h  Δwalltime=0.072s  timestep=17s  day=9.1
2025/08/21 01:40:34 iteration 46438  walltime=  1.07h  Δwalltime=0.078s  timestep=17s  day=9.11
2025/08/21 01:40:36 iteration 46465  walltime=  1.07h  Δwalltime=0.07s  timestep=17s  day=9.11
2025/08/21 01:40:38 iteration 46491  walltime=  1.07h  Δwalltime=0.069s  timestep=17s  day=9.12
2025/08/21 01:40:40 iteration 46518  walltime=  1.07h  Δwalltime=0.076s  timestep=17s  day=9.12
2025/08/21 01:40:42 iteration 46544  walltime=  1.07h  Δwalltime=0.074s  timestep=17s  day=9.13
2025/08/21 01:40:44 iteration 46571  walltime=  1.07h  Δwalltime=0.079s  timestep=17s  day=9.13
2025/08/21 01:40:44 Percent change since last convergence check:
VOC:			0.11%
VOC pop-wtd:		0.012%
SOA:			0.17%
SOA pop-wtd:		0.018%
PrimaryPM25:		0.066%
PrimaryPM25 pop-wtd:	0.0063%
NH3:			0.066%
NH3 pop-wtd:		0.034%
pNH4:			0.13%
pNH4 pop-wtd:		0.04%
SOx:			0.00031%
SOx pop-wtd:		5.8e-06%
pSO4:			0.083%
pSO4 pop-wtd:		0.022%
NOx:			0.32%
NOx pop-wtd:		0.086%
pNO3:			0.3%
pNO3 pop-wtd:		0.13%
2025/08/21 01:40:46 iteration 46596  walltime=  1.07h  Δwalltime=0.071s  timestep=17s  day=9.14
2025/08/21 01:40:48 iteration 46623  walltime=  1.07h  Δwalltime=0.068s  timestep=17s  day=9.14
2025/08/21 01:40:50 iteration 46649  walltime=  1.07h  Δwalltime=0.081s  timestep=17s  day=9.15
2025/08/21 01:40:52 iteration 46676  walltime=  1.07h  Δwalltime=0.078s  timestep=17s  day=9.15
2025/08/21 01:40:54 iteration 46704  walltime=  1.07h  Δwalltime=0.07s  timestep=17s  day=9.16
2025/08/21 01:40:56 iteration 46731  walltime=  1.07h  Δwalltime=0.07s  timestep=17s  day=9.16
2025/08/21 01:40:58 iteration 46755  walltime=  1.07h  Δwalltime=0.086s  timestep=17s  day=9.17
2025/08/21 01:41:00 iteration 46783  walltime=  1.07h  Δwalltime=0.076s  timestep=17s  day=9.17
2025/08/21 01:41:02 iteration 46810  walltime=  1.07h  Δwalltime=0.069s  timestep=17s  day=9.18
2025/08/21 01:41:04 iteration 46836  walltime=  1.07h  Δwalltime=0.09s  timestep=17s  day=9.18
2025/08/21 01:41:06 iteration 46862  walltime=  1.08h  Δwalltime=0.076s  timestep=17s  day=9.19
2025/08/21 01:41:08 iteration 46890  walltime=  1.08h  Δwalltime=0.069s  timestep=17s  day=9.2
2025/08/21 01:41:10 iteration 46916  walltime=  1.08h  Δwalltime=0.071s  timestep=17s  day=9.2
2025/08/21 01:41:12 iteration 46944  walltime=  1.08h  Δwalltime=0.075s  timestep=17s  day=9.21
2025/08/21 01:41:14 iteration 46970  walltime=  1.08h  Δwalltime=0.07s  timestep=17s  day=9.21
2025/08/21 01:41:16 iteration 46997  walltime=  1.08h  Δwalltime=0.079s  timestep=17s  day=9.22
2025/08/21 01:41:18 iteration 47024  walltime=  1.08h  Δwalltime=0.068s  timestep=17s  day=9.22
2025/08/21 01:41:20 iteration 47051  walltime=  1.08h  Δwalltime=0.073s  timestep=17s  day=9.23
2025/08/21 01:41:22 iteration 47077  walltime=  1.08h  Δwalltime=0.078s  timestep=17s  day=9.23
2025/08/21 01:41:24 iteration 47105  walltime=  1.08h  Δwalltime=0.069s  timestep=17s  day=9.24
2025/08/21 01:41:26 iteration 47131  walltime=  1.08h  Δwalltime=0.081s  timestep=17s  day=9.24
2025/08/21 01:41:28 iteration 47158  walltime=  1.08h  Δwalltime=0.07s  timestep=17s  day=9.25
2025/08/21 01:41:30 iteration 47185  walltime=  1.08h  Δwalltime=0.07s  timestep=17s  day=9.25
2025/08/21 01:41:32 iteration 47211  walltime=  1.08h  Δwalltime=0.075s  timestep=17s  day=9.26
2025/08/21 01:41:32 Percent change since last convergence check:
VOC:			0.1%
VOC pop-wtd:		0.011%
SOA:			0.16%
SOA pop-wtd:		0.017%
PrimaryPM25:		0.063%
PrimaryPM25 pop-wtd:	0.0059%
NH3:			0.062%
NH3 pop-wtd:		0.032%
pNH4:			0.13%
pNH4 pop-wtd:		0.038%
SOx:			0.00027%
SOx pop-wtd:		5e-06%
pSO4:			0.078%
pSO4 pop-wtd:		0.021%
NOx:			0.31%
NOx pop-wtd:		0.083%
pNO3:			0.29%
pNO3 pop-wtd:		0.12%
2025/08/21 01:41:34 iteration 47236  walltime=  1.08h  Δwalltime=0.074s  timestep=17s  day=9.26
2025/08/21 01:41:36 iteration 47262  walltime=  1.08h  Δwalltime=0.081s  timestep=17s  day=9.27
2025/08/21 01:41:38 iteration 47287  walltime=  1.08h  Δwalltime=0.093s  timestep=17s  day=9.27
2025/08/21 01:41:40 iteration 47314  walltime=  1.08h  Δwalltime=0.069s  timestep=17s  day=9.28
2025/08/21 01:41:42 iteration 47341  walltime=  1.09h  Δwalltime=0.076s  timestep=17s  day=9.28
2025/08/21 01:41:44 iteration 47367  walltime=  1.09h  Δwalltime=0.073s  timestep=17s  day=9.29
2025/08/21 01:41:46 iteration 47396  walltime=  1.09h  Δwalltime=0.069s  timestep=17s  day=9.29
2025/08/21 01:41:48 iteration 47423  walltime=  1.09h  Δwalltime=0.075s  timestep=17s  day=9.3
2025/08/21 01:41:50 iteration 47450  walltime=  1.09h  Δwalltime=0.069s  timestep=17s  day=9.3
2025/08/21 01:41:52 iteration 47477  walltime=  1.09h  Δwalltime=0.075s  timestep=17s  day=9.31
2025/08/21 01:41:54 iteration 47504  walltime=  1.09h  Δwalltime=0.077s  timestep=17s  day=9.32
2025/08/21 01:41:56 iteration 47531  walltime=  1.09h  Δwalltime=0.07s  timestep=17s  day=9.32
2025/08/21 01:41:58 iteration 47559  walltime=  1.09h  Δwalltime=0.068s  timestep=17s  day=9.33
2025/08/21 01:42:00 iteration 47587  walltime=  1.09h  Δwalltime=0.079s  timestep=17s  day=9.33
2025/08/21 01:42:02 iteration 47614  walltime=  1.09h  Δwalltime=0.07s  timestep=17s  day=9.34
2025/08/21 01:42:04 iteration 47640  walltime=  1.09h  Δwalltime=0.07s  timestep=17s  day=9.34
2025/08/21 01:42:06 iteration 47666  walltime=  1.09h  Δwalltime=0.071s  timestep=17s  day=9.35
2025/08/21 01:42:08 iteration 47693  walltime=  1.09h  Δwalltime=0.068s  timestep=17s  day=9.35
2025/08/21 01:42:10 iteration 47720  walltime=  1.09h  Δwalltime=0.068s  timestep=17s  day=9.36
2025/08/21 01:42:12 iteration 47746  walltime=  1.09h  Δwalltime=0.07s  timestep=17s  day=9.36
2025/08/21 01:42:14 iteration 47774  walltime=  1.09h  Δwalltime=0.069s  timestep=17s  day=9.37
2025/08/21 01:42:16 iteration 47801  walltime=  1.09h  Δwalltime=0.085s  timestep=17s  day=9.37
2025/08/21 01:42:18 iteration 47827  walltime=   1.1h  Δwalltime=0.078s  timestep=17s  day=9.38
2025/08/21 01:42:20 Percent change since last convergence check:
VOC:			0.096%
VOC pop-wtd:		0.011%
SOA:			0.15%
SOA pop-wtd:		0.016%
PrimaryPM25:		0.059%
PrimaryPM25 pop-wtd:	0.0055%
NH3:			0.059%
NH3 pop-wtd:		0.03%
pNH4:			0.12%
pNH4 pop-wtd:		0.035%
SOx:			0.00024%
SOx pop-wtd:		4.3e-06%
pSO4:			0.074%
pSO4 pop-wtd:		0.019%
NOx:			0.3%
NOx pop-wtd:		0.079%
pNO3:			0.28%
pNO3 pop-wtd:		0.12%
2025/08/21 01:42:20 iteration 47853  walltime=   1.1h  Δwalltime=0.075s  timestep=17s  day=9.38
2025/08/21 01:42:22 iteration 47880  walltime=   1.1h  Δwalltime=0.073s  timestep=17s  day=9.39
2025/08/21 01:42:24 iteration 47907  walltime=   1.1h  Δwalltime=0.068s  timestep=17s  day=9.39
2025/08/21 01:42:26 iteration 47935  walltime=   1.1h  Δwalltime=0.086s  timestep=17s  day=9.4
2025/08/21 01:42:28 iteration 47961  walltime=   1.1h  Δwalltime= 0.1s  timestep=17s  day=9.41
2025/08/21 01:42:30 iteration 47987  walltime=   1.1h  Δwalltime=0.07s  timestep=17s  day=9.41
2025/08/21 01:42:32 iteration 48015  walltime=   1.1h  Δwalltime=0.069s  timestep=17s  day=9.42
2025/08/21 01:42:34 iteration 48042  walltime=   1.1h  Δwalltime=0.083s  timestep=17s  day=9.42
2025/08/21 01:42:36 iteration 48070  walltime=   1.1h  Δwalltime=0.069s  timestep=17s  day=9.43
2025/08/21 01:42:38 iteration 48097  walltime=   1.1h  Δwalltime=0.069s  timestep=17s  day=9.43
2025/08/21 01:42:40 iteration 48124  walltime=   1.1h  Δwalltime=0.07s  timestep=17s  day=9.44
2025/08/21 01:42:42 iteration 48151  walltime=   1.1h  Δwalltime=0.069s  timestep=17s  day=9.44
2025/08/21 01:42:44 iteration 48179  walltime=   1.1h  Δwalltime=0.071s  timestep=17s  day=9.45
2025/08/21 01:42:46 iteration 48206  walltime=   1.1h  Δwalltime=0.07s  timestep=17s  day=9.45
2025/08/21 01:42:48 iteration 48233  walltime=   1.1h  Δwalltime=0.08s  timestep=17s  day=9.46
2025/08/21 01:42:50 iteration 48261  walltime=   1.1h  Δwalltime=0.069s  timestep=17s  day=9.46
2025/08/21 01:42:52 iteration 48287  walltime=   1.1h  Δwalltime=0.07s  timestep=17s  day=9.47
2025/08/21 01:42:54 iteration 48315  walltime=  1.11h  Δwalltime=0.071s  timestep=17s  day=9.47
2025/08/21 01:42:56 iteration 48342  walltime=  1.11h  Δwalltime=0.088s  timestep=17s  day=9.48
2025/08/21 01:42:58 iteration 48365  walltime=  1.11h  Δwalltime=0.079s  timestep=17s  day=9.48
2025/08/21 01:43:00 iteration 48392  walltime=  1.11h  Δwalltime=0.071s  timestep=17s  day=9.49
2025/08/21 01:43:02 iteration 48420  walltime=  1.11h  Δwalltime=0.086s  timestep=17s  day=9.5
2025/08/21 01:43:04 iteration 48446  walltime=  1.11h  Δwalltime=0.078s  timestep=17s  day=9.5
2025/08/21 01:43:06 iteration 48474  walltime=  1.11h  Δwalltime=0.069s  timestep=17s  day=9.51
2025/08/21 01:43:07 Percent change since last convergence check:
VOC:			0.09%
VOC pop-wtd:		0.01%
SOA:			0.15%
SOA pop-wtd:		0.015%
PrimaryPM25:		0.055%
PrimaryPM25 pop-wtd:	0.0051%
NH3:			0.056%
NH3 pop-wtd:		0.028%
pNH4:			0.11%
pNH4 pop-wtd:		0.033%
SOx:			0.00022%
SOx pop-wtd:		3.7e-06%
pSO4:			0.069%
pSO4 pop-wtd:		0.018%
NOx:			0.29%
NOx pop-wtd:		0.077%
pNO3:			0.27%
pNO3 pop-wtd:		0.11%
2025/08/21 01:43:08 iteration 48498  walltime=  1.11h  Δwalltime=0.094s  timestep=17s  day=9.51
2025/08/21 01:43:10 iteration 48525  walltime=  1.11h  Δwalltime=0.071s  timestep=17s  day=9.52
2025/08/21 01:43:12 iteration 48552  walltime=  1.11h  Δwalltime=0.071s  timestep=17s  day=9.52
2025/08/21 01:43:14 iteration 48579  walltime=  1.11h  Δwalltime=0.069s  timestep=17s  day=9.53
2025/08/21 01:43:16 iteration 48607  walltime=  1.11h  Δwalltime=0.069s  timestep=17s  day=9.53
2025/08/21 01:43:18 iteration 48634  walltime=  1.11h  Δwalltime=0.07s  timestep=17s  day=9.54
2025/08/21 01:43:20 iteration 48661  walltime=  1.11h  Δwalltime=0.07s  timestep=17s  day=9.54
2025/08/21 01:43:22 iteration 48688  walltime=  1.11h  Δwalltime=0.089s  timestep=17s  day=9.55
2025/08/21 01:43:24 iteration 48715  walltime=  1.11h  Δwalltime=0.075s  timestep=17s  day=9.55
2025/08/21 01:43:26 iteration 48740  walltime=  1.11h  Δwalltime=0.07s  timestep=17s  day=9.56
2025/08/21 01:43:28 iteration 48768  walltime=  1.11h  Δwalltime=0.07s  timestep=17s  day=9.56
2025/08/21 01:43:30 iteration 48795  walltime=  1.12h  Δwalltime=0.07s  timestep=17s  day=9.57
2025/08/21 01:43:32 iteration 48822  walltime=  1.12h  Δwalltime=0.071s  timestep=17s  day=9.57
2025/08/21 01:43:34 iteration 48848  walltime=  1.12h  Δwalltime=0.09s  timestep=17s  day=9.58
2025/08/21 01:43:36 iteration 48875  walltime=  1.12h  Δwalltime=0.078s  timestep=17s  day=9.58
2025/08/21 01:43:38 iteration 48900  walltime=  1.12h  Δwalltime=0.07s  timestep=17s  day=9.59
2025/08/21 01:43:40 iteration 48928  walltime=  1.12h  Δwalltime=0.07s  timestep=17s  day=9.59
2025/08/21 01:43:42 iteration 48954  walltime=  1.12h  Δwalltime=0.099s  timestep=17s  day=9.6
2025/08/21 01:43:44 iteration 48982  walltime=  1.12h  Δwalltime=0.076s  timestep=17s  day=9.61
2025/08/21 01:43:46 iteration 49009  walltime=  1.12h  Δwalltime=0.073s  timestep=17s  day=9.61
2025/08/21 01:43:48 iteration 49034  walltime=  1.12h  Δwalltime=0.089s  timestep=17s  day=9.62
2025/08/21 01:43:50 iteration 49062  walltime=  1.12h  Δwalltime=0.075s  timestep=17s  day=9.62
2025/08/21 01:43:52 iteration 49089  walltime=  1.12h  Δwalltime=0.07s  timestep=17s  day=9.63
2025/08/21 01:43:54 iteration 49115  walltime=  1.12h  Δwalltime=0.071s  timestep=17s  day=9.63
2025/08/21 01:43:55 Percent change since last convergence check:
VOC:			0.085%
VOC pop-wtd:		0.0096%
SOA:			0.14%
SOA pop-wtd:		0.014%
PrimaryPM25:		0.052%
PrimaryPM25 pop-wtd:	0.0048%
NH3:			0.052%
NH3 pop-wtd:		0.027%
pNH4:			0.11%
pNH4 pop-wtd:		0.031%
SOx:			0.00019%
SOx pop-wtd:		3.2e-06%
pSO4:			0.065%
pSO4 pop-wtd:		0.017%
NOx:			0.27%
NOx pop-wtd:		0.074%
pNO3:			0.26%
pNO3 pop-wtd:		0.11%
2025/08/21 01:43:56 iteration 49139  walltime=  1.12h  Δwalltime=0.069s  timestep=17s  day=9.64
2025/08/21 01:43:58 iteration 49165  walltime=  1.12h  Δwalltime=0.08s  timestep=17s  day=9.64
2025/08/21 01:44:00 iteration 49191  walltime=  1.12h  Δwalltime=0.069s  timestep=17s  day=9.65
2025/08/21 01:44:02 iteration 49219  walltime=  1.12h  Δwalltime=0.076s  timestep=17s  day=9.65
2025/08/21 01:44:04 iteration 49247  walltime=  1.12h  Δwalltime=0.071s  timestep=17s  day=9.66
2025/08/21 01:44:06 iteration 49273  walltime=  1.13h  Δwalltime=0.07s  timestep=17s  day=9.66
2025/08/21 01:44:08 iteration 49300  walltime=  1.13h  Δwalltime=0.072s  timestep=17s  day=9.67
2025/08/21 01:44:10 iteration 49328  walltime=  1.13h  Δwalltime=0.089s  timestep=17s  day=9.67
2025/08/21 01:44:12 iteration 49354  walltime=  1.13h  Δwalltime=0.07s  timestep=17s  day=9.68
2025/08/21 01:44:14 iteration 49382  walltime=  1.13h  Δwalltime=0.073s  timestep=17s  day=9.68
2025/08/21 01:44:16 iteration 49409  walltime=  1.13h  Δwalltime=0.076s  timestep=17s  day=9.69
2025/08/21 01:44:18 iteration 49435  walltime=  1.13h  Δwalltime=0.069s  timestep=17s  day=9.69
2025/08/21 01:44:20 iteration 49462  walltime=  1.13h  Δwalltime=0.069s  timestep=17s  day=9.7
2025/08/21 01:44:22 iteration 49488  walltime=  1.13h  Δwalltime=0.07s  timestep=17s  day=9.7
2025/08/21 01:44:24 iteration 49516  walltime=  1.13h  Δwalltime=0.07s  timestep=17s  day=9.71
2025/08/21 01:44:26 iteration 49544  walltime=  1.13h  Δwalltime=0.07s  timestep=17s  day=9.72
2025/08/21 01:44:28 iteration 49570  walltime=  1.13h  Δwalltime=0.07s  timestep=17s  day=9.72
2025/08/21 01:44:30 iteration 49596  walltime=  1.13h  Δwalltime=0.07s  timestep=17s  day=9.73
2025/08/21 01:44:32 iteration 49624  walltime=  1.13h  Δwalltime=0.068s  timestep=17s  day=9.73
2025/08/21 01:44:34 iteration 49651  walltime=  1.13h  Δwalltime=0.069s  timestep=17s  day=9.74
2025/08/21 01:44:36 iteration 49678  walltime=  1.13h  Δwalltime=0.069s  timestep=17s  day=9.74
2025/08/21 01:44:38 iteration 49705  walltime=  1.13h  Δwalltime=0.076s  timestep=17s  day=9.75
2025/08/21 01:44:40 iteration 49730  walltime=  1.13h  Δwalltime=0.078s  timestep=17s  day=9.75
2025/08/21 01:44:42 iteration 49756  walltime=  1.14h  Δwalltime=0.069s  timestep=17s  day=9.76
2025/08/21 01:44:43 Percent change since last convergence check:
VOC:			0.081%
VOC pop-wtd:		0.009%
SOA:			0.13%
SOA pop-wtd:		0.013%
PrimaryPM25:		0.049%
PrimaryPM25 pop-wtd:	0.0045%
NH3:			0.05%
NH3 pop-wtd:		0.025%
pNH4:			0.1%
pNH4 pop-wtd:		0.03%
SOx:			0.00017%
SOx pop-wtd:		2.8e-06%
pSO4:			0.061%
pSO4 pop-wtd:		0.016%
NOx:			0.26%
NOx pop-wtd:		0.071%
pNO3:			0.25%
pNO3 pop-wtd:		0.1%
2025/08/21 01:44:44 iteration 49781  walltime=  1.14h  Δwalltime=0.084s  timestep=17s  day=9.76
2025/08/21 01:44:46 iteration 49809  walltime=  1.14h  Δwalltime=0.07s  timestep=17s  day=9.77
2025/08/21 01:44:48 iteration 49836  walltime=  1.14h  Δwalltime=0.07s  timestep=17s  day=9.77
2025/08/21 01:44:50 iteration 49863  walltime=  1.14h  Δwalltime=0.074s  timestep=17s  day=9.78
2025/08/21 01:44:52 iteration 49890  walltime=  1.14h  Δwalltime=0.073s  timestep=17s  day=9.78
2025/08/21 01:44:54 iteration 49918  walltime=  1.14h  Δwalltime=0.069s  timestep=17s  day=9.79
2025/08/21 01:44:56 iteration 49945  walltime=  1.14h  Δwalltime=0.077s  timestep=17s  day=9.79
2025/08/21 01:44:58 iteration 49970  walltime=  1.14h  Δwalltime=0.068s  timestep=17s  day=9.8
2025/08/21 01:45:00 iteration 49997  walltime=  1.14h  Δwalltime=0.073s  timestep=17s  day=9.8
2025/08/21 01:45:02 iteration 50023  walltime=  1.14h  Δwalltime=0.07s  timestep=17s  day=9.81
2025/08/21 01:45:04 iteration 50050  walltime=  1.14h  Δwalltime=0.08s  timestep=17s  day=9.81
2025/08/21 01:45:06 iteration 50073  walltime=  1.14h  Δwalltime=0.081s  timestep=17s  day=9.82
2025/08/21 01:45:08 iteration 50100  walltime=  1.14h  Δwalltime=0.08s  timestep=17s  day=9.82
2025/08/21 01:45:10 iteration 50127  walltime=  1.14h  Δwalltime=0.071s  timestep=17s  day=9.83
2025/08/21 01:45:12 iteration 50154  walltime=  1.14h  Δwalltime=0.072s  timestep=17s  day=9.84
2025/08/21 01:45:14 iteration 50181  walltime=  1.14h  Δwalltime=0.069s  timestep=17s  day=9.84
2025/08/21 01:45:16 iteration 50208  walltime=  1.14h  Δwalltime=0.068s  timestep=17s  day=9.85
2025/08/21 01:45:18 iteration 50235  walltime=  1.15h  Δwalltime=0.11s  timestep=17s  day=9.85
2025/08/21 01:45:20 iteration 50262  walltime=  1.15h  Δwalltime=0.078s  timestep=17s  day=9.86
2025/08/21 01:45:22 iteration 50289  walltime=  1.15h  Δwalltime=0.089s  timestep=17s  day=9.86
2025/08/21 01:45:24 iteration 50316  walltime=  1.15h  Δwalltime=0.079s  timestep=17s  day=9.87
2025/08/21 01:45:26 iteration 50342  walltime=  1.15h  Δwalltime=0.069s  timestep=17s  day=9.87
2025/08/21 01:45:28 iteration 50370  walltime=  1.15h  Δwalltime=0.071s  timestep=17s  day=9.88
2025/08/21 01:45:30 iteration 50396  walltime=  1.15h  Δwalltime=0.071s  timestep=17s  day=9.88
2025/08/21 01:45:30 Percent change since last convergence check:
VOC:			0.076%
VOC pop-wtd:		0.0085%
SOA:			0.12%
SOA pop-wtd:		0.013%
PrimaryPM25:		0.046%
PrimaryPM25 pop-wtd:	0.0042%
NH3:			0.047%
NH3 pop-wtd:		0.024%
pNH4:			0.097%
pNH4 pop-wtd:		0.028%
SOx:			0.00015%
SOx pop-wtd:		2.4e-06%
pSO4:			0.058%
pSO4 pop-wtd:		0.015%
NOx:			0.25%
NOx pop-wtd:		0.068%
pNO3:			0.24%
pNO3 pop-wtd:		0.1%
2025/08/21 01:45:32 iteration 50421  walltime=  1.15h  Δwalltime=0.069s  timestep=17s  day=9.89
2025/08/21 01:45:34 iteration 50449  walltime=  1.15h  Δwalltime=0.075s  timestep=17s  day=9.89
2025/08/21 01:45:36 iteration 50475  walltime=  1.15h  Δwalltime=0.073s  timestep=17s  day=9.9
2025/08/21 01:45:38 iteration 50503  walltime=  1.15h  Δwalltime=0.076s  timestep=17s  day=9.9
2025/08/21 01:45:40 iteration 50530  walltime=  1.15h  Δwalltime=0.07s  timestep=17s  day=9.91
2025/08/21 01:45:42 iteration 50556  walltime=  1.15h  Δwalltime=0.071s  timestep=17s  day=9.91
2025/08/21 01:45:44 iteration 50584  walltime=  1.15h  Δwalltime=0.069s  timestep=17s  day=9.92
2025/08/21 01:45:46 iteration 50612  walltime=  1.15h  Δwalltime=0.069s  timestep=17s  day=9.93
2025/08/21 01:45:48 iteration 50637  walltime=  1.15h  Δwalltime=0.069s  timestep=17s  day=9.93
2025/08/21 01:45:50 iteration 50665  walltime=  1.15h  Δwalltime=0.073s  timestep=17s  day=9.94
2025/08/21 01:45:52 iteration 50692  walltime=  1.15h  Δwalltime=0.089s  timestep=17s  day=9.94
2025/08/21 01:45:54 iteration 50719  walltime=  1.16h  Δwalltime=0.071s  timestep=17s  day=9.95
2025/08/21 01:45:56 iteration 50747  walltime=  1.16h  Δwalltime=0.069s  timestep=17s  day=9.95
2025/08/21 01:45:58 iteration 50773  walltime=  1.16h  Δwalltime=0.082s  timestep=17s  day=9.96
2025/08/21 01:46:00 iteration 50801  walltime=  1.16h  Δwalltime=0.07s  timestep=17s  day=9.96
2025/08/21 01:46:02 iteration 50828  walltime=  1.16h  Δwalltime=0.069s  timestep=17s  day=9.97
2025/08/21 01:46:04 iteration 50854  walltime=  1.16h  Δwalltime=0.067s  timestep=17s  day=9.97
2025/08/21 01:46:06 iteration 50882  walltime=  1.16h  Δwalltime=0.068s  timestep=17s  day=9.98
2025/08/21 01:46:08 iteration 50910  walltime=  1.16h  Δwalltime=0.071s  timestep=17s  day=9.98
2025/08/21 01:46:10 iteration 50936  walltime=  1.16h  Δwalltime=0.087s  timestep=17s  day=9.99
2025/08/21 01:46:12 iteration 50963  walltime=  1.16h  Δwalltime=0.071s  timestep=17s  day=9.99
2025/08/21 01:46:14 iteration 50991  walltime=  1.16h  Δwalltime=0.069s  timestep=17s  day=10
2025/08/21 01:46:16 iteration 51017  walltime=  1.16h  Δwalltime=0.07s  timestep=17s  day=10
2025/08/21 01:46:18 Percent change since last convergence check:
VOC:			0.072%
VOC pop-wtd:		0.008%
SOA:			0.12%
SOA pop-wtd:		0.012%
PrimaryPM25:		0.043%
PrimaryPM25 pop-wtd:	0.004%
NH3:			0.044%
NH3 pop-wtd:		0.022%
pNH4:			0.092%
pNH4 pop-wtd:		0.026%
SOx:			0.00013%
SOx pop-wtd:		2.1e-06%
pSO4:			0.054%
pSO4 pop-wtd:		0.014%
NOx:			0.24%
NOx pop-wtd:		0.066%
pNO3:			0.23%
pNO3 pop-wtd:		0.096%
2025/08/21 01:46:18 iteration 51043  walltime=  1.16h  Δwalltime=0.07s  timestep=17s  day=10
2025/08/21 01:46:20 iteration 51070  walltime=  1.16h  Δwalltime=0.071s  timestep=17s  day=10
2025/08/21 01:46:22 iteration 51097  walltime=  1.16h  Δwalltime=0.07s  timestep=17s  day=10
2025/08/21 01:46:24 iteration 51124  walltime=  1.16h  Δwalltime=0.087s  timestep=17s  day=10
2025/08/21 01:46:26 iteration 51150  walltime=  1.16h  Δwalltime=0.083s  timestep=17s  day=10
2025/08/21 01:46:28 iteration 51177  walltime=  1.16h  Δwalltime=0.07s  timestep=17s  day=10
2025/08/21 01:46:30 iteration 51204  walltime=  1.17h  Δwalltime=0.069s  timestep=17s  day=10
2025/08/21 01:46:32 iteration 51230  walltime=  1.17h  Δwalltime=0.077s  timestep=17s  day=10
2025/08/21 01:46:34 iteration 51257  walltime=  1.17h  Δwalltime=0.08s  timestep=17s  day=10.1
2025/08/21 01:46:36 iteration 51283  walltime=  1.17h  Δwalltime=0.07s  timestep=17s  day=10.1
2025/08/21 01:46:38 iteration 51309  walltime=  1.17h  Δwalltime=0.07s  timestep=17s  day=10.1
2025/08/21 01:46:40 iteration 51337  walltime=  1.17h  Δwalltime=0.068s  timestep=17s  day=10.1
2025/08/21 01:46:42 iteration 51364  walltime=  1.17h  Δwalltime=0.069s  timestep=17s  day=10.1
2025/08/21 01:46:44 iteration 51391  walltime=  1.17h  Δwalltime=0.071s  timestep=17s  day=10.1
2025/08/21 01:46:46 iteration 51419  walltime=  1.17h  Δwalltime=0.071s  timestep=17s  day=10.1
2025/08/21 01:46:48 iteration 51447  walltime=  1.17h  Δwalltime=0.08s  timestep=17s  day=10.1
2025/08/21 01:46:50 iteration 51473  walltime=  1.17h  Δwalltime=0.084s  timestep=17s  day=10.1
2025/08/21 01:46:52 iteration 51499  walltime=  1.17h  Δwalltime=0.069s  timestep=17s  day=10.1
2025/08/21 01:46:54 iteration 51526  walltime=  1.17h  Δwalltime=0.079s  timestep=17s  day=10.1
2025/08/21 01:46:56 iteration 51552  walltime=  1.17h  Δwalltime=0.071s  timestep=17s  day=10.1
2025/08/21 01:46:58 iteration 51577  walltime=  1.17h  Δwalltime=0.07s  timestep=17s  day=10.1
2025/08/21 01:47:00 iteration 51604  walltime=  1.17h  Δwalltime=0.077s  timestep=17s  day=10.1
2025/08/21 01:47:02 iteration 51632  walltime=  1.17h  Δwalltime=0.069s  timestep=17s  day=10.1
2025/08/21 01:47:04 iteration 51659  walltime=  1.17h  Δwalltime=0.068s  timestep=17s  day=10.1
2025/08/21 01:47:05 Percent change since last convergence check:
VOC:			0.068%
VOC pop-wtd:		0.0076%
SOA:			0.11%
SOA pop-wtd:		0.011%
PrimaryPM25:		0.041%
PrimaryPM25 pop-wtd:	0.0037%
NH3:			0.042%
NH3 pop-wtd:		0.021%
pNH4:			0.087%
pNH4 pop-wtd:		0.025%
SOx:			0.00012%
SOx pop-wtd:		1.8e-06%
pSO4:			0.051%
pSO4 pop-wtd:		0.013%
NOx:			0.23%
NOx pop-wtd:		0.063%
pNO3:			0.22%
pNO3 pop-wtd:		0.092%
2025/08/21 01:47:06 iteration 51684  walltime=  1.18h  Δwalltime=0.08s  timestep=17s  day=10.1
2025/08/21 01:47:08 iteration 51712  walltime=  1.18h  Δwalltime=0.072s  timestep=17s  day=10.1
2025/08/21 01:47:10 iteration 51740  walltime=  1.18h  Δwalltime=0.08s  timestep=17s  day=10.1
2025/08/21 01:47:12 iteration 51766  walltime=  1.18h  Δwalltime=0.07s  timestep=17s  day=10.2
2025/08/21 01:47:14 iteration 51794  walltime=  1.18h  Δwalltime=0.07s  timestep=17s  day=10.2
2025/08/21 01:47:16 iteration 51821  walltime=  1.18h  Δwalltime=0.07s  timestep=17s  day=10.2
2025/08/21 01:47:18 iteration 51847  walltime=  1.18h  Δwalltime=0.07s  timestep=17s  day=10.2
2025/08/21 01:47:20 iteration 51875  walltime=  1.18h  Δwalltime=0.07s  timestep=17s  day=10.2
2025/08/21 01:47:22 iteration 51902  walltime=  1.18h  Δwalltime=0.069s  timestep=17s  day=10.2
2025/08/21 01:47:24 iteration 51929  walltime=  1.18h  Δwalltime=0.069s  timestep=17s  day=10.2
2025/08/21 01:47:26 iteration 51957  walltime=  1.18h  Δwalltime=0.09s  timestep=17s  day=10.2
2025/08/21 01:47:28 iteration 51984  walltime=  1.18h  Δwalltime=0.081s  timestep=17s  day=10.2
2025/08/21 01:47:30 iteration 52010  walltime=  1.18h  Δwalltime=0.087s  timestep=17s  day=10.2
2025/08/21 01:47:32 iteration 52038  walltime=  1.18h  Δwalltime=0.069s  timestep=17s  day=10.2
2025/08/21 01:47:34 iteration 52063  walltime=  1.18h  Δwalltime=0.082s  timestep=17s  day=10.2
2025/08/21 01:47:36 iteration 52091  walltime=  1.18h  Δwalltime=0.07s  timestep=17s  day=10.2
2025/08/21 01:47:38 iteration 52119  walltime=  1.18h  Δwalltime=0.075s  timestep=17s  day=10.2
2025/08/21 01:47:40 iteration 52145  walltime=  1.18h  Δwalltime=0.072s  timestep=17s  day=10.2
2025/08/21 01:47:42 iteration 52173  walltime=  1.19h  Δwalltime=0.082s  timestep=17s  day=10.2
2025/08/21 01:47:44 iteration 52199  walltime=  1.19h  Δwalltime=0.069s  timestep=17s  day=10.2
2025/08/21 01:47:46 iteration 52224  walltime=  1.19h  Δwalltime=0.071s  timestep=17s  day=10.2
2025/08/21 01:47:48 iteration 52252  walltime=  1.19h  Δwalltime=0.069s  timestep=17s  day=10.2
2025/08/21 01:47:50 iteration 52279  walltime=  1.19h  Δwalltime=0.071s  timestep=17s  day=10.3
2025/08/21 01:47:52 iteration 52306  walltime=  1.19h  Δwalltime=0.068s  timestep=17s  day=10.3
2025/08/21 01:47:53 Percent change since last convergence check:
VOC:			0.065%
VOC pop-wtd:		0.0071%
SOA:			0.11%
SOA pop-wtd:		0.011%
PrimaryPM25:		0.038%
PrimaryPM25 pop-wtd:	0.0035%
NH3:			0.039%
NH3 pop-wtd:		0.02%
pNH4:			0.082%
pNH4 pop-wtd:		0.023%
SOx:			0.0001%
SOx pop-wtd:		1.5e-06%
pSO4:			0.048%
pSO4 pop-wtd:		0.012%
NOx:			0.23%
NOx pop-wtd:		0.061%
pNO3:			0.21%
pNO3 pop-wtd:		0.088%
2025/08/21 01:47:54 iteration 52331  walltime=  1.19h  Δwalltime=0.07s  timestep=17s  day=10.3
2025/08/21 01:47:56 iteration 52359  walltime=  1.19h  Δwalltime=0.074s  timestep=17s  day=10.3
2025/08/21 01:47:58 iteration 52385  walltime=  1.19h  Δwalltime=0.081s  timestep=17s  day=10.3
2025/08/21 01:48:00 iteration 52413  walltime=  1.19h  Δwalltime=0.074s  timestep=17s  day=10.3
2025/08/21 01:48:02 iteration 52441  walltime=  1.19h  Δwalltime=0.089s  timestep=17s  day=10.3
2025/08/21 01:48:04 iteration 52466  walltime=  1.19h  Δwalltime=0.076s  timestep=17s  day=10.3
2025/08/21 01:48:06 iteration 52493  walltime=  1.19h  Δwalltime=0.071s  timestep=17s  day=10.3
2025/08/21 01:48:08 iteration 52519  walltime=  1.19h  Δwalltime=0.088s  timestep=17s  day=10.3
2025/08/21 01:48:10 iteration 52545  walltime=  1.19h  Δwalltime=0.07s  timestep=17s  day=10.3
2025/08/21 01:48:12 iteration 52573  walltime=  1.19h  Δwalltime=0.081s  timestep=17s  day=10.3
2025/08/21 01:48:14 iteration 52598  walltime=  1.19h  Δwalltime=0.073s  timestep=17s  day=10.3
2025/08/21 01:48:16 iteration 52625  walltime=  1.19h  Δwalltime=0.069s  timestep=17s  day=10.3
2025/08/21 01:48:18 iteration 52652  walltime=   1.2h  Δwalltime=0.07s  timestep=17s  day=10.3
2025/08/21 01:48:20 iteration 52679  walltime=   1.2h  Δwalltime=0.082s  timestep=17s  day=10.3
2025/08/21 01:48:22 iteration 52705  walltime=   1.2h  Δwalltime=0.083s  timestep=17s  day=10.3
2025/08/21 01:48:24 iteration 52733  walltime=   1.2h  Δwalltime=0.07s  timestep=17s  day=10.3
2025/08/21 01:48:26 iteration 52759  walltime=   1.2h  Δwalltime=0.068s  timestep=17s  day=10.3
2025/08/21 01:48:28 iteration 52787  walltime=   1.2h  Δwalltime=0.069s  timestep=17s  day=10.4
2025/08/21 01:48:30 iteration 52815  walltime=   1.2h  Δwalltime=0.07s  timestep=17s  day=10.4
2025/08/21 01:48:32 iteration 52840  walltime=   1.2h  Δwalltime=0.067s  timestep=17s  day=10.4
2025/08/21 01:48:34 iteration 52867  walltime=   1.2h  Δwalltime=0.07s  timestep=17s  day=10.4
2025/08/21 01:48:36 iteration 52895  walltime=   1.2h  Δwalltime=0.083s  timestep=17s  day=10.4
2025/08/21 01:48:38 iteration 52921  walltime=   1.2h  Δwalltime=0.076s  timestep=17s  day=10.4
2025/08/21 01:48:40 iteration 52949  walltime=   1.2h  Δwalltime=0.07s  timestep=17s  day=10.4
2025/08/21 01:48:40 Percent change since last convergence check:
VOC:			0.061%
VOC pop-wtd:		0.0067%
SOA:			0.1%
SOA pop-wtd:		0.0099%
PrimaryPM25:		0.036%
PrimaryPM25 pop-wtd:	0.0033%
NH3:			0.037%
NH3 pop-wtd:		0.019%
pNH4:			0.078%
pNH4 pop-wtd:		0.022%
SOx:			9.3e-05%
SOx pop-wtd:		1.3e-06%
pSO4:			0.045%
pSO4 pop-wtd:		0.011%
NOx:			0.22%
NOx pop-wtd:		0.058%
pNO3:			0.2%
pNO3 pop-wtd:		0.085%
2025/08/21 01:48:42 iteration 52972  walltime=   1.2h  Δwalltime=0.093s  timestep=17s  day=10.4
2025/08/21 01:48:44 iteration 53000  walltime=   1.2h  Δwalltime=0.07s  timestep=17s  day=10.4
2025/08/21 01:48:46 iteration 53028  walltime=   1.2h  Δwalltime=0.07s  timestep=17s  day=10.4
2025/08/21 01:48:48 iteration 53055  walltime=   1.2h  Δwalltime=0.075s  timestep=17s  day=10.4
2025/08/21 01:48:50 iteration 53082  walltime=   1.2h  Δwalltime=0.086s  timestep=17s  day=10.4
2025/08/21 01:48:52 iteration 53109  walltime=   1.2h  Δwalltime=0.073s  timestep=17s  day=10.4
2025/08/21 01:48:54 iteration 53135  walltime=  1.21h  Δwalltime=0.077s  timestep=17s  day=10.4
2025/08/21 01:48:56 iteration 53162  walltime=  1.21h  Δwalltime=0.087s  timestep=17s  day=10.4
2025/08/21 01:48:58 iteration 53189  walltime=  1.21h  Δwalltime= 0.1s  timestep=17s  day=10.4
2025/08/21 01:49:00 iteration 53215  walltime=  1.21h  Δwalltime=0.068s  timestep=17s  day=10.4
2025/08/21 01:49:02 iteration 53242  walltime=  1.21h  Δwalltime=0.07s  timestep=17s  day=10.4
2025/08/21 01:49:04 iteration 53270  walltime=  1.21h  Δwalltime=0.069s  timestep=17s  day=10.4
2025/08/21 01:49:06 iteration 53297  walltime=  1.21h  Δwalltime=0.068s  timestep=17s  day=10.5
2025/08/21 01:49:08 iteration 53325  walltime=  1.21h  Δwalltime=0.07s  timestep=17s  day=10.5
2025/08/21 01:49:10 iteration 53352  walltime=  1.21h  Δwalltime=0.083s  timestep=17s  day=10.5
2025/08/21 01:49:12 iteration 53379  walltime=  1.21h  Δwalltime=0.071s  timestep=17s  day=10.5
2025/08/21 01:49:14 iteration 53407  walltime=  1.21h  Δwalltime=0.075s  timestep=17s  day=10.5
2025/08/21 01:49:16 iteration 53434  walltime=  1.21h  Δwalltime=0.09s  timestep=17s  day=10.5
2025/08/21 01:49:18 iteration 53461  walltime=  1.21h  Δwalltime=0.071s  timestep=17s  day=10.5
2025/08/21 01:49:20 iteration 53488  walltime=  1.21h  Δwalltime=0.07s  timestep=17s  day=10.5
2025/08/21 01:49:22 iteration 53515  walltime=  1.21h  Δwalltime=0.07s  timestep=17s  day=10.5
2025/08/21 01:49:24 iteration 53542  walltime=  1.21h  Δwalltime=0.071s  timestep=17s  day=10.5
2025/08/21 01:49:26 iteration 53570  walltime=  1.21h  Δwalltime=0.069s  timestep=17s  day=10.5
2025/08/21 01:49:28 Percent change since last convergence check:
VOC:			0.058%
VOC pop-wtd:		0.0063%
SOA:			0.094%
SOA pop-wtd:		0.0094%
PrimaryPM25:		0.034%
PrimaryPM25 pop-wtd:	0.0031%
NH3:			0.035%
NH3 pop-wtd:		0.018%
pNH4:			0.073%
pNH4 pop-wtd:		0.021%
SOx:			8.2e-05%
SOx pop-wtd:		1.1e-06%
pSO4:			0.043%
pSO4 pop-wtd:		0.011%
NOx:			0.21%
NOx pop-wtd:		0.056%
pNO3:			0.19%
pNO3 pop-wtd:		0.082%
2025/08/21 01:49:28 iteration 53594  walltime=  1.21h  Δwalltime=0.07s  timestep=17s  day=10.5
2025/08/21 01:49:30 iteration 53622  walltime=  1.22h  Δwalltime=0.085s  timestep=17s  day=10.5
2025/08/21 01:49:32 iteration 53649  walltime=  1.22h  Δwalltime=0.089s  timestep=17s  day=10.5
2025/08/21 01:49:34 iteration 53675  walltime=  1.22h  Δwalltime=0.071s  timestep=17s  day=10.5
2025/08/21 01:49:36 iteration 53703  walltime=  1.22h  Δwalltime=0.069s  timestep=17s  day=10.5
2025/08/21 01:49:38 iteration 53729  walltime=  1.22h  Δwalltime=0.079s  timestep=17s  day=10.5
2025/08/21 01:49:40 iteration 53756  walltime=  1.22h  Δwalltime=0.07s  timestep=17s  day=10.5
2025/08/21 01:49:42 iteration 53783  walltime=  1.22h  Δwalltime=0.068s  timestep=17s  day=10.5
2025/08/21 01:49:44 iteration 53810  walltime=  1.22h  Δwalltime=0.073s  timestep=17s  day=10.6
2025/08/21 01:49:46 iteration 53836  walltime=  1.22h  Δwalltime=0.069s  timestep=17s  day=10.6
2025/08/21 01:49:48 iteration 53863  walltime=  1.22h  Δwalltime=0.071s  timestep=17s  day=10.6
2025/08/21 01:49:50 iteration 53889  walltime=  1.22h  Δwalltime=0.087s  timestep=17s  day=10.6
2025/08/21 01:49:52 iteration 53916  walltime=  1.22h  Δwalltime=0.075s  timestep=17s  day=10.6
2025/08/21 01:49:54 iteration 53943  walltime=  1.22h  Δwalltime=0.071s  timestep=17s  day=10.6
2025/08/21 01:49:56 iteration 53970  walltime=  1.22h  Δwalltime=0.085s  timestep=17s  day=10.6
2025/08/21 01:49:58 iteration 53997  walltime=  1.22h  Δwalltime=0.072s  timestep=17s  day=10.6
2025/08/21 01:50:00 iteration 54025  walltime=  1.22h  Δwalltime=0.069s  timestep=17s  day=10.6
2025/08/21 01:50:02 iteration 54051  walltime=  1.22h  Δwalltime=0.081s  timestep=17s  day=10.6
2025/08/21 01:50:04 iteration 54078  walltime=  1.22h  Δwalltime=0.071s  timestep=17s  day=10.6
2025/08/21 01:50:06 iteration 54106  walltime=  1.23h  Δwalltime=0.076s  timestep=17s  day=10.6
2025/08/21 01:50:08 iteration 54132  walltime=  1.23h  Δwalltime=0.069s  timestep=17s  day=10.6
2025/08/21 01:50:10 iteration 54159  walltime=  1.23h  Δwalltime=0.091s  timestep=17s  day=10.6
2025/08/21 01:50:12 iteration 54186  walltime=  1.23h  Δwalltime=0.079s  timestep=17s  day=10.6
2025/08/21 01:50:14 iteration 54212  walltime=  1.23h  Δwalltime=0.068s  timestep=17s  day=10.6
2025/08/21 01:50:15 Percent change since last convergence check:
VOC:			0.055%
VOC pop-wtd:		0.006%
SOA:			0.089%
SOA pop-wtd:		0.0089%
PrimaryPM25:		0.032%
PrimaryPM25 pop-wtd:	0.0029%
NH3:			0.033%
NH3 pop-wtd:		0.017%
pNH4:			0.07%
pNH4 pop-wtd:		0.02%
SOx:			7.3e-05%
SOx pop-wtd:		9.9e-07%
pSO4:			0.04%
pSO4 pop-wtd:		0.0099%
NOx:			0.2%
NOx pop-wtd:		0.054%
pNO3:			0.18%
pNO3 pop-wtd:		0.078%
2025/08/21 01:50:16 iteration 54238  walltime=  1.23h  Δwalltime=0.073s  timestep=17s  day=10.6
2025/08/21 01:50:18 iteration 54264  walltime=  1.23h  Δwalltime=0.084s  timestep=17s  day=10.6
2025/08/21 01:50:20 iteration 54290  walltime=  1.23h  Δwalltime=0.07s  timestep=17s  day=10.6
2025/08/21 01:50:22 iteration 54317  walltime=  1.23h  Δwalltime=0.069s  timestep=17s  day=10.7
2025/08/21 01:50:24 iteration 54343  walltime=  1.23h  Δwalltime=0.072s  timestep=17s  day=10.7
2025/08/21 01:50:26 iteration 54371  walltime=  1.23h  Δwalltime=0.07s  timestep=17s  day=10.7
2025/08/21 01:50:28 iteration 54398  walltime=  1.23h  Δwalltime=0.077s  timestep=17s  day=10.7
2025/08/21 01:50:30 iteration 54424  walltime=  1.23h  Δwalltime=0.074s  timestep=17s  day=10.7
2025/08/21 01:50:32 iteration 54451  walltime=  1.23h  Δwalltime=0.07s  timestep=17s  day=10.7
2025/08/21 01:50:34 iteration 54479  walltime=  1.23h  Δwalltime=0.068s  timestep=17s  day=10.7
2025/08/21 01:50:36 iteration 54505  walltime=  1.23h  Δwalltime=0.078s  timestep=17s  day=10.7
2025/08/21 01:50:38 iteration 54534  walltime=  1.23h  Δwalltime=0.072s  timestep=17s  day=10.7
2025/08/21 01:50:40 iteration 54560  walltime=  1.23h  Δwalltime=0.079s  timestep=17s  day=10.7
2025/08/21 01:50:42 iteration 54585  walltime=  1.24h  Δwalltime=0.071s  timestep=17s  day=10.7
2025/08/21 01:50:44 iteration 54613  walltime=  1.24h  Δwalltime=0.087s  timestep=17s  day=10.7
2025/08/21 01:50:46 iteration 54641  walltime=  1.24h  Δwalltime=0.07s  timestep=17s  day=10.7
2025/08/21 01:50:48 iteration 54668  walltime=  1.24h  Δwalltime=0.071s  timestep=17s  day=10.7
2025/08/21 01:50:50 iteration 54695  walltime=  1.24h  Δwalltime=0.072s  timestep=17s  day=10.7
2025/08/21 01:50:52 iteration 54722  walltime=  1.24h  Δwalltime=0.088s  timestep=17s  day=10.7
2025/08/21 01:50:54 iteration 54749  walltime=  1.24h  Δwalltime=0.079s  timestep=17s  day=10.7
2025/08/21 01:50:56 iteration 54776  walltime=  1.24h  Δwalltime=0.071s  timestep=17s  day=10.7
2025/08/21 01:50:58 iteration 54802  walltime=  1.24h  Δwalltime=0.076s  timestep=17s  day=10.7
2025/08/21 01:51:00 iteration 54827  walltime=  1.24h  Δwalltime=0.083s  timestep=17s  day=10.8
2025/08/21 01:51:02 iteration 54855  walltime=  1.24h  Δwalltime=0.081s  timestep=17s  day=10.8
2025/08/21 01:51:03 Percent change since last convergence check:
VOC:			0.052%
VOC pop-wtd:		0.0056%
SOA:			0.085%
SOA pop-wtd:		0.0084%
PrimaryPM25:		0.03%
PrimaryPM25 pop-wtd:	0.0027%
NH3:			0.031%
NH3 pop-wtd:		0.016%
pNH4:			0.066%
pNH4 pop-wtd:		0.018%
SOx:			6.5e-05%
SOx pop-wtd:		8.6e-07%
pSO4:			0.038%
pSO4 pop-wtd:		0.0093%
NOx:			0.19%
NOx pop-wtd:		0.052%
pNO3:			0.18%
pNO3 pop-wtd:		0.075%
2025/08/21 01:51:04 iteration 54880  walltime=  1.24h  Δwalltime=0.074s  timestep=17s  day=10.8
2025/08/21 01:51:06 iteration 54908  walltime=  1.24h  Δwalltime=0.08s  timestep=17s  day=10.8
2025/08/21 01:51:08 iteration 54935  walltime=  1.24h  Δwalltime=0.068s  timestep=17s  day=10.8
2025/08/21 01:51:10 iteration 54960  walltime=  1.24h  Δwalltime=0.07s  timestep=17s  day=10.8
2025/08/21 01:51:12 iteration 54988  walltime=  1.24h  Δwalltime=0.07s  timestep=17s  day=10.8
2025/08/21 01:51:14 iteration 55016  walltime=  1.24h  Δwalltime=0.069s  timestep=17s  day=10.8
2025/08/21 01:51:16 iteration 55043  walltime=  1.24h  Δwalltime=0.069s  timestep=17s  day=10.8
2025/08/21 01:51:18 iteration 55070  walltime=  1.25h  Δwalltime=0.076s  timestep=17s  day=10.8
2025/08/21 01:51:20 iteration 55097  walltime=  1.25h  Δwalltime=0.095s  timestep=17s  day=10.8
2025/08/21 01:51:22 iteration 55124  walltime=  1.25h  Δwalltime=0.074s  timestep=17s  day=10.8
2025/08/21 01:51:24 iteration 55150  walltime=  1.25h  Δwalltime=0.074s  timestep=17s  day=10.8
2025/08/21 01:51:26 iteration 55177  walltime=  1.25h  Δwalltime=0.076s  timestep=17s  day=10.8
2025/08/21 01:51:28 iteration 55204  walltime=  1.25h  Δwalltime=0.083s  timestep=17s  day=10.8
2025/08/21 01:51:30 iteration 55232  walltime=  1.25h  Δwalltime=0.07s  timestep=17s  day=10.8
2025/08/21 01:51:32 iteration 55259  walltime=  1.25h  Δwalltime=0.07s  timestep=17s  day=10.8
2025/08/21 01:51:34 iteration 55284  walltime=  1.25h  Δwalltime=0.075s  timestep=17s  day=10.8
2025/08/21 01:51:36 iteration 55311  walltime=  1.25h  Δwalltime=0.069s  timestep=17s  day=10.8
2025/08/21 01:51:38 iteration 55338  walltime=  1.25h  Δwalltime=0.069s  timestep=17s  day=10.9
2025/08/21 01:51:40 iteration 55365  walltime=  1.25h  Δwalltime=0.069s  timestep=17s  day=10.9
2025/08/21 01:51:42 iteration 55392  walltime=  1.25h  Δwalltime=0.071s  timestep=17s  day=10.9
2025/08/21 01:51:44 iteration 55418  walltime=  1.25h  Δwalltime=0.069s  timestep=17s  day=10.9
2025/08/21 01:51:46 iteration 55445  walltime=  1.25h  Δwalltime=0.072s  timestep=17s  day=10.9
2025/08/21 01:51:48 iteration 55473  walltime=  1.25h  Δwalltime=0.069s  timestep=17s  day=10.9
2025/08/21 01:51:50 iteration 55500  walltime=  1.25h  Δwalltime=0.077s  timestep=17s  day=10.9
2025/08/21 01:51:50 Percent change since last convergence check:
VOC:			0.049%
VOC pop-wtd:		0.0053%
SOA:			0.08%
SOA pop-wtd:		0.0079%
PrimaryPM25:		0.028%
PrimaryPM25 pop-wtd:	0.0025%
NH3:			0.03%
NH3 pop-wtd:		0.015%
pNH4:			0.062%
pNH4 pop-wtd:		0.017%
SOx:			5.7e-05%
SOx pop-wtd:		7.5e-07%
pSO4:			0.036%
pSO4 pop-wtd:		0.0087%
NOx:			0.19%
NOx pop-wtd:		0.05%
pNO3:			0.17%
pNO3 pop-wtd:		0.072%
2025/08/21 01:51:52 iteration 55525  walltime=  1.25h  Δwalltime=0.09s  timestep=17s  day=10.9
2025/08/21 01:51:54 iteration 55551  walltime=  1.26h  Δwalltime=0.083s  timestep=17s  day=10.9
2025/08/21 01:51:56 iteration 55578  walltime=  1.26h  Δwalltime=0.071s  timestep=17s  day=10.9
2025/08/21 01:51:58 iteration 55606  walltime=  1.26h  Δwalltime=0.071s  timestep=17s  day=10.9
2025/08/21 01:52:00 iteration 55632  walltime=  1.26h  Δwalltime=0.096s  timestep=17s  day=10.9
2025/08/21 01:52:02 iteration 55659  walltime=  1.26h  Δwalltime=0.073s  timestep=17s  day=10.9
2025/08/21 01:52:04 iteration 55686  walltime=  1.26h  Δwalltime=0.07s  timestep=17s  day=10.9
2025/08/21 01:52:06 iteration 55713  walltime=  1.26h  Δwalltime=0.068s  timestep=17s  day=10.9
2025/08/21 01:52:08 iteration 55740  walltime=  1.26h  Δwalltime=0.068s  timestep=17s  day=10.9
2025/08/21 01:52:10 iteration 55767  walltime=  1.26h  Δwalltime=0.084s  timestep=17s  day=10.9
2025/08/21 01:52:12 iteration 55793  walltime=  1.26h  Δwalltime=0.071s  timestep=17s  day=10.9
2025/08/21 01:52:14 iteration 55820  walltime=  1.26h  Δwalltime=0.082s  timestep=17s  day=10.9
2025/08/21 01:52:16 iteration 55847  walltime=  1.26h  Δwalltime=0.079s  timestep=17s  day=11
2025/08/21 01:52:18 iteration 55874  walltime=  1.26h  Δwalltime=0.074s  timestep=17s  day=11
2025/08/21 01:52:20 iteration 55902  walltime=  1.26h  Δwalltime=0.071s  timestep=17s  day=11
2025/08/21 01:52:22 iteration 55930  walltime=  1.26h  Δwalltime=0.072s  timestep=17s  day=11
2025/08/21 01:52:24 iteration 55955  walltime=  1.26h  Δwalltime=0.07s  timestep=17s  day=11
2025/08/21 01:52:26 iteration 55983  walltime=  1.26h  Δwalltime=0.073s  timestep=17s  day=11
2025/08/21 01:52:28 iteration 56010  walltime=  1.26h  Δwalltime=0.079s  timestep=17s  day=11
2025/08/21 01:52:30 iteration 56037  walltime=  1.27h  Δwalltime=0.073s  timestep=17s  day=11
2025/08/21 01:52:32 iteration 56065  walltime=  1.27h  Δwalltime=0.07s  timestep=17s  day=11
2025/08/21 01:52:34 iteration 56090  walltime=  1.27h  Δwalltime=0.093s  timestep=17s  day=11
2025/08/21 01:52:36 iteration 56118  walltime=  1.27h  Δwalltime=0.069s  timestep=17s  day=11
2025/08/21 01:52:38 iteration 56145  walltime=  1.27h  Δwalltime=0.22s  timestep=17s  day=11
2025/08/21 01:52:38 Percent change since last convergence check:
VOC:			0.046%
VOC pop-wtd:		0.005%
SOA:			0.076%
SOA pop-wtd:		0.0075%
PrimaryPM25:		0.027%
PrimaryPM25 pop-wtd:	0.0024%
NH3:			0.028%
NH3 pop-wtd:		0.014%
pNH4:			0.059%
pNH4 pop-wtd:		0.016%
SOx:			5.1e-05%
SOx pop-wtd:		6.5e-07%
pSO4:			0.034%
pSO4 pop-wtd:		0.0081%
NOx:			0.18%
NOx pop-wtd:		0.048%
pNO3:			0.16%
pNO3 pop-wtd:		0.07%
2025/08/21 01:52:40 iteration 56170  walltime=  1.27h  Δwalltime=0.075s  timestep=17s  day=11
2025/08/21 01:52:42 iteration 56197  walltime=  1.27h  Δwalltime=0.069s  timestep=17s  day=11
2025/08/21 01:52:44 iteration 56224  walltime=  1.27h  Δwalltime=0.071s  timestep=17s  day=11
2025/08/21 01:52:46 iteration 56251  walltime=  1.27h  Δwalltime=0.071s  timestep=17s  day=11
2025/08/21 01:52:48 iteration 56279  walltime=  1.27h  Δwalltime=0.071s  timestep=17s  day=11
2025/08/21 01:52:50 iteration 56307  walltime=  1.27h  Δwalltime=0.07s  timestep=17s  day=11
2025/08/21 01:52:52 iteration 56333  walltime=  1.27h  Δwalltime=0.071s  timestep=17s  day=11
2025/08/21 01:52:54 iteration 56361  walltime=  1.27h  Δwalltime=0.078s  timestep=17s  day=11.1
2025/08/21 01:52:56 iteration 56388  walltime=  1.27h  Δwalltime=0.078s  timestep=17s  day=11.1
2025/08/21 01:52:58 iteration 56414  walltime=  1.27h  Δwalltime=0.077s  timestep=17s  day=11.1
2025/08/21 01:53:00 iteration 56439  walltime=  1.27h  Δwalltime=0.088s  timestep=17s  day=11.1
2025/08/21 01:53:02 iteration 56466  walltime=  1.27h  Δwalltime=0.08s  timestep=17s  day=11.1
2025/08/21 01:53:04 iteration 56493  walltime=  1.27h  Δwalltime=0.068s  timestep=17s  day=11.1
2025/08/21 01:53:06 iteration 56521  walltime=  1.28h  Δwalltime=0.07s  timestep=17s  day=11.1
2025/08/21 01:53:08 iteration 56548  walltime=  1.28h  Δwalltime=0.084s  timestep=17s  day=11.1
2025/08/21 01:53:10 iteration 56574  walltime=  1.28h  Δwalltime=0.077s  timestep=17s  day=11.1
2025/08/21 01:53:12 iteration 56601  walltime=  1.28h  Δwalltime=0.069s  timestep=17s  day=11.1
2025/08/21 01:53:14 iteration 56627  walltime=  1.28h  Δwalltime=0.079s  timestep=17s  day=11.1
2025/08/21 01:53:16 iteration 56655  walltime=  1.28h  Δwalltime=0.071s  timestep=17s  day=11.1
2025/08/21 01:53:18 iteration 56683  walltime=  1.28h  Δwalltime=0.069s  timestep=17s  day=11.1
2025/08/21 01:53:20 iteration 56709  walltime=  1.28h  Δwalltime=0.075s  timestep=17s  day=11.1
2025/08/21 01:53:22 iteration 56737  walltime=  1.28h  Δwalltime=0.073s  timestep=17s  day=11.1
2025/08/21 01:53:24 iteration 56764  walltime=  1.28h  Δwalltime=0.07s  timestep=17s  day=11.1
2025/08/21 01:53:25 Percent change since last convergence check:
VOC:			0.044%
VOC pop-wtd:		0.0047%
SOA:			0.072%
SOA pop-wtd:		0.007%
PrimaryPM25:		0.025%
PrimaryPM25 pop-wtd:	0.0022%
NH3:			0.027%
NH3 pop-wtd:		0.013%
pNH4:			0.056%
pNH4 pop-wtd:		0.015%
SOx:			4.5e-05%
SOx pop-wtd:		5.6e-07%
pSO4:			0.032%
pSO4 pop-wtd:		0.0076%
NOx:			0.17%
NOx pop-wtd:		0.046%
pNO3:			0.16%
pNO3 pop-wtd:		0.067%
2025/08/21 01:53:26 iteration 56789  walltime=  1.28h  Δwalltime=0.071s  timestep=17s  day=11.1
2025/08/21 01:53:28 iteration 56816  walltime=  1.28h  Δwalltime=0.071s  timestep=17s  day=11.1
2025/08/21 01:53:30 iteration 56843  walltime=  1.28h  Δwalltime=0.076s  timestep=17s  day=11.1
2025/08/21 01:53:32 iteration 56870  walltime=  1.28h  Δwalltime=0.068s  timestep=17s  day=11.2
2025/08/21 01:53:34 iteration 56897  walltime=  1.28h  Δwalltime=0.076s  timestep=17s  day=11.2
2025/08/21 01:53:36 iteration 56923  walltime=  1.28h  Δwalltime=0.086s  timestep=17s  day=11.2
2025/08/21 01:53:38 iteration 56950  walltime=  1.28h  Δwalltime=0.069s  timestep=17s  day=11.2
2025/08/21 01:53:40 iteration 56977  walltime=  1.28h  Δwalltime=0.074s  timestep=17s  day=11.2
2025/08/21 01:53:42 iteration 57003  walltime=  1.29h  Δwalltime=0.095s  timestep=17s  day=11.2
2025/08/21 01:53:44 iteration 57031  walltime=  1.29h  Δwalltime=0.07s  timestep=17s  day=11.2
2025/08/21 01:53:46 iteration 57059  walltime=  1.29h  Δwalltime=0.07s  timestep=17s  day=11.2
2025/08/21 01:53:48 iteration 57085  walltime=  1.29h  Δwalltime=0.07s  timestep=17s  day=11.2
2025/08/21 01:53:50 iteration 57112  walltime=  1.29h  Δwalltime=0.072s  timestep=17s  day=11.2
2025/08/21 01:53:52 iteration 57140  walltime=  1.29h  Δwalltime=0.072s  timestep=17s  day=11.2
2025/08/21 01:53:54 iteration 57167  walltime=  1.29h  Δwalltime=0.07s  timestep=17s  day=11.2
2025/08/21 01:53:56 iteration 57195  walltime=  1.29h  Δwalltime=0.07s  timestep=17s  day=11.2
2025/08/21 01:53:58 iteration 57223  walltime=  1.29h  Δwalltime=0.068s  timestep=17s  day=11.2
2025/08/21 01:54:00 iteration 57250  walltime=  1.29h  Δwalltime=0.068s  timestep=17s  day=11.2
2025/08/21 01:54:02 iteration 57277  walltime=  1.29h  Δwalltime=0.07s  timestep=17s  day=11.2
2025/08/21 01:54:04 iteration 57304  walltime=  1.29h  Δwalltime=0.083s  timestep=17s  day=11.2
2025/08/21 01:54:06 iteration 57330  walltime=  1.29h  Δwalltime=0.073s  timestep=17s  day=11.2
2025/08/21 01:54:08 iteration 57357  walltime=  1.29h  Δwalltime=0.072s  timestep=17s  day=11.2
2025/08/21 01:54:10 iteration 57384  walltime=  1.29h  Δwalltime=0.076s  timestep=17s  day=11.3
2025/08/21 01:54:12 iteration 57410  walltime=  1.29h  Δwalltime=0.07s  timestep=17s  day=11.3
2025/08/21 01:54:13 Percent change since last convergence check:
VOC:			0.042%
VOC pop-wtd:		0.0045%
SOA:			0.068%
SOA pop-wtd:		0.0066%
PrimaryPM25:		0.024%
PrimaryPM25 pop-wtd:	0.0021%
NH3:			0.025%
NH3 pop-wtd:		0.012%
pNH4:			0.053%
pNH4 pop-wtd:		0.015%
SOx:			4e-05%
SOx pop-wtd:		4.9e-07%
pSO4:			0.03%
pSO4 pop-wtd:		0.0071%
NOx:			0.17%
NOx pop-wtd:		0.044%
pNO3:			0.15%
pNO3 pop-wtd:		0.064%
2025/08/21 01:54:14 iteration 57436  walltime=  1.29h  Δwalltime=0.069s  timestep=17s  day=11.3
2025/08/21 01:54:16 iteration 57462  walltime=  1.29h  Δwalltime=0.068s  timestep=17s  day=11.3
2025/08/21 01:54:18 iteration 57490  walltime=   1.3h  Δwalltime=0.07s  timestep=17s  day=11.3
2025/08/21 01:54:20 iteration 57518  walltime=   1.3h  Δwalltime=0.07s  timestep=17s  day=11.3
2025/08/21 01:54:22 iteration 57544  walltime=   1.3h  Δwalltime=0.082s  timestep=17s  day=11.3
2025/08/21 01:54:24 iteration 57571  walltime=   1.3h  Δwalltime=0.069s  timestep=17s  day=11.3
2025/08/21 01:54:26 iteration 57599  walltime=   1.3h  Δwalltime=0.07s  timestep=17s  day=11.3
2025/08/21 01:54:28 iteration 57626  walltime=   1.3h  Δwalltime=0.068s  timestep=17s  day=11.3
2025/08/21 01:54:30 iteration 57654  walltime=   1.3h  Δwalltime=0.068s  timestep=17s  day=11.3
2025/08/21 01:54:32 iteration 57682  walltime=   1.3h  Δwalltime=0.08s  timestep=17s  day=11.3
2025/08/21 01:54:34 iteration 57708  walltime=   1.3h  Δwalltime=0.069s  timestep=17s  day=11.3
2025/08/21 01:54:36 iteration 57735  walltime=   1.3h  Δwalltime=0.07s  timestep=17s  day=11.3
2025/08/21 01:54:38 iteration 57762  walltime=   1.3h  Δwalltime=0.08s  timestep=17s  day=11.3
2025/08/21 01:54:40 iteration 57789  walltime=   1.3h  Δwalltime=0.07s  timestep=17s  day=11.3
2025/08/21 01:54:42 iteration 57816  walltime=   1.3h  Δwalltime=0.069s  timestep=17s  day=11.3
2025/08/21 01:54:44 iteration 57843  walltime=   1.3h  Δwalltime=0.077s  timestep=17s  day=11.3
2025/08/21 01:54:46 iteration 57870  walltime=   1.3h  Δwalltime=0.079s  timestep=17s  day=11.3
2025/08/21 01:54:48 iteration 57899  walltime=   1.3h  Δwalltime=0.07s  timestep=17s  day=11.4
2025/08/21 01:54:50 iteration 57925  walltime=   1.3h  Δwalltime=0.068s  timestep=17s  day=11.4
2025/08/21 01:54:52 iteration 57952  walltime=   1.3h  Δwalltime=0.07s  timestep=17s  day=11.4
2025/08/21 01:54:54 iteration 57979  walltime=  1.31h  Δwalltime=0.069s  timestep=17s  day=11.4
2025/08/21 01:54:56 iteration 58005  walltime=  1.31h  Δwalltime=0.09s  timestep=17s  day=11.4
2025/08/21 01:54:58 iteration 58033  walltime=  1.31h  Δwalltime=0.074s  timestep=17s  day=11.4
2025/08/21 01:55:00 iteration 58058  walltime=  1.31h  Δwalltime=0.082s  timestep=17s  day=11.4
2025/08/21 01:55:00 Percent change since last convergence check:
VOC:			0.039%
VOC pop-wtd:		0.0042%
SOA:			0.065%
SOA pop-wtd:		0.0063%
PrimaryPM25:		0.022%
PrimaryPM25 pop-wtd:	0.002%
NH3:			0.024%
NH3 pop-wtd:		0.012%
pNH4:			0.05%
pNH4 pop-wtd:		0.014%
SOx:			3.6e-05%
SOx pop-wtd:		4.2e-07%
pSO4:			0.028%
pSO4 pop-wtd:		0.0067%
NOx:			0.16%
NOx pop-wtd:		0.043%
pNO3:			0.14%
pNO3 pop-wtd:		0.062%
2025/08/21 01:55:02 iteration 58081  walltime=  1.31h  Δwalltime=0.07s  timestep=17s  day=11.4
2025/08/21 01:55:04 iteration 58108  walltime=  1.31h  Δwalltime=0.069s  timestep=17s  day=11.4
2025/08/21 01:55:06 iteration 58132  walltime=  1.31h  Δwalltime=0.085s  timestep=17s  day=11.4
2025/08/21 01:55:08 iteration 58158  walltime=  1.31h  Δwalltime=0.07s  timestep=17s  day=11.4
2025/08/21 01:55:10 iteration 58186  walltime=  1.31h  Δwalltime=0.078s  timestep=17s  day=11.4
2025/08/21 01:55:12 iteration 58213  walltime=  1.31h  Δwalltime=0.084s  timestep=17s  day=11.4
2025/08/21 01:55:14 iteration 58240  walltime=  1.31h  Δwalltime=0.084s  timestep=17s  day=11.4
2025/08/21 01:55:16 iteration 58265  walltime=  1.31h  Δwalltime=0.094s  timestep=17s  day=11.4
2025/08/21 01:55:18 iteration 58291  walltime=  1.31h  Δwalltime=0.087s  timestep=17s  day=11.4
2025/08/21 01:55:20 iteration 58319  walltime=  1.31h  Δwalltime=0.071s  timestep=17s  day=11.4
2025/08/21 01:55:22 iteration 58346  walltime=  1.31h  Δwalltime=0.072s  timestep=17s  day=11.4
2025/08/21 01:55:24 iteration 58372  walltime=  1.31h  Δwalltime=0.075s  timestep=17s  day=11.4
2025/08/21 01:55:26 iteration 58399  walltime=  1.31h  Δwalltime=0.07s  timestep=17s  day=11.5
2025/08/21 01:55:28 iteration 58426  walltime=  1.31h  Δwalltime=0.08s  timestep=17s  day=11.5
2025/08/21 01:55:30 iteration 58452  walltime=  1.32h  Δwalltime=0.075s  timestep=17s  day=11.5
2025/08/21 01:55:32 iteration 58480  walltime=  1.32h  Δwalltime=0.069s  timestep=17s  day=11.5
2025/08/21 01:55:34 iteration 58507  walltime=  1.32h  Δwalltime=0.073s  timestep=17s  day=11.5
2025/08/21 01:55:36 iteration 58534  walltime=  1.32h  Δwalltime=0.068s  timestep=17s  day=11.5
2025/08/21 01:55:38 iteration 58562  walltime=  1.32h  Δwalltime=0.07s  timestep=17s  day=11.5
2025/08/21 01:55:40 iteration 58590  walltime=  1.32h  Δwalltime=0.075s  timestep=17s  day=11.5
2025/08/21 01:55:42 iteration 58616  walltime=  1.32h  Δwalltime=0.076s  timestep=17s  day=11.5
2025/08/21 01:55:44 iteration 58643  walltime=  1.32h  Δwalltime=0.088s  timestep=17s  day=11.5
2025/08/21 01:55:46 iteration 58671  walltime=  1.32h  Δwalltime=0.079s  timestep=17s  day=11.5
2025/08/21 01:55:48 iteration 58697  walltime=  1.32h  Δwalltime=0.23s  timestep=17s  day=11.5
2025/08/21 01:55:48 Percent change since last convergence check:
VOC:			0.037%
VOC pop-wtd:		0.004%
SOA:			0.061%
SOA pop-wtd:		0.0059%
PrimaryPM25:		0.021%
PrimaryPM25 pop-wtd:	0.0018%
NH3:			0.022%
NH3 pop-wtd:		0.011%
pNH4:			0.048%
pNH4 pop-wtd:		0.013%
SOx:			3.2e-05%
SOx pop-wtd:		3.7e-07%
pSO4:			0.026%
pSO4 pop-wtd:		0.0063%
NOx:			0.15%
NOx pop-wtd:		0.041%
pNO3:			0.14%
pNO3 pop-wtd:		0.059%
2025/08/21 01:55:50 iteration 58723  walltime=  1.32h  Δwalltime=0.072s  timestep=17s  day=11.5
2025/08/21 01:55:52 iteration 58749  walltime=  1.32h  Δwalltime=0.086s  timestep=17s  day=11.5
2025/08/21 01:55:54 iteration 58777  walltime=  1.32h  Δwalltime=0.071s  timestep=17s  day=11.5
2025/08/21 01:55:56 iteration 58804  walltime=  1.32h  Δwalltime=0.07s  timestep=17s  day=11.5
2025/08/21 01:55:58 iteration 58830  walltime=  1.32h  Δwalltime=0.071s  timestep=17s  day=11.5
2025/08/21 01:56:00 iteration 58858  walltime=  1.32h  Δwalltime=0.068s  timestep=17s  day=11.5
2025/08/21 01:56:02 iteration 58886  walltime=  1.32h  Δwalltime=0.069s  timestep=17s  day=11.5
2025/08/21 01:56:04 iteration 58913  walltime=  1.32h  Δwalltime=0.07s  timestep=17s  day=11.6
2025/08/21 01:56:06 iteration 58940  walltime=  1.33h  Δwalltime=0.076s  timestep=17s  day=11.6
2025/08/21 01:56:08 iteration 58967  walltime=  1.33h  Δwalltime=0.071s  timestep=17s  day=11.6
2025/08/21 01:56:10 iteration 58994  walltime=  1.33h  Δwalltime=0.074s  timestep=17s  day=11.6
2025/08/21 01:56:12 iteration 59022  walltime=  1.33h  Δwalltime=0.08s  timestep=17s  day=11.6
2025/08/21 01:56:14 iteration 59050  walltime=  1.33h  Δwalltime=0.07s  timestep=17s  day=11.6
2025/08/21 01:56:16 iteration 59076  walltime=  1.33h  Δwalltime=0.07s  timestep=17s  day=11.6
2025/08/21 01:56:18 iteration 59104  walltime=  1.33h  Δwalltime=0.07s  timestep=17s  day=11.6
2025/08/21 01:56:20 iteration 59131  walltime=  1.33h  Δwalltime=0.09s  timestep=17s  day=11.6
2025/08/21 01:56:22 iteration 59156  walltime=  1.33h  Δwalltime=0.068s  timestep=17s  day=11.6
2025/08/21 01:56:24 iteration 59183  walltime=  1.33h  Δwalltime=0.079s  timestep=17s  day=11.6
2025/08/21 01:56:26 iteration 59208  walltime=  1.33h  Δwalltime=0.085s  timestep=17s  day=11.6
2025/08/21 01:56:28 iteration 59235  walltime=  1.33h  Δwalltime=0.085s  timestep=17s  day=11.6
2025/08/21 01:56:30 iteration 59262  walltime=  1.33h  Δwalltime=0.07s  timestep=17s  day=11.6
2025/08/21 01:56:32 iteration 59289  walltime=  1.33h  Δwalltime=0.083s  timestep=17s  day=11.6
2025/08/21 01:56:34 iteration 59315  walltime=  1.33h  Δwalltime=0.074s  timestep=17s  day=11.6
2025/08/21 01:56:35 Percent change since last convergence check:
VOC:			0.035%
VOC pop-wtd:		0.0037%
SOA:			0.058%
SOA pop-wtd:		0.0056%
PrimaryPM25:		0.02%
PrimaryPM25 pop-wtd:	0.0017%
NH3:			0.021%
NH3 pop-wtd:		0.01%
pNH4:			0.045%
pNH4 pop-wtd:		0.012%
SOx:			2.8e-05%
SOx pop-wtd:		3.2e-07%
pSO4:			0.025%
pSO4 pop-wtd:		0.0059%
NOx:			0.15%
NOx pop-wtd:		0.039%
pNO3:			0.13%
pNO3 pop-wtd:		0.057%
2025/08/21 01:56:36 iteration 59340  walltime=  1.33h  Δwalltime=0.082s  timestep=17s  day=11.6
2025/08/21 01:56:38 iteration 59367  walltime=  1.33h  Δwalltime=0.075s  timestep=17s  day=11.6
2025/08/21 01:56:40 iteration 59395  walltime=  1.33h  Δwalltime=0.07s  timestep=17s  day=11.6
2025/08/21 01:56:42 iteration 59422  walltime=  1.34h  Δwalltime=0.068s  timestep=17s  day=11.7
2025/08/21 01:56:44 iteration 59448  walltime=  1.34h  Δwalltime=0.069s  timestep=17s  day=11.7
2025/08/21 01:56:46 iteration 59476  walltime=  1.34h  Δwalltime=0.069s  timestep=17s  day=11.7
2025/08/21 01:56:48 iteration 59504  walltime=  1.34h  Δwalltime=0.071s  timestep=17s  day=11.7
2025/08/21 01:56:50 iteration 59530  walltime=  1.34h  Δwalltime=0.081s  timestep=17s  day=11.7
2025/08/21 01:56:52 iteration 59557  walltime=  1.34h  Δwalltime=0.069s  timestep=17s  day=11.7
2025/08/21 01:56:54 iteration 59584  walltime=  1.34h  Δwalltime=0.08s  timestep=17s  day=11.7
2025/08/21 01:56:56 iteration 59612  walltime=  1.34h  Δwalltime=0.089s  timestep=17s  day=11.7
2025/08/21 01:56:58 iteration 59639  walltime=  1.34h  Δwalltime=0.071s  timestep=17s  day=11.7
2025/08/21 01:57:00 iteration 59663  walltime=  1.34h  Δwalltime=0.08s  timestep=17s  day=11.7
2025/08/21 01:57:02 iteration 59691  walltime=  1.34h  Δwalltime=0.07s  timestep=17s  day=11.7
2025/08/21 01:57:04 iteration 59718  walltime=  1.34h  Δwalltime=0.069s  timestep=17s  day=11.7
2025/08/21 01:57:06 iteration 59745  walltime=  1.34h  Δwalltime=0.07s  timestep=17s  day=11.7
2025/08/21 01:57:08 iteration 59773  walltime=  1.34h  Δwalltime=0.071s  timestep=17s  day=11.7
2025/08/21 01:57:10 iteration 59800  walltime=  1.34h  Δwalltime=0.072s  timestep=17s  day=11.7
2025/08/21 01:57:12 iteration 59827  walltime=  1.34h  Δwalltime=0.075s  timestep=17s  day=11.7
2025/08/21 01:57:14 iteration 59854  walltime=  1.34h  Δwalltime=0.071s  timestep=17s  day=11.7
2025/08/21 01:57:16 iteration 59882  walltime=  1.34h  Δwalltime=0.076s  timestep=17s  day=11.7
2025/08/21 01:57:18 iteration 59908  walltime=  1.35h  Δwalltime=0.079s  timestep=17s  day=11.7
2025/08/21 01:57:20 iteration 59935  walltime=  1.35h  Δwalltime=0.068s  timestep=17s  day=11.8
2025/08/21 01:57:22 iteration 59962  walltime=  1.35h  Δwalltime=0.069s  timestep=17s  day=11.8
2025/08/21 01:57:23 Percent change since last convergence check:
VOC:			0.033%
VOC pop-wtd:		0.0035%
SOA:			0.055%
SOA pop-wtd:		0.0053%
PrimaryPM25:		0.019%
PrimaryPM25 pop-wtd:	0.0016%
NH3:			0.02%
NH3 pop-wtd:		0.0098%
pNH4:			0.043%
pNH4 pop-wtd:		0.012%
SOx:			2.5e-05%
SOx pop-wtd:		2.8e-07%
pSO4:			0.023%
pSO4 pop-wtd:		0.0055%
NOx:			0.14%
NOx pop-wtd:		0.038%
pNO3:			0.13%
pNO3 pop-wtd:		0.055%
2025/08/21 01:57:24 iteration 59987  walltime=  1.35h  Δwalltime=0.076s  timestep=17s  day=11.8
2025/08/21 01:57:26 iteration 60015  walltime=  1.35h  Δwalltime=0.072s  timestep=17s  day=11.8
2025/08/21 01:57:28 iteration 60043  walltime=  1.35h  Δwalltime=0.084s  timestep=17s  day=11.8
2025/08/21 01:57:30 iteration 60069  walltime=  1.35h  Δwalltime=0.075s  timestep=17s  day=11.8
2025/08/21 01:57:32 iteration 60096  walltime=  1.35h  Δwalltime=0.082s  timestep=17s  day=11.8
2025/08/21 01:57:34 iteration 60122  walltime=  1.35h  Δwalltime=0.083s  timestep=17s  day=11.8
2025/08/21 01:57:36 iteration 60149  walltime=  1.35h  Δwalltime=0.077s  timestep=17s  day=11.8
2025/08/21 01:57:38 iteration 60177  walltime=  1.35h  Δwalltime=0.069s  timestep=17s  day=11.8
2025/08/21 01:57:40 iteration 60204  walltime=  1.35h  Δwalltime=0.078s  timestep=17s  day=11.8
2025/08/21 01:57:42 iteration 60231  walltime=  1.35h  Δwalltime=0.069s  timestep=17s  day=11.8
2025/08/21 01:57:44 iteration 60258  walltime=  1.35h  Δwalltime=0.07s  timestep=17s  day=11.8
2025/08/21 01:57:46 iteration 60284  walltime=  1.35h  Δwalltime=0.084s  timestep=17s  day=11.8
2025/08/21 01:57:48 iteration 60312  walltime=  1.35h  Δwalltime=0.068s  timestep=17s  day=11.8
2025/08/21 01:57:50 iteration 60341  walltime=  1.35h  Δwalltime=0.076s  timestep=17s  day=11.8
2025/08/21 01:57:52 iteration 60366  walltime=  1.35h  Δwalltime=0.07s  timestep=17s  day=11.8
2025/08/21 01:57:54 iteration 60394  walltime=  1.36h  Δwalltime=0.079s  timestep=17s  day=11.8
2025/08/21 01:57:56 iteration 60422  walltime=  1.36h  Δwalltime=0.069s  timestep=17s  day=11.8
2025/08/21 01:57:58 iteration 60448  walltime=  1.36h  Δwalltime=0.084s  timestep=17s  day=11.9
2025/08/21 01:58:00 iteration 60474  walltime=  1.36h  Δwalltime=0.07s  timestep=17s  day=11.9
2025/08/21 01:58:02 iteration 60502  walltime=  1.36h  Δwalltime=0.081s  timestep=17s  day=11.9
2025/08/21 01:58:04 iteration 60528  walltime=  1.36h  Δwalltime=0.08s  timestep=17s  day=11.9
2025/08/21 01:58:06 iteration 60556  walltime=  1.36h  Δwalltime=0.081s  timestep=17s  day=11.9
2025/08/21 01:58:08 iteration 60581  walltime=  1.36h  Δwalltime=0.079s  timestep=17s  day=11.9
2025/08/21 01:58:10 iteration 60608  walltime=  1.36h  Δwalltime=0.071s  timestep=17s  day=11.9
2025/08/21 01:58:10 Percent change since last convergence check:
VOC:			0.032%
VOC pop-wtd:		0.0033%
SOA:			0.052%
SOA pop-wtd:		0.005%
PrimaryPM25:		0.018%
PrimaryPM25 pop-wtd:	0.0015%
NH3:			0.019%
NH3 pop-wtd:		0.0093%
pNH4:			0.04%
pNH4 pop-wtd:		0.011%
SOx:			2.2e-05%
SOx pop-wtd:		2.4e-07%
pSO4:			0.022%
pSO4 pop-wtd:		0.0052%
NOx:			0.14%
NOx pop-wtd:		0.036%
pNO3:			0.12%
pNO3 pop-wtd:		0.053%
2025/08/21 01:58:12 iteration 60632  walltime=  1.36h  Δwalltime=0.07s  timestep=17s  day=11.9
2025/08/21 01:58:14 iteration 60658  walltime=  1.36h  Δwalltime=0.084s  timestep=17s  day=11.9
2025/08/21 01:58:16 iteration 60685  walltime=  1.36h  Δwalltime=0.067s  timestep=17s  day=11.9
2025/08/21 01:58:18 iteration 60713  walltime=  1.36h  Δwalltime=0.073s  timestep=17s  day=11.9
2025/08/21 01:58:20 iteration 60740  walltime=  1.36h  Δwalltime=0.072s  timestep=17s  day=11.9
2025/08/21 01:58:22 iteration 60768  walltime=  1.36h  Δwalltime=0.075s  timestep=17s  day=11.9
2025/08/21 01:58:24 iteration 60795  walltime=  1.36h  Δwalltime=0.07s  timestep=17s  day=11.9
2025/08/21 01:58:26 iteration 60822  walltime=  1.36h  Δwalltime=0.071s  timestep=17s  day=11.9
2025/08/21 01:58:28 iteration 60850  walltime=  1.36h  Δwalltime=0.072s  timestep=17s  day=11.9
2025/08/21 01:58:30 iteration 60878  walltime=  1.37h  Δwalltime=0.069s  timestep=17s  day=11.9
2025/08/21 01:58:32 iteration 60905  walltime=  1.37h  Δwalltime=0.07s  timestep=17s  day=11.9
2025/08/21 01:58:34 iteration 60931  walltime=  1.37h  Δwalltime=0.075s  timestep=17s  day=11.9
2025/08/21 01:58:36 iteration 60959  walltime=  1.37h  Δwalltime=0.086s  timestep=17s  day=12
2025/08/21 01:58:38 iteration 60985  walltime=  1.37h  Δwalltime=0.068s  timestep=17s  day=12
2025/08/21 01:58:40 iteration 61013  walltime=  1.37h  Δwalltime=0.072s  timestep=17s  day=12
2025/08/21 01:58:42 iteration 61039  walltime=  1.37h  Δwalltime=0.072s  timestep=17s  day=12
2025/08/21 01:58:44 iteration 61066  walltime=  1.37h  Δwalltime=0.077s  timestep=17s  day=12
2025/08/21 01:58:46 iteration 61093  walltime=  1.37h  Δwalltime=0.068s  timestep=17s  day=12
2025/08/21 01:58:48 iteration 61121  walltime=  1.37h  Δwalltime=0.067s  timestep=17s  day=12
2025/08/21 01:58:50 iteration 61148  walltime=  1.37h  Δwalltime=0.082s  timestep=17s  day=12
2025/08/21 01:58:52 iteration 61175  walltime=  1.37h  Δwalltime=0.069s  timestep=17s  day=12
2025/08/21 01:58:54 iteration 61200  walltime=  1.37h  Δwalltime=0.088s  timestep=17s  day=12
2025/08/21 01:58:56 iteration 61226  walltime=  1.37h  Δwalltime=0.07s  timestep=17s  day=12
2025/08/21 01:58:58 Percent change since last convergence check:
VOC:			0.03%
VOC pop-wtd:		0.0031%
SOA:			0.049%
SOA pop-wtd:		0.0047%
PrimaryPM25:		0.017%
PrimaryPM25 pop-wtd:	0.0014%
NH3:			0.018%
NH3 pop-wtd:		0.0088%
pNH4:			0.038%
pNH4 pop-wtd:		0.01%
SOx:			2e-05%
SOx pop-wtd:		2.1e-07%
pSO4:			0.021%
pSO4 pop-wtd:		0.0049%
NOx:			0.13%
NOx pop-wtd:		0.035%
pNO3:			0.12%
pNO3 pop-wtd:		0.051%
2025/08/21 01:58:58 iteration 61252  walltime=  1.37h  Δwalltime=0.071s  timestep=17s  day=12
2025/08/21 01:59:00 iteration 61276  walltime=  1.37h  Δwalltime=0.098s  timestep=17s  day=12
2025/08/21 01:59:02 iteration 61304  walltime=  1.37h  Δwalltime=0.07s  timestep=17s  day=12
2025/08/21 01:59:04 iteration 61331  walltime=  1.37h  Δwalltime=0.071s  timestep=17s  day=12
2025/08/21 01:59:06 iteration 61356  walltime=  1.38h  Δwalltime=0.069s  timestep=17s  day=12
2025/08/21 01:59:08 iteration 61383  walltime=  1.38h  Δwalltime=0.069s  timestep=17s  day=12
2025/08/21 01:59:10 iteration 61411  walltime=  1.38h  Δwalltime=0.073s  timestep=17s  day=12
2025/08/21 01:59:12 iteration 61438  walltime=  1.38h  Δwalltime=0.069s  timestep=17s  day=12
2025/08/21 01:59:14 iteration 61465  walltime=  1.38h  Δwalltime=0.069s  timestep=17s  day=12.1
2025/08/21 01:59:16 iteration 61492  walltime=  1.38h  Δwalltime=0.081s  timestep=17s  day=12.1
2025/08/21 01:59:18 iteration 61519  walltime=  1.38h  Δwalltime=0.082s  timestep=17s  day=12.1
2025/08/21 01:59:20 iteration 61546  walltime=  1.38h  Δwalltime=0.07s  timestep=17s  day=12.1
2025/08/21 01:59:22 iteration 61572  walltime=  1.38h  Δwalltime=0.07s  timestep=17s  day=12.1
2025/08/21 01:59:24 iteration 61600  walltime=  1.38h  Δwalltime=0.074s  timestep=17s  day=12.1
2025/08/21 01:59:26 iteration 61627  walltime=  1.38h  Δwalltime=0.069s  timestep=17s  day=12.1
2025/08/21 01:59:28 iteration 61653  walltime=  1.38h  Δwalltime=0.07s  timestep=17s  day=12.1
2025/08/21 01:59:30 iteration 61680  walltime=  1.38h  Δwalltime=0.087s  timestep=17s  day=12.1
2025/08/21 01:59:32 iteration 61707  walltime=  1.38h  Δwalltime=0.083s  timestep=17s  day=12.1
2025/08/21 01:59:34 iteration 61733  walltime=  1.38h  Δwalltime=0.091s  timestep=17s  day=12.1
2025/08/21 01:59:36 iteration 61760  walltime=  1.38h  Δwalltime=0.081s  timestep=17s  day=12.1
2025/08/21 01:59:38 iteration 61788  walltime=  1.38h  Δwalltime=0.069s  timestep=17s  day=12.1
2025/08/21 01:59:40 iteration 61814  walltime=  1.38h  Δwalltime=0.084s  timestep=17s  day=12.1
2025/08/21 01:59:42 iteration 61841  walltime=  1.39h  Δwalltime=0.074s  timestep=17s  day=12.1
2025/08/21 01:59:44 iteration 61867  walltime=  1.39h  Δwalltime=0.081s  timestep=17s  day=12.1
2025/08/21 01:59:45 Percent change since last convergence check:
VOC:			0.028%
VOC pop-wtd:		0.003%
SOA:			0.047%
SOA pop-wtd:		0.0045%
PrimaryPM25:		0.016%
PrimaryPM25 pop-wtd:	0.0013%
NH3:			0.017%
NH3 pop-wtd:		0.0083%
pNH4:			0.036%
pNH4 pop-wtd:		0.0097%
SOx:			1.7e-05%
SOx pop-wtd:		1.8e-07%
pSO4:			0.02%
pSO4 pop-wtd:		0.0046%
NOx:			0.13%
NOx pop-wtd:		0.034%
pNO3:			0.11%
pNO3 pop-wtd:		0.049%
2025/08/21 01:59:46 iteration 61891  walltime=  1.39h  Δwalltime=0.073s  timestep=17s  day=12.1
2025/08/21 01:59:48 iteration 61919  walltime=  1.39h  Δwalltime=0.081s  timestep=17s  day=12.1
2025/08/21 01:59:50 iteration 61945  walltime=  1.39h  Δwalltime=0.086s  timestep=17s  day=12.1
2025/08/21 01:59:52 iteration 61972  walltime=  1.39h  Δwalltime=0.07s  timestep=17s  day=12.2
2025/08/21 01:59:54 iteration 62000  walltime=  1.39h  Δwalltime=0.072s  timestep=17s  day=12.2
2025/08/21 01:59:56 iteration 62026  walltime=  1.39h  Δwalltime=0.08s  timestep=17s  day=12.2
2025/08/21 01:59:58 iteration 62053  walltime=  1.39h  Δwalltime=0.085s  timestep=17s  day=12.2
2025/08/21 02:00:00 iteration 62080  walltime=  1.39h  Δwalltime=0.079s  timestep=17s  day=12.2
2025/08/21 02:00:02 iteration 62106  walltime=  1.39h  Δwalltime=0.07s  timestep=17s  day=12.2
2025/08/21 02:00:04 iteration 62134  walltime=  1.39h  Δwalltime=0.072s  timestep=17s  day=12.2
2025/08/21 02:00:06 iteration 62160  walltime=  1.39h  Δwalltime=0.07s  timestep=17s  day=12.2
2025/08/21 02:00:08 iteration 62188  walltime=  1.39h  Δwalltime=0.069s  timestep=17s  day=12.2
2025/08/21 02:00:10 iteration 62215  walltime=  1.39h  Δwalltime=0.073s  timestep=17s  day=12.2
2025/08/21 02:00:12 iteration 62242  walltime=  1.39h  Δwalltime=0.077s  timestep=17s  day=12.2
2025/08/21 02:00:14 iteration 62268  walltime=  1.39h  Δwalltime=0.07s  timestep=17s  day=12.2
2025/08/21 02:00:16 iteration 62296  walltime=  1.39h  Δwalltime=0.079s  timestep=17s  day=12.2
2025/08/21 02:00:18 iteration 62322  walltime=   1.4h  Δwalltime=0.091s  timestep=17s  day=12.2
2025/08/21 02:00:20 iteration 62349  walltime=   1.4h  Δwalltime=0.076s  timestep=17s  day=12.2
2025/08/21 02:00:22 iteration 62377  walltime=   1.4h  Δwalltime=0.081s  timestep=17s  day=12.2
2025/08/21 02:00:24 iteration 62403  walltime=   1.4h  Δwalltime=0.076s  timestep=17s  day=12.2
2025/08/21 02:00:26 iteration 62429  walltime=   1.4h  Δwalltime=0.07s  timestep=17s  day=12.2
2025/08/21 02:00:28 iteration 62457  walltime=   1.4h  Δwalltime=0.069s  timestep=17s  day=12.2
2025/08/21 02:00:30 iteration 62483  walltime=   1.4h  Δwalltime=0.07s  timestep=17s  day=12.3
2025/08/21 02:00:32 iteration 62510  walltime=   1.4h  Δwalltime=0.074s  timestep=17s  day=12.3
2025/08/21 02:00:33 Percent change since last convergence check:
VOC:			0.027%
VOC pop-wtd:		0.0028%
SOA:			0.044%
SOA pop-wtd:		0.0042%
PrimaryPM25:		0.015%
PrimaryPM25 pop-wtd:	0.0013%
NH3:			0.016%
NH3 pop-wtd:		0.0078%
pNH4:			0.034%
pNH4 pop-wtd:		0.0092%
SOx:			1.5e-05%
SOx pop-wtd:		1.6e-07%
pSO4:			0.018%
pSO4 pop-wtd:		0.0043%
NOx:			0.12%
NOx pop-wtd:		0.032%
pNO3:			0.11%
pNO3 pop-wtd:		0.047%
2025/08/21 02:00:34 iteration 62536  walltime=   1.4h  Δwalltime=0.075s  timestep=17s  day=12.3
2025/08/21 02:00:36 iteration 62562  walltime=   1.4h  Δwalltime=0.07s  timestep=17s  day=12.3
2025/08/21 02:00:38 iteration 62589  walltime=   1.4h  Δwalltime=0.07s  timestep=17s  day=12.3
2025/08/21 02:00:40 iteration 62616  walltime=   1.4h  Δwalltime=0.076s  timestep=17s  day=12.3
2025/08/21 02:00:42 iteration 62642  walltime=   1.4h  Δwalltime=0.082s  timestep=17s  day=12.3
2025/08/21 02:00:44 iteration 62668  walltime=   1.4h  Δwalltime=0.073s  timestep=17s  day=12.3
2025/08/21 02:00:46 iteration 62696  walltime=   1.4h  Δwalltime=0.085s  timestep=17s  day=12.3
2025/08/21 02:00:48 iteration 62722  walltime=   1.4h  Δwalltime=0.083s  timestep=17s  day=12.3
2025/08/21 02:00:50 iteration 62749  walltime=   1.4h  Δwalltime=0.079s  timestep=17s  day=12.3
2025/08/21 02:00:52 iteration 62775  walltime=   1.4h  Δwalltime=0.081s  timestep=17s  day=12.3
2025/08/21 02:00:54 iteration 62801  walltime=  1.41h  Δwalltime=0.07s  timestep=17s  day=12.3
2025/08/21 02:00:56 iteration 62829  walltime=  1.41h  Δwalltime=0.08s  timestep=17s  day=12.3
2025/08/21 02:00:58 iteration 62854  walltime=  1.41h  Δwalltime=0.084s  timestep=17s  day=12.3
2025/08/21 02:01:00 iteration 62881  walltime=  1.41h  Δwalltime=0.12s  timestep=17s  day=12.3
2025/08/21 02:01:02 iteration 62907  walltime=  1.41h  Δwalltime=0.07s  timestep=17s  day=12.3
2025/08/21 02:01:04 iteration 62934  walltime=  1.41h  Δwalltime=0.069s  timestep=17s  day=12.3
2025/08/21 02:01:06 iteration 62961  walltime=  1.41h  Δwalltime=0.071s  timestep=17s  day=12.3
2025/08/21 02:01:08 iteration 62989  walltime=  1.41h  Δwalltime=0.069s  timestep=17s  day=12.4
2025/08/21 02:01:10 iteration 63015  walltime=  1.41h  Δwalltime=0.07s  timestep=17s  day=12.4
2025/08/21 02:01:12 iteration 63043  walltime=  1.41h  Δwalltime=0.082s  timestep=17s  day=12.4
2025/08/21 02:01:14 iteration 63070  walltime=  1.41h  Δwalltime=0.071s  timestep=17s  day=12.4
2025/08/21 02:01:16 iteration 63096  walltime=  1.41h  Δwalltime=0.076s  timestep=17s  day=12.4
2025/08/21 02:01:18 iteration 63122  walltime=  1.41h  Δwalltime=0.069s  timestep=17s  day=12.4
2025/08/21 02:01:20 iteration 63150  walltime=  1.41h  Δwalltime=0.08s  timestep=17s  day=12.4
2025/08/21 02:01:21 Percent change since last convergence check:
VOC:			0.025%
VOC pop-wtd:		0.0026%
SOA:			0.042%
SOA pop-wtd:		0.004%
PrimaryPM25:		0.014%
PrimaryPM25 pop-wtd:	0.0012%
NH3:			0.015%
NH3 pop-wtd:		0.0074%
pNH4:			0.033%
pNH4 pop-wtd:		0.0086%
SOx:			1.4e-05%
SOx pop-wtd:		1.4e-07%
pSO4:			0.017%
pSO4 pop-wtd:		0.004%
NOx:			0.12%
NOx pop-wtd:		0.031%
pNO3:			0.1%
pNO3 pop-wtd:		0.045%
2025/08/21 02:01:22 iteration 63174  walltime=  1.41h  Δwalltime=0.071s  timestep=17s  day=12.4
2025/08/21 02:01:24 iteration 63200  walltime=  1.41h  Δwalltime=0.073s  timestep=17s  day=12.4
2025/08/21 02:01:26 iteration 63226  walltime=  1.41h  Δwalltime=0.087s  timestep=17s  day=12.4
2025/08/21 02:01:28 iteration 63253  walltime=  1.41h  Δwalltime=0.085s  timestep=17s  day=12.4
2025/08/21 02:01:30 iteration 63280  walltime=  1.42h  Δwalltime=0.071s  timestep=17s  day=12.4
2025/08/21 02:01:32 iteration 63306  walltime=  1.42h  Δwalltime=0.074s  timestep=17s  day=12.4
2025/08/21 02:01:34 iteration 63333  walltime=  1.42h  Δwalltime=0.072s  timestep=17s  day=12.4
2025/08/21 02:01:36 iteration 63361  walltime=  1.42h  Δwalltime=0.082s  timestep=17s  day=12.4
2025/08/21 02:01:38 iteration 63388  walltime=  1.42h  Δwalltime=0.069s  timestep=17s  day=12.4
2025/08/21 02:01:40 iteration 63416  walltime=  1.42h  Δwalltime=0.068s  timestep=17s  day=12.4
2025/08/21 02:01:42 iteration 63443  walltime=  1.42h  Δwalltime=0.081s  timestep=17s  day=12.4
2025/08/21 02:01:44 iteration 63468  walltime=  1.42h  Δwalltime=0.072s  timestep=17s  day=12.4
2025/08/21 02:01:46 iteration 63496  walltime=  1.42h  Δwalltime=0.081s  timestep=17s  day=12.5
2025/08/21 02:01:48 iteration 63524  walltime=  1.42h  Δwalltime=0.084s  timestep=17s  day=12.5
2025/08/21 02:01:50 iteration 63550  walltime=  1.42h  Δwalltime=0.069s  timestep=17s  day=12.5
2025/08/21 02:01:52 iteration 63578  walltime=  1.42h  Δwalltime=0.075s  timestep=17s  day=12.5
2025/08/21 02:01:54 iteration 63605  walltime=  1.42h  Δwalltime= 0.1s  timestep=17s  day=12.5
2025/08/21 02:01:56 iteration 63631  walltime=  1.42h  Δwalltime=0.069s  timestep=17s  day=12.5
2025/08/21 02:01:58 iteration 63659  walltime=  1.42h  Δwalltime=0.075s  timestep=17s  day=12.5
2025/08/21 02:02:00 iteration 63685  walltime=  1.42h  Δwalltime=0.08s  timestep=17s  day=12.5
2025/08/21 02:02:02 iteration 63713  walltime=  1.42h  Δwalltime=0.074s  timestep=17s  day=12.5
2025/08/21 02:02:04 iteration 63740  walltime=  1.42h  Δwalltime=0.082s  timestep=17s  day=12.5
2025/08/21 02:02:06 iteration 63766  walltime=  1.43h  Δwalltime=0.07s  timestep=17s  day=12.5
2025/08/21 02:02:08 iteration 63793  walltime=  1.43h  Δwalltime=0.083s  timestep=17s  day=12.5
2025/08/21 02:02:09 Percent change since last convergence check:
VOC:			0.024%
VOC pop-wtd:		0.0025%
SOA:			0.04%
SOA pop-wtd:		0.0038%
PrimaryPM25:		0.013%
PrimaryPM25 pop-wtd:	0.0011%
NH3:			0.014%
NH3 pop-wtd:		0.007%
pNH4:			0.031%
pNH4 pop-wtd:		0.0082%
SOx:			1.2e-05%
SOx pop-wtd:		1.2e-07%
pSO4:			0.016%
pSO4 pop-wtd:		0.0038%
NOx:			0.11%
NOx pop-wtd:		0.03%
pNO3:			0.1%
pNO3 pop-wtd:		0.043%
2025/08/21 02:02:10 iteration 63818  walltime=  1.43h  Δwalltime=0.087s  timestep=17s  day=12.5
2025/08/21 02:02:12 iteration 63844  walltime=  1.43h  Δwalltime=0.07s  timestep=17s  day=12.5
2025/08/21 02:02:14 iteration 63871  walltime=  1.43h  Δwalltime=0.074s  timestep=17s  day=12.5
2025/08/21 02:02:16 iteration 63899  walltime=  1.43h  Δwalltime=0.082s  timestep=17s  day=12.5
2025/08/21 02:02:18 iteration 63926  walltime=  1.43h  Δwalltime=0.069s  timestep=17s  day=12.5
2025/08/21 02:02:20 iteration 63953  walltime=  1.43h  Δwalltime=0.07s  timestep=17s  day=12.5
2025/08/21 02:02:22 iteration 63980  walltime=  1.43h  Δwalltime=0.069s  timestep=17s  day=12.5
2025/08/21 02:02:24 iteration 64006  walltime=  1.43h  Δwalltime=0.069s  timestep=17s  day=12.6
2025/08/21 02:02:26 iteration 64033  walltime=  1.43h  Δwalltime=0.07s  timestep=17s  day=12.6
2025/08/21 02:02:28 iteration 64059  walltime=  1.43h  Δwalltime=0.083s  timestep=17s  day=12.6
2025/08/21 02:02:30 iteration 64087  walltime=  1.43h  Δwalltime=0.07s  timestep=17s  day=12.6
2025/08/21 02:02:32 iteration 64114  walltime=  1.43h  Δwalltime=0.07s  timestep=17s  day=12.6
2025/08/21 02:02:34 iteration 64140  walltime=  1.43h  Δwalltime=0.081s  timestep=17s  day=12.6
2025/08/21 02:02:36 iteration 64167  walltime=  1.43h  Δwalltime=0.073s  timestep=17s  day=12.6
2025/08/21 02:02:38 iteration 64195  walltime=  1.43h  Δwalltime=0.072s  timestep=17s  day=12.6
2025/08/21 02:02:40 iteration 64221  walltime=  1.43h  Δwalltime=0.077s  timestep=17s  day=12.6
2025/08/21 02:02:42 iteration 64248  walltime=  1.44h  Δwalltime=0.069s  timestep=17s  day=12.6
2025/08/21 02:02:44 iteration 64275  walltime=  1.44h  Δwalltime=0.071s  timestep=17s  day=12.6
2025/08/21 02:02:46 iteration 64302  walltime=  1.44h  Δwalltime=0.068s  timestep=17s  day=12.6
2025/08/21 02:02:48 iteration 64330  walltime=  1.44h  Δwalltime=0.072s  timestep=17s  day=12.6
2025/08/21 02:02:50 iteration 64357  walltime=  1.44h  Δwalltime=0.074s  timestep=17s  day=12.6
2025/08/21 02:02:52 iteration 64383  walltime=  1.44h  Δwalltime=0.09s  timestep=17s  day=12.6
2025/08/21 02:02:54 iteration 64410  walltime=  1.44h  Δwalltime=0.07s  timestep=17s  day=12.6
2025/08/21 02:02:56 iteration 64438  walltime=  1.44h  Δwalltime=0.078s  timestep=17s  day=12.6
2025/08/21 02:02:56 Percent change since last convergence check:
VOC:			0.023%
VOC pop-wtd:		0.0023%
SOA:			0.038%
SOA pop-wtd:		0.0036%
PrimaryPM25:		0.012%
PrimaryPM25 pop-wtd:	0.001%
NH3:			0.014%
NH3 pop-wtd:		0.0066%
pNH4:			0.029%
pNH4 pop-wtd:		0.0077%
SOx:			1.1e-05%
SOx pop-wtd:		1.1e-07%
pSO4:			0.015%
pSO4 pop-wtd:		0.0036%
NOx:			0.11%
NOx pop-wtd:		0.029%
pNO3:			0.096%
pNO3 pop-wtd:		0.041%
2025/08/21 02:02:58 iteration 64463  walltime=  1.44h  Δwalltime=0.069s  timestep=17s  day=12.6
2025/08/21 02:03:00 iteration 64490  walltime=  1.44h  Δwalltime=0.072s  timestep=17s  day=12.6
2025/08/21 02:03:02 iteration 64515  walltime=  1.44h  Δwalltime=0.082s  timestep=17s  day=12.7
2025/08/21 02:03:04 iteration 64541  walltime=  1.44h  Δwalltime=0.075s  timestep=17s  day=12.7
2025/08/21 02:03:06 iteration 64568  walltime=  1.44h  Δwalltime=0.072s  timestep=17s  day=12.7
2025/08/21 02:03:08 iteration 64594  walltime=  1.44h  Δwalltime=0.07s  timestep=17s  day=12.7
2025/08/21 02:03:10 iteration 64622  walltime=  1.44h  Δwalltime=0.073s  timestep=17s  day=12.7
2025/08/21 02:03:12 iteration 64649  walltime=  1.44h  Δwalltime=0.078s  timestep=17s  day=12.7
2025/08/21 02:03:14 iteration 64675  walltime=  1.44h  Δwalltime=0.072s  timestep=17s  day=12.7
2025/08/21 02:03:16 iteration 64704  walltime=  1.44h  Δwalltime=0.071s  timestep=17s  day=12.7
2025/08/21 02:03:18 iteration 64732  walltime=  1.45h  Δwalltime=0.074s  timestep=17s  day=12.7
2025/08/21 02:03:20 iteration 64758  walltime=  1.45h  Δwalltime=0.085s  timestep=17s  day=12.7
2025/08/21 02:03:22 iteration 64785  walltime=  1.45h  Δwalltime=0.073s  timestep=17s  day=12.7
2025/08/21 02:03:24 iteration 64812  walltime=  1.45h  Δwalltime=0.073s  timestep=17s  day=12.7
2025/08/21 02:03:26 iteration 64838  walltime=  1.45h  Δwalltime=0.069s  timestep=17s  day=12.7
2025/08/21 02:03:28 iteration 64865  walltime=  1.45h  Δwalltime=0.073s  timestep=17s  day=12.7
2025/08/21 02:03:30 iteration 64892  walltime=  1.45h  Δwalltime=0.081s  timestep=17s  day=12.7
2025/08/21 02:03:32 iteration 64919  walltime=  1.45h  Δwalltime=0.071s  timestep=17s  day=12.7
2025/08/21 02:03:34 iteration 64946  walltime=  1.45h  Δwalltime=0.07s  timestep=17s  day=12.7
2025/08/21 02:03:36 iteration 64972  walltime=  1.45h  Δwalltime=0.079s  timestep=17s  day=12.7
2025/08/21 02:03:38 iteration 65000  walltime=  1.45h  Δwalltime=0.068s  timestep=17s  day=12.7
2025/08/21 02:03:40 iteration 65027  walltime=  1.45h  Δwalltime=0.07s  timestep=17s  day=12.8
2025/08/21 02:03:42 iteration 65053  walltime=  1.45h  Δwalltime=0.071s  timestep=17s  day=12.8
2025/08/21 02:03:44 Percent change since last convergence check:
VOC:			0.022%
VOC pop-wtd:		0.0022%
SOA:			0.036%
SOA pop-wtd:		0.0034%
PrimaryPM25:		0.012%
PrimaryPM25 pop-wtd:	0.00098%
NH3:			0.013%
NH3 pop-wtd:		0.0062%
pNH4:			0.028%
pNH4 pop-wtd:		0.0073%
SOx:			9.6e-06%
SOx pop-wtd:		9.4e-08%
pSO4:			0.015%
pSO4 pop-wtd:		0.0033%
NOx:			0.1%
NOx pop-wtd:		0.028%
pNO3:			0.092%
pNO3 pop-wtd:		0.04%
2025/08/21 02:03:44 iteration 65079  walltime=  1.45h  Δwalltime=0.071s  timestep=17s  day=12.8
2025/08/21 02:03:46 iteration 65106  walltime=  1.45h  Δwalltime=0.069s  timestep=17s  day=12.8
2025/08/21 02:03:48 iteration 65133  walltime=  1.45h  Δwalltime=0.069s  timestep=17s  day=12.8
2025/08/21 02:03:50 iteration 65161  walltime=  1.45h  Δwalltime=0.069s  timestep=17s  day=12.8
2025/08/21 02:03:52 iteration 65187  walltime=  1.45h  Δwalltime=0.089s  timestep=17s  day=12.8
2025/08/21 02:03:54 iteration 65214  walltime=  1.46h  Δwalltime=0.07s  timestep=17s  day=12.8
2025/08/21 02:03:56 iteration 65241  walltime=  1.46h  Δwalltime=0.07s  timestep=17s  day=12.8
2025/08/21 02:03:58 iteration 65268  walltime=  1.46h  Δwalltime=0.069s  timestep=17s  day=12.8
2025/08/21 02:04:00 iteration 65295  walltime=  1.46h  Δwalltime=0.075s  timestep=17s  day=12.8
2025/08/21 02:04:02 iteration 65322  walltime=  1.46h  Δwalltime=0.07s  timestep=17s  day=12.8
2025/08/21 02:04:04 iteration 65349  walltime=  1.46h  Δwalltime=0.083s  timestep=17s  day=12.8
2025/08/21 02:04:06 iteration 65376  walltime=  1.46h  Δwalltime=0.076s  timestep=17s  day=12.8
2025/08/21 02:04:08 iteration 65404  walltime=  1.46h  Δwalltime=0.071s  timestep=17s  day=12.8
2025/08/21 02:04:10 iteration 65430  walltime=  1.46h  Δwalltime=0.077s  timestep=17s  day=12.8
2025/08/21 02:04:12 iteration 65458  walltime=  1.46h  Δwalltime=0.07s  timestep=17s  day=12.8
2025/08/21 02:04:14 iteration 65485  walltime=  1.46h  Δwalltime=0.071s  timestep=17s  day=12.8
2025/08/21 02:04:16 iteration 65512  walltime=  1.46h  Δwalltime=0.076s  timestep=17s  day=12.8
2025/08/21 02:04:18 iteration 65538  walltime=  1.46h  Δwalltime=0.07s  timestep=17s  day=12.9
2025/08/21 02:04:20 iteration 65566  walltime=  1.46h  Δwalltime=0.08s  timestep=17s  day=12.9
2025/08/21 02:04:22 iteration 65593  walltime=  1.46h  Δwalltime=0.07s  timestep=17s  day=12.9
2025/08/21 02:04:24 iteration 65620  walltime=  1.46h  Δwalltime=0.071s  timestep=17s  day=12.9
2025/08/21 02:04:26 iteration 65647  walltime=  1.46h  Δwalltime=0.075s  timestep=17s  day=12.9
2025/08/21 02:04:28 iteration 65673  walltime=  1.46h  Δwalltime=0.078s  timestep=17s  day=12.9
2025/08/21 02:04:30 iteration 65701  walltime=  1.47h  Δwalltime=0.08s  timestep=17s  day=12.9
2025/08/21 02:04:31 Percent change since last convergence check:
VOC:			0.02%
VOC pop-wtd:		0.0021%
SOA:			0.034%
SOA pop-wtd:		0.0032%
PrimaryPM25:		0.011%
PrimaryPM25 pop-wtd:	0.00092%
NH3:			0.012%
NH3 pop-wtd:		0.0059%
pNH4:			0.026%
pNH4 pop-wtd:		0.0069%
SOx:			8.5e-06%
SOx pop-wtd:		8.2e-08%
pSO4:			0.014%
pSO4 pop-wtd:		0.0031%
NOx:			0.1%
NOx pop-wtd:		0.027%
pNO3:			0.089%
pNO3 pop-wtd:		0.038%
2025/08/21 02:04:32 iteration 65726  walltime=  1.47h  Δwalltime=0.082s  timestep=17s  day=12.9
2025/08/21 02:04:34 iteration 65753  walltime=  1.47h  Δwalltime=0.072s  timestep=17s  day=12.9
2025/08/21 02:04:36 iteration 65780  walltime=  1.47h  Δwalltime=0.068s  timestep=17s  day=12.9
2025/08/21 02:04:38 iteration 65808  walltime=  1.47h  Δwalltime=0.075s  timestep=17s  day=12.9
2025/08/21 02:04:40 iteration 65835  walltime=  1.47h  Δwalltime=0.069s  timestep=17s  day=12.9
2025/08/21 02:04:42 iteration 65863  walltime=  1.47h  Δwalltime=0.071s  timestep=17s  day=12.9
2025/08/21 02:04:44 iteration 65888  walltime=  1.47h  Δwalltime=0.084s  timestep=17s  day=12.9
2025/08/21 02:04:46 iteration 65916  walltime=  1.47h  Δwalltime=0.076s  timestep=17s  day=12.9
2025/08/21 02:04:48 iteration 65943  walltime=  1.47h  Δwalltime=0.07s  timestep=17s  day=12.9
2025/08/21 02:04:50 iteration 65970  walltime=  1.47h  Δwalltime=0.07s  timestep=17s  day=12.9
2025/08/21 02:04:52 iteration 65997  walltime=  1.47h  Δwalltime=0.078s  timestep=17s  day=12.9
2025/08/21 02:04:54 iteration 66025  walltime=  1.47h  Δwalltime=0.076s  timestep=17s  day=12.9
2025/08/21 02:04:56 iteration 66052  walltime=  1.47h  Δwalltime=0.077s  timestep=17s  day=13
2025/08/21 02:04:58 iteration 66079  walltime=  1.47h  Δwalltime=0.074s  timestep=17s  day=13
2025/08/21 02:05:00 iteration 66106  walltime=  1.47h  Δwalltime=0.069s  timestep=17s  day=13
2025/08/21 02:05:02 iteration 66130  walltime=  1.47h  Δwalltime=0.074s  timestep=17s  day=13
2025/08/21 02:05:04 iteration 66158  walltime=  1.47h  Δwalltime=0.07s  timestep=17s  day=13
2025/08/21 02:05:06 iteration 66181  walltime=  1.48h  Δwalltime=0.073s  timestep=17s  day=13
2025/08/21 02:05:08 iteration 66208  walltime=  1.48h  Δwalltime=0.07s  timestep=17s  day=13
2025/08/21 02:05:10 iteration 66234  walltime=  1.48h  Δwalltime=0.069s  timestep=17s  day=13
2025/08/21 02:05:12 iteration 66261  walltime=  1.48h  Δwalltime=0.088s  timestep=17s  day=13
2025/08/21 02:05:14 iteration 66288  walltime=  1.48h  Δwalltime=0.079s  timestep=17s  day=13
2025/08/21 02:05:16 iteration 66314  walltime=  1.48h  Δwalltime=0.069s  timestep=17s  day=13
2025/08/21 02:05:18 iteration 66340  walltime=  1.48h  Δwalltime=0.069s  timestep=17s  day=13
2025/08/21 02:05:19 Percent change since last convergence check:
VOC:			0.019%
VOC pop-wtd:		0.002%
SOA:			0.032%
SOA pop-wtd:		0.003%
PrimaryPM25:		0.01%
PrimaryPM25 pop-wtd:	0.00087%
NH3:			0.012%
NH3 pop-wtd:		0.0056%
pNH4:			0.025%
pNH4 pop-wtd:		0.0065%
SOx:			7.6e-06%
SOx pop-wtd:		7.2e-08%
pSO4:			0.013%
pSO4 pop-wtd:		0.003%
NOx:			0.096%
NOx pop-wtd:		0.026%
pNO3:			0.085%
pNO3 pop-wtd:		0.037%
2025/08/21 02:05:22 Elapsed time: 1.516614 hours
=== Finished run: current_easyhard_FoodAgr_base ===
